레시피ID,썸네일URL
7023640,https://recipe1.ezmember.co.kr/cache/recipe/2024/04/04/f1af0b95091f467878ffb734fe3ec7011_f.jpg
7014484,https://recipe1.ezmember.co.kr/cache/recipe/2023/11/27/06d71f75e9075d79d4adb79ac07293561_f.png
7045377,https://recipe1.ezmember.co.kr/cache/recipe/2025/02/19/289273586ce52c702ff61dd4bdee68fa1_f.jpg
7003451,https://recipe1.ezmember.co.kr/cache/recipe/2023/06/05/675544d0a4e97359ee7623cb4513dbca1_f.jpg
7004960,https://recipe1.ezmember.co.kr/cache/recipe/2023/06/29/f95b5d248bae9cd1f50ea853df7cfdf21_f.jpg
7018922,https://recipe1.ezmember.co.kr/cache/recipe/2024/01/30/fd46ceb3b81b2b62b77b43c80ee2d4221_f.jpg
6990828,https://recipe1.ezmember.co.kr/cache/recipe/2022/11/01/304b60c63348dde9cb5ff816551bbb751_f.jpg
7002301,https://recipe1.ezmember.co.kr/cache/recipe/2023/05/16/54cceb8507fe68ca3bdc2d98ac6977cd1_f.jpg
6988709,https://recipe1.ezmember.co.kr/cache/recipe/2022/10/05/b75e71a7b284b77b04892bfacd3dfe661_f.jpg
6953539,https://recipe1.ezmember.co.kr/cache/recipe/2021/02/16/61153bf7816901787cdb5558a3d8e1801_f.jpg
6925564,https://recipe1.ezmember.co.kr/cache/recipe/2020/01/21/4d15d0da42c194a37166dc41f4e7825d1_f.jpg
7027794,https://recipe1.ezmember.co.kr/cache/recipe/2024/06/07/a969f7cb0d9a648fc26cfd248bab4a9b1_f.jpg
6935331,https://recipe1.ezmember.co.kr/cache/recipe/2020/06/30/d77f639c047a6cf6d5afb463d9d210ce1_f.jpg
7017631,https://recipe1.ezmember.co.kr/cache/recipe/2024/01/12/aba6182568d2762bf92aa6e1de8e06d81_f.jpg
6994661,https://recipe1.ezmember.co.kr/cache/recipe/2023/01/02/5d8b1b3f3536b607c7ff2c720ebbec7e1_f.jpg
7027008,https://recipe1.ezmember.co.kr/cache/recipe/2024/05/24/4c28d87dbd0ad39f7793f43d1f7500ab1_f.jpg
6994439,https://recipe1.ezmember.co.kr/cache/recipe/2022/12/28/9f7ae8371922d6aeb5cbc7b8178d26741_f.jpg
6922432,https://recipe1.ezmember.co.kr/cache/recipe/2019/11/18/291439f9ff5a579ac9e04e5ade09af981_f.jpg
6918300,https://recipe1.ezmember.co.kr/cache/recipe/2019/08/23/dde5c3f44d10f5f8f55ac6fb181388ce1_f.jpg
6917038,https://recipe1.ezmember.co.kr/cache/recipe/2019/08/05/55c148d9192197e255cd03a40fb1a7821_f.jpg
6858529,https://recipe1.ezmember.co.kr/cache/recipe/2016/10/17/e552639482b295d27e271baaf24f212b1_f.png
6918734,https://recipe1.ezmember.co.kr/cache/recipe/2019/09/03/59622b4e2801fcd619af661c2e793e3c1_f.jpg
6919453,https://recipe1.ezmember.co.kr/cache/recipe/2019/09/18/f0f87da9414bf1e21687c51d01b83aba1_f.png
6990705,https://recipe1.ezmember.co.kr/cache/recipe/2022/10/31/27b5bb27ed40dbf52a820294077201c01_f.jpg
7004654,https://recipe1.ezmember.co.kr/cache/recipe/2023/06/23/ee4c5f28ba82c3a861038c1857b87fd01_f.jpg
6992061,https://recipe1.ezmember.co.kr/cache/recipe/2022/11/15/03091fe549ac4bc7de9343d7d709c9001_f.jpg
7013219,https://recipe1.ezmember.co.kr/cache/recipe/2023/11/09/226b0a31e59baed2fcfdb14b0bb8841b1_f.jpg
7057859,https://recipe1.ezmember.co.kr/cache/recipe/2025/07/14/6c37c89449baf4e51d466c907db503f11_f.jpg
6915356,https://recipe1.ezmember.co.kr/cache/recipe/2019/07/04/4bfef332d94395feeaabe4f8041bc8441_f.jpg
7020842,https://recipe1.ezmember.co.kr/cache/recipe/2024/02/26/510b4c4043631293e867b4eaa4cac9751_f.jpg
7019490,https://recipe1.ezmember.co.kr/cache/recipe/2024/02/06/376e9b89ead012e2309477803b0f6efa1_f.jpg
6901889,https://recipe1.ezmember.co.kr/cache/recipe/2018/12/13/b7a8dc13463fcdfd3683834c02471ab51_f.png
6918852,https://recipe1.ezmember.co.kr/cache/recipe/2019/09/06/89cf9ba08969ce34f978ad9f1afe89bb1_f.jpg
7054093,https://recipe1.ezmember.co.kr/cache/recipe/2025/05/30/07e45e1c2df51a720a181c39e0df99d31_f.jpg
7022766,https://recipe1.ezmember.co.kr/cache/recipe/2024/03/22/4b5b3f7bd5a11e0a35650c49596d0a8e1_f.jpg
6912205,https://recipe1.ezmember.co.kr/cache/recipe/2019/05/13/ca4756c5528a6d82381e5a93a087dfdb1_f.jpg
6924155,https://recipe1.ezmember.co.kr/cache/recipe/2019/12/26/558db2e1a2fee5350d9d64ed6d5b68fc1_f.jpg
6960089,https://recipe1.ezmember.co.kr/cache/recipe/2021/06/11/0cf417c97ad1f2eff6fa8f10d9a83fbd1_f.jpg
6981951,https://recipe1.ezmember.co.kr/cache/recipe/2022/06/22/98d96db27aed939fcaa955ba76a5f0791_f.jpg
6864389,https://recipe1.ezmember.co.kr/cache/recipe/2017/01/26/2cf7b66bf8e99e7c003955b755f51d321_f.png
6867166,https://recipe1.ezmember.co.kr/cache/recipe/2017/03/21/63729f059f926b02b41da077027cf4fb1_f.jpg
6900682,https://recipe1.ezmember.co.kr/cache/recipe/2018/11/23/7f7d4eb5fb2862601b6743d3ab62b27b1_f.png
6873881,https://recipe1.ezmember.co.kr/cache/recipe/2017/08/01/5f738e264f2d0ca3ddffc749071460c91_f.png
6961281,https://recipe1.ezmember.co.kr/cache/recipe/2021/07/06/69643d2c4ce995d5fb5ad7d0c4610e7e1_f.jpg
7002443,https://recipe1.ezmember.co.kr/cache/recipe/2023/05/18/44c74d970c984f419d0e01a736542c421_f.jpg
6927930,https://recipe1.ezmember.co.kr/cache/recipe/2020/03/05/9c8ad6595e61831e06df0507c50204351_f.jpg
6937451,https://recipe1.ezmember.co.kr/cache/recipe/2020/07/24/d93bef4fc04af96d86e304295f7e35b61_f.jpg
6869513,https://recipe1.ezmember.co.kr/cache/recipe/2017/05/09/9aec2d49134ed69e40e06075cc93efd41_f.png
6998851,https://recipe1.ezmember.co.kr/cache/recipe/2023/03/14/f2760ca061b990a50956255f418a27781_f.jpg
6894332,https://recipe1.ezmember.co.kr/cache/recipe/2018/08/17/3d53fcf59e4a2971af58a96858569e581_f.jpg
6905242,https://recipe1.ezmember.co.kr/cache/recipe/2019/01/25/abbe37802cf4166756795fbdcc4ac4d41_f.jpg
6928213,https://recipe1.ezmember.co.kr/cache/recipe/2020/03/09/ca17d9b06fc2b6ba699881f237986efd1_f.jpg
6872681,https://recipe1.ezmember.co.kr/cache/recipe/2017/07/13/d4cc4f6ef0b271a18ab8d3603b692b421_f.png
6872482,https://recipe1.ezmember.co.kr/cache/recipe/2017/07/10/1797f5df7335cf1a801aab2ee96d24431_f.png
7045801,https://recipe1.ezmember.co.kr/cache/recipe/2025/02/24/7f867af3b4b3338998c5e1f007db1ac31_f.jpg
6990948,https://recipe1.ezmember.co.kr/cache/recipe/2022/11/03/b467d46df111624219d5d932cdd329c31_f.jpg
7035279,https://recipe1.ezmember.co.kr/cache/recipe/2024/09/23/f7c2001763122918a743c948f762724b1_f.jpg
6933472,https://recipe1.ezmember.co.kr/cache/recipe/2020/05/29/afd76d89b0e5e03e2e393eb4410612ba1_f.jpg
6992226,https://recipe1.ezmember.co.kr/cache/recipe/2022/11/18/12f00416d81f0e265a829750b7df02151_f.jpg
6973429,https://recipe1.ezmember.co.kr/cache/recipe/2022/01/25/15b9ab8ffe932b5ac5e78f195d2b54721_f.jpg
6919026,https://recipe1.ezmember.co.kr/cache/recipe/2019/09/09/8e0e42552425332d1d17a498c03ec9a81_f.jpg
6889475,https://recipe1.ezmember.co.kr/cache/recipe/2018/05/24/8c3e103397f0547dbf018a0176428b0b1_f.jpg
6990117,https://recipe1.ezmember.co.kr/cache/recipe/2022/10/21/dd87beaf3ac05fb856e596ac46de34ef1_f.jpg
6961318,https://recipe1.ezmember.co.kr/cache/recipe/2021/07/06/38e6034b2f6a6d42ae9af355838050731_f.jpg
6876850,https://recipe1.ezmember.co.kr/cache/recipe/2017/09/21/5b024673c65ab45ac514715acaaaf1531_f.png
6918516,https://recipe1.ezmember.co.kr/cache/recipe/2019/08/29/d99fede8ea350399bda56254e8d52b271_f.png
6992821,https://recipe1.ezmember.co.kr/cache/recipe/2022/11/28/b432c7a69fd0d7f46ce65ebb0b1e5dee1_f.jpg
6882490,https://recipe1.ezmember.co.kr/cache/recipe/2018/01/18/21388f3f3dfb256a9ea813104d0ef3771_f.jpg
6894933,https://recipe1.ezmember.co.kr/cache/recipe/2018/08/29/75182a098fea157bda36866f31e7aa841_f.png
6990946,https://recipe1.ezmember.co.kr/cache/recipe/2022/11/03/46df2d95fcdc98fa92a29d96d376535c1_f.jpg
6892088,https://recipe1.ezmember.co.kr/cache/recipe/2018/07/20/9635738e689f034b9d7eca3e14b75e2f1_f.png
7044858,https://recipe1.ezmember.co.kr/cache/recipe/2025/02/14/423c7c9c2f47396961dc28b1c5deae8d1_f.png
6876326,https://recipe1.ezmember.co.kr/cache/recipe/2017/09/12/01f35962c4b0fbc9109e4c1eec074d0e1_f.png
6876451,https://recipe1.ezmember.co.kr/cache/recipe/2017/09/14/64caf27e7e94c518bfa33b457e3074901_f.png
7053709,https://recipe1.ezmember.co.kr/cache/recipe/2025/05/26/63b18815f93029ee543bc96d5804728b1_f.jpg
7019165,https://recipe1.ezmember.co.kr/cache/recipe/2024/02/02/5c0366141d5ff5d0a153d043ac6c10471_f.jpg
6938819,https://recipe1.ezmember.co.kr/cache/recipe/2020/08/10/973607e975ec73d448993fffb5f2806f1_f.jpg
6902870,https://recipe1.ezmember.co.kr/cache/recipe/2018/12/26/7f943f413222ec86aac397972ba4781d1_f.jpg
6960345,https://recipe1.ezmember.co.kr/cache/recipe/2021/06/15/531e7063a4e8e976d618cb30e3faebf01_f.jpg
6916363,https://recipe1.ezmember.co.kr/cache/recipe/2019/07/22/bd9717c5607ede9bdadd561c392588e91_f.png
6937518,https://recipe1.ezmember.co.kr/cache/recipe/2020/07/24/c599da802f35f12e11a53bbefd4700691_f.jpg
7028555,https://recipe1.ezmember.co.kr/cache/recipe/2024/06/18/15fb1377ca9448d3a4f47db34c5fc1dc1_f.jpg
6922613,https://recipe1.ezmember.co.kr/cache/recipe/2019/11/22/30783e9e191a3aaeddc56df95814e48c1_f.jpg
7004420,https://recipe1.ezmember.co.kr/cache/recipe/2023/06/20/e79f433821532259e83dca5e16d000011_f.jpg
6913969,https://recipe1.ezmember.co.kr/cache/recipe/2019/06/14/52b71d1f0e1d8af323c15460762f8e511_f.jpg
6929703,https://recipe1.ezmember.co.kr/cache/recipe/2020/03/30/69de8a1d862dcf7ccf2206be63bba1ac1_f.jpg
6990879,https://recipe1.ezmember.co.kr/cache/recipe/2022/11/02/66c21817b66d4058e5e285bd4d81cf8a1_f.jpg
6885108,https://recipe1.ezmember.co.kr/cache/recipe/2018/03/08/78034cd1bbaa761ea6b53a22a0381cf01_f.png
6904503,https://recipe1.ezmember.co.kr/cache/recipe/2019/01/16/af92609772ca0924acd5192dc6b256f21_f.png
7021009,https://recipe1.ezmember.co.kr/cache/recipe/2024/02/28/4a199c2f97f531da515c09d1164fa10a1_f.jpg
6919927,https://recipe1.ezmember.co.kr/cache/recipe/2019/09/30/b79ba18614892c5869b9fe7c78e466f41_f.jpg
6920254,https://recipe1.ezmember.co.kr/cache/recipe/2019/10/02/ab13f35ea4b05c5425f073f08a184d791_f.jpg
6859763,https://recipe1.ezmember.co.kr/cache/recipe/2016/11/03/52dbe5ad2e56827534485325b66c62341_f.png
6926979,https://recipe1.ezmember.co.kr/cache/recipe/2020/02/21/2ee53bdbfb6c49b9001beca8a5a42f221_f.jpg
6997925,https://recipe1.ezmember.co.kr/cache/recipe/2023/03/02/7b85b62ab5940176edb8939592a0d2e01_f.jpg
6889376,https://recipe1.ezmember.co.kr/cache/recipe/2018/05/23/a63eeab488713f3034e78bd3b302c5361_f.png
6922677,https://recipe1.ezmember.co.kr/cache/recipe/2019/11/25/524432ef5d4923e1f7a619cca4dcf6901_f.jpg
6959989,https://recipe1.ezmember.co.kr/cache/recipe/2021/06/10/a0a6a2fd8ec6ecd32429f0e47728bd711_f.jpg
6921948,https://recipe1.ezmember.co.kr/cache/recipe/2019/11/11/6b29438fe5d7cd54d0a2031606a1c2061_f.png
6923033,https://recipe1.ezmember.co.kr/cache/recipe/2019/11/27/6d964a02a7ca24c90dc5f76c9d4411f71_f.jpg
6952061,https://recipe1.ezmember.co.kr/cache/recipe/2021/01/26/10ff071d421fc4f4a3f58f9d935c75ec1_f.jpg
6983393,https://recipe1.ezmember.co.kr/cache/recipe/2022/07/12/af62a74e55ed404e388bfe23b38e27c31_f.jpg
6883112,https://recipe1.ezmember.co.kr/cache/recipe/2018/01/31/755216f43214f5ef82bfdcb05d934d311_f.png
6917514,https://recipe1.ezmember.co.kr/cache/recipe/2019/08/13/1e81d3b944f6493f4b25a4909c11d4581_f.jpg
6994169,https://recipe1.ezmember.co.kr/cache/recipe/2022/12/22/20ff36db5af8dd36fa8bcb1742ca18d61_f.jpg
6880280,https://recipe1.ezmember.co.kr/cache/recipe/2017/11/30/12e8d37116a1849b186fc3a2862136691_f.png
7018675,https://recipe1.ezmember.co.kr/cache/recipe/2024/01/26/36496c5c3f3ebccb7c6f4f3e52f725d61_f.jpg
6961102,https://recipe1.ezmember.co.kr/cache/recipe/2021/07/02/ed5d72408d0263bde30f5f11754991f11_f.jpg
6912120,https://recipe1.ezmember.co.kr/cache/recipe/2019/05/13/dd56fae6c06c44735892ad9f5dcd4d001_f.jpg
6864833,https://recipe1.ezmember.co.kr/cache/recipe/2017/02/06/fd078afdc24b144ced360356a2ceb2541_f.png
6994975,https://recipe1.ezmember.co.kr/cache/recipe/2023/01/06/de3735e7bad6819b46dfb7818eecb1f41_f.jpg
6865551,https://recipe1.ezmember.co.kr/cache/recipe/2017/02/20/c9da82b2b3b0fdab1daa3fc49612161f1_f.jpg
6923765,https://recipe1.ezmember.co.kr/cache/recipe/2019/12/19/42f11ad892ec00d5d5d4c4195042db241_f.png
7043236,https://recipe1.ezmember.co.kr/cache/recipe/2025/01/23/e6bef326292188ada9f00666b2d0a7b21_f.jpg
6959603,https://recipe1.ezmember.co.kr/cache/recipe/2021/06/02/a3d667bd34d29aaa23278b594c6eaa471_f.jpg
6990549,https://recipe1.ezmember.co.kr/cache/recipe/2022/10/28/0d9aaeb4d801ed99253fc956e6e325b21_f.jpg
6924438,https://recipe1.ezmember.co.kr/cache/recipe/2020/01/03/4927819ae84612ff9f3cba940466f90d1_f.jpg
6904816,https://recipe1.ezmember.co.kr/cache/recipe/2019/01/20/40bde68122664d319ea48d24810c32111_f.png
6900241,https://recipe1.ezmember.co.kr/cache/recipe/2018/11/16/329453ed26d9b6712803c439ef6655141_f.png
6864335,https://recipe1.ezmember.co.kr/cache/recipe/2017/01/25/77cd580b90c3d0d70958961e358b66c01_f.png
6902873,https://recipe1.ezmember.co.kr/cache/recipe/2018/12/26/3c35795a8a022648fc447ff37d2683cf1_f.jpg
7002744,https://recipe1.ezmember.co.kr/cache/recipe/2023/05/23/1aed10e1f773c1eda088baa9ca27eeac1_f.jpg
6927976,https://recipe1.ezmember.co.kr/cache/recipe/2020/03/03/5e50defedebf92e2b930bedab1333b0e1_f.jpg
6884795,https://recipe1.ezmember.co.kr/cache/recipe/2018/03/02/0d02c966f683717cd54ed849257f42b31_f.png
6917738,https://recipe1.ezmember.co.kr/cache/recipe/2019/08/16/51b80ffdfea6c1907c195aebfb66ff761_f.png
6960485,https://recipe1.ezmember.co.kr/cache/recipe/2021/06/17/4be69a0ad0ff8ed7cbe7f5a9c2b2c31d1_f.jpg
7032529,https://recipe1.ezmember.co.kr/cache/recipe/2024/08/14/90179d0ad4dd90fca8abd938e5db5fa11_f.jpg
7020140,https://recipe1.ezmember.co.kr/cache/recipe/2024/02/16/94e85fb15824036304e981fc4a9669461_f.jpg
6900998,https://recipe1.ezmember.co.kr/cache/recipe/2018/11/29/446218a198d1330b88605393a92e3d671_f.png
6948357,https://recipe1.ezmember.co.kr/cache/recipe/2020/12/11/4cff09dd44ca814f81a1c96e0fb8a8f01_f.png
6927016,https://recipe1.ezmember.co.kr/cache/recipe/2020/02/19/2ea4e467702c278df2558e7ea7c7adc31_f.jpg
6959466,https://recipe1.ezmember.co.kr/cache/recipe/2021/06/02/6b70d6f231b54acf99f6bcee4b0af4f61_f.jpg
6863798,https://recipe1.ezmember.co.kr/cache/recipe/2017/01/11/0c8e92e55ca816080f69c70279c669d01_f.png
6923909,https://recipe1.ezmember.co.kr/cache/recipe/2019/12/19/50bfe19be0a0ce663920b36f054892ab1_f.jpg
6987900,https://recipe1.ezmember.co.kr/cache/recipe/2022/09/22/537037dac907b77b7fd1c3e61c9a805b1_f.jpg
6914346,https://recipe1.ezmember.co.kr/cache/recipe/2019/06/18/015e9dc0aefd05ed45188c7af4b1e0471_f.jpg
6942776,https://recipe1.ezmember.co.kr/cache/recipe/2020/09/22/bcea86fa94e748e2c19448814ed0763e1_f.jpg
6979559,https://recipe1.ezmember.co.kr/cache/recipe/2022/05/18/ae1c43a940a3e4b021625cc911e26a641_f.jpg
6934170,https://recipe1.ezmember.co.kr/cache/recipe/2020/06/10/bdb4c659dd0ad1fdf1b2094d36bb64701_f.jpg
6857353,https://recipe1.ezmember.co.kr/cache/recipe/2016/09/23/06046dba1c889f26e98c0e73ebaaefd51_f.png
6992168,https://recipe1.ezmember.co.kr/cache/recipe/2022/11/17/664743962436a32899825e11d59148d71_f.jpg
6977387,https://recipe1.ezmember.co.kr/cache/recipe/2022/04/06/1f6bff3a693d4d607403beb74818a13a1_f.jpg
6927486,https://recipe1.ezmember.co.kr/cache/recipe/2020/02/26/17d030ab1bb5b2eb918490cfcb578a711_f.jpg
6989285,https://recipe1.ezmember.co.kr/cache/recipe/2022/10/12/1da168fca8ab785fa62e2fcad64597f21_f.jpg
6960603,https://recipe1.ezmember.co.kr/cache/recipe/2021/06/21/a9b8c131c845379641197e7e280fac1b1_f.jpg
6919139,https://recipe1.ezmember.co.kr/cache/recipe/2019/09/10/282e4f59925b7993cfa8f6d55209ad531_f.jpg
6921545,https://recipe1.ezmember.co.kr/cache/recipe/2019/10/31/fee4691af731a18f2ee4562b8943b9271_f.jpg
6877811,https://recipe1.ezmember.co.kr/cache/recipe/2017/10/13/634494f5488d7b12f8cbb536964c5def1_f.jpg
6894679,https://recipe1.ezmember.co.kr/cache/recipe/2018/08/24/14d6682e5b2f68338ce0a67e9019f1081_f.png
6927599,https://recipe1.ezmember.co.kr/cache/recipe/2020/02/27/bf8a8cf87a450637cc5e41cb10ddbbb01_f.png
6930738,https://recipe1.ezmember.co.kr/cache/recipe/2020/04/13/ba752831cd558dca1a1b2519f527027f1_f.jpg
6884698,https://recipe1.ezmember.co.kr/cache/recipe/2018/02/28/9b623be96833acdac5ffad77732fe6901_f.png
6942981,https://recipe1.ezmember.co.kr/cache/recipe/2020/09/22/600b236f7197125dc956fe7ad73aead21_f.jpg
6893047,https://recipe1.ezmember.co.kr/cache/recipe/2018/07/25/45db1a41b41ab31b97aada0b0cd006741_f.png
6914248,https://recipe1.ezmember.co.kr/cache/recipe/2019/06/17/b5d30b7b02641b11e4e46b574055f8781_f.jpg
6917028,https://recipe1.ezmember.co.kr/cache/recipe/2019/08/05/796e785eeee97946759ef431a3b804371_f.jpg
6893903,https://recipe1.ezmember.co.kr/cache/recipe/2018/08/10/855cf51c72fe228a6bc6d9d9f68f92761_f.png
6942926,https://recipe1.ezmember.co.kr/cache/recipe/2020/09/25/7b4d3524f2c471f764b7119558eb916e1_f.jpg
6858796,https://recipe1.ezmember.co.kr/cache/recipe/2016/10/21/67fa64ee4d94c1b232c888a96dbcf2901_f.png
6883265,https://recipe1.ezmember.co.kr/cache/recipe/2018/02/02/859579f7a64f3d662614a684603c69ca1_f.png
6896594,https://recipe1.ezmember.co.kr/cache/recipe/2018/09/27/78119bc0e5003948be292217c17565f91_f.png
6978403,https://recipe1.ezmember.co.kr/cache/recipe/2022/04/26/904b5aed4a740746f562b6e201c49aab1_f.jpg
6868598,https://recipe1.ezmember.co.kr/cache/recipe/2017/04/18/e3b4d64afcf49d05ee083abdb52a70a21_f.jpg
6992894,https://recipe1.ezmember.co.kr/cache/recipe/2022/11/29/eaf75ac70a29bb1c29a78313b5d73ea41_f.jpg
6897572,https://recipe1.ezmember.co.kr/cache/recipe/2018/10/11/c1176602012e5902ba54de098c4954b21_f.png
6931396,https://recipe1.ezmember.co.kr/cache/recipe/2020/04/20/3bfbb32ecf57d2ad4505cc74fd9ed6351_f.png
6943244,https://recipe1.ezmember.co.kr/cache/recipe/2020/09/28/e4e8c3033895591cd5335e8c430694931_f.jpg
6901863,https://recipe1.ezmember.co.kr/cache/recipe/2018/12/13/d70f620c5918afff6f5436fe74d29e0f1_f.png
6876865,https://recipe1.ezmember.co.kr/cache/recipe/2017/09/21/5ff51c0696f62e3c29957db91d8f47ed1_f.png
6924117,https://recipe1.ezmember.co.kr/cache/recipe/2019/12/26/87b8fd886eddee1302aa3a8541484d521_f.jpg
6898201,https://recipe1.ezmember.co.kr/cache/recipe/2018/10/19/5d657369fec1f1f4334b146ee7cd35b51_f.png
6923275,https://recipe1.ezmember.co.kr/cache/recipe/2019/12/05/ecd47b6f587d94b3759e4a75e09dce8a1_f.jpg
7003214,https://recipe1.ezmember.co.kr/cache/recipe/2023/06/01/479b908d98f6ce2bf02f784d21056a8b1_f.jpg
6880338,https://recipe1.ezmember.co.kr/cache/recipe/2017/12/01/db436ed5114007109b5589f31efbf8011_f.jpg
6930505,https://recipe1.ezmember.co.kr/cache/recipe/2020/04/09/eaa41d57ca9337c062b1e88ab1e5624d1_f.jpg
6920307,https://recipe1.ezmember.co.kr/cache/recipe/2019/10/02/4b96dc3d9240781025c56610acda0cc91_f.jpg
6915761,https://recipe1.ezmember.co.kr/cache/recipe/2019/07/12/58c624fac8233c2ee3eff329d66812841_f.jpg
6894986,https://recipe1.ezmember.co.kr/cache/recipe/2018/08/30/c43a00ed6bc8f6e91b6fdccc302ea4871_f.jpg
6994662,https://recipe1.ezmember.co.kr/cache/recipe/2023/01/02/87a7345c66fdd1e0426c201fdee85c2c1_f.jpg
6863843,https://recipe1.ezmember.co.kr/cache/recipe/2017/01/12/b51ab6d986ffc15a32add6169ce653df1_f.png
6938774,https://recipe1.ezmember.co.kr/cache/recipe/2020/08/05/5b6a641efc8350acf8f63a303afe97621_f.png
6944403,https://recipe1.ezmember.co.kr/cache/recipe/2020/10/14/da44e9e6fd9f3a710f6e86be3c58ea661_f.jpg
6935963,https://recipe1.ezmember.co.kr/cache/recipe/2020/07/07/b577724ea1f85b79f8b72572ac776b501_f.jpg
6985757,https://recipe1.ezmember.co.kr/cache/recipe/2022/08/09/c432e90843b42d34be4a51b551ac82d51_f.jpg
6929293,https://recipe1.ezmember.co.kr/cache/recipe/2020/03/24/82c6469f43fd99d4b8481366b6c343ea1_f.jpg
6993364,https://recipe1.ezmember.co.kr/cache/recipe/2022/12/07/c0588ccbe21b6aa6121995b43412ec8c1_f.jpg
6926468,https://recipe1.ezmember.co.kr/cache/recipe/2020/02/12/8086530685b39abc56d8b182e007710e1_f.jpg
6947116,https://recipe1.ezmember.co.kr/cache/recipe/2020/11/27/018125ae36e62f7b27e0aa32c1dda7821_f.jpg
6948043,https://recipe1.ezmember.co.kr/cache/recipe/2020/12/10/743f97ccf6f893271de2e8fd24f887da1_f.jpg
6925646,https://recipe1.ezmember.co.kr/cache/recipe/2020/01/22/cda0f3506dc0d19272c0195d6b70c4361_f.jpg
6939265,https://recipe1.ezmember.co.kr/cache/recipe/2020/08/12/f9b857015686c782edae5033c33170681_f.jpg
6926748,https://recipe1.ezmember.co.kr/cache/recipe/2020/02/13/5997cfd97148ba783a7ebe047bc4f5c31_f.jpg
6949373,https://recipe1.ezmember.co.kr/cache/recipe/2020/12/23/e911786648a2b3e7d35ea1abb23e8dcf1_f.png
6863377,https://recipe1.ezmember.co.kr/cache/recipe/2017/01/02/6a4ba287e73b5b18d143b5797b7a6fe01_f.png
6983452,https://recipe1.ezmember.co.kr/cache/recipe/2022/07/13/f9b84d55c4a6131286957099750a6db61_f.jpg
7005318,https://recipe1.ezmember.co.kr/cache/recipe/2023/07/04/00fff8c9db352a3fa2c4169202abfda31_f.jpg
6945967,https://recipe1.ezmember.co.kr/cache/recipe/2020/11/09/9f7f26c86df676a28af9e3cbaf8eadef1_f.jpg
7006505,https://recipe1.ezmember.co.kr/cache/recipe/2023/07/20/6236f3352f32f3f584e9682c3f891fc81_f.jpg
7003672,https://recipe1.ezmember.co.kr/cache/recipe/2023/06/08/d85ec977d69e35e57799bcb2b899535f1_f.jpg
6988685,https://recipe1.ezmember.co.kr/cache/recipe/2022/10/05/5ba8190d94c14d654228404f5d538d601_f.jpg
6856336,https://recipe1.ezmember.co.kr/cache/recipe/2016/09/02/5a50da5737e17cbdd26482aacaf912991_f.png
6916376,https://recipe1.ezmember.co.kr/cache/recipe/2019/07/22/7fc8b81cda7d8678536832804a4324f41_f.jpg
6926844,https://recipe1.ezmember.co.kr/cache/recipe/2020/02/17/357437f55e1b75235c28c2c07512ec131_f.png
6923076,https://recipe1.ezmember.co.kr/cache/recipe/2019/12/04/b62c6365b72c818b8fd94070b6b032ba1_f.jpg
6865812,https://recipe1.ezmember.co.kr/cache/recipe/2017/02/24/47aae6b8be23160212a2d9b384b2c47f1_f.jpg
6885381,https://recipe1.ezmember.co.kr/cache/recipe/2018/03/13/7559f747d4ae76ee64e0eb0d89301d121_f.png
7004787,https://recipe1.ezmember.co.kr/cache/recipe/2023/06/26/c88aa9c06f6b11b0040aa91a5ac35be91_f.jpg
6940478,https://recipe1.ezmember.co.kr/cache/recipe/2020/08/28/a67ffbeb315a7657e5802a0db41050df1_f.jpg
6864144,https://recipe1.ezmember.co.kr/cache/recipe/2017/01/20/87765b5ea83a9620ba4ec79b0e1089d51_f.png
6867611,https://recipe1.ezmember.co.kr/cache/recipe/2017/03/29/3ccdf188a816c67775206b9a5fd72c861_f.jpg
6917653,https://recipe1.ezmember.co.kr/cache/recipe/2019/08/14/6d36f59daad6d115a7fbcf004e6c86d21_f.jpg
6941267,https://recipe1.ezmember.co.kr/cache/recipe/2020/09/07/11f2b079cf848aca82b9b4d273b6b8891_f.jpg
6937626,https://recipe1.ezmember.co.kr/cache/recipe/2020/07/27/98240eb84e96996ca163b93b4ac7badc1_f.png
6899187,https://recipe1.ezmember.co.kr/cache/recipe/2018/11/02/6dcf32467facf3d79ed4094a866903681_f.png
7000792,https://recipe1.ezmember.co.kr/cache/recipe/2023/04/17/0845aa41547022c586d39ef36ccc284e1_f.jpg
6915641,https://recipe1.ezmember.co.kr/cache/recipe/2019/07/09/5b5edae4e303656ac764620754fd27dd1_f.jpg
6994497,https://recipe1.ezmember.co.kr/cache/recipe/2022/12/29/fd59f85b22a08b34002a2ccc29d3cd6d1_f.jpg
7004959,https://recipe1.ezmember.co.kr/cache/recipe/2023/06/29/d9a96296e1ed88780329eb00bc3f89f51_f.jpg
6978404,https://recipe1.ezmember.co.kr/cache/recipe/2022/04/26/edbc1aad4d8e65f9d410847325b64bc21_f.jpg
6955130,https://recipe1.ezmember.co.kr/cache/recipe/2021/03/15/0c1d7408963cc32aa8b0e79b68ba4f7b1_f.png
6929385,https://recipe1.ezmember.co.kr/cache/recipe/2020/03/25/4e5c7c4e8f1983b750d14f4524aff4ea1_f.jpg
6983615,https://recipe1.ezmember.co.kr/cache/recipe/2022/07/15/feebe8cd42aa50750b73df426b1b0be01_f.jpg
6996209,https://recipe1.ezmember.co.kr/cache/recipe/2023/01/31/88c0cb59a958f7ffe074cb2681192d481_f.jpg
6923701,https://recipe1.ezmember.co.kr/cache/recipe/2019/12/16/2482f9776eacb1809c63bc2d513a0a2d1_f.jpg
6861650,https://recipe1.ezmember.co.kr/cache/recipe/2016/11/29/93a6ce7e076999eabed05af1116ef7761_f.jpg
6898924,https://recipe1.ezmember.co.kr/cache/recipe/2018/10/29/1693ee73df1e6c42e0e0c07169a76cd31_f.png
6956470,https://recipe1.ezmember.co.kr/cache/recipe/2021/04/08/288454cf62a5316d6cefc7913620c4cc1_f.jpg
6945454,https://recipe1.ezmember.co.kr/cache/recipe/2020/10/26/69a20edffafcf84e82ed81f3c8723cd31_f.png
7017950,https://recipe1.ezmember.co.kr/cache/recipe/2024/01/17/d53262db591d782a0fe758846414510d1_f.jpg
6860486,https://recipe1.ezmember.co.kr/cache/recipe/2016/11/11/437303185b36d639dddc95a0be488b0e1_f.png
6959866,https://recipe1.ezmember.co.kr/cache/recipe/2021/06/08/55f342528263a72f993534f28e339fb81_f.jpg
6889541,https://recipe1.ezmember.co.kr/cache/recipe/2018/05/25/92007b65fcba0e8c49385b03dc574b411_f.png
6867165,https://recipe1.ezmember.co.kr/cache/recipe/2017/03/21/b252541d5251c0b47e8d281f34da55881_f.jpg
6960839,https://recipe1.ezmember.co.kr/cache/recipe/2021/06/24/de7640162fe4275a55b60943ec8d14721_f.jpg
6941779,https://recipe1.ezmember.co.kr/cache/recipe/2020/09/07/e393089dce0dc6e98382fa1b6e52cfd91_f.jpg
7074810,https://recipe1.ezmember.co.kr/cache/recipe/2026/04/16/49454daa2782c677f6e7509b1490cbe81_f.jpg
6925365,https://recipe1.ezmember.co.kr/cache/recipe/2020/01/20/e99c3849706345882f5725f22eba6f151_f.jpg
6865626,https://recipe1.ezmember.co.kr/cache/recipe/2017/02/21/e20fbb674a313b0264ba6af50c0d01f71_f.jpg
7021884,https://recipe1.ezmember.co.kr/cache/recipe/2024/03/11/193e63bc8c17e445b626738962762cf01_f.jpg
6914537,https://recipe1.ezmember.co.kr/cache/recipe/2019/06/20/8a08c088e38a23583161dc9985b183ce1_f.jpg
6862728,https://recipe1.ezmember.co.kr/cache/recipe/2016/12/16/75e1cdb4059cc4f5e3ca842a15729f8d1_f.jpg
6914717,https://recipe1.ezmember.co.kr/cache/recipe/2019/06/24/7584c98bbbc7af60f89de0c94d8ec8f71_f.jpg
6940394,https://recipe1.ezmember.co.kr/cache/recipe/2020/08/28/8f685100c041ba5637fab9dbf2a552c51_f.jpg
6931913,https://recipe1.ezmember.co.kr/cache/recipe/2020/04/27/1eb7f45e535adf4e49bb57796e78bbb61_f.jpg
6983817,https://recipe1.ezmember.co.kr/cache/recipe/2022/07/19/998efba1d8828854ecbc85a9721033671_f.jpg
6928468,https://recipe1.ezmember.co.kr/cache/recipe/2020/03/12/0711d977be95734bbd60f79bf8e9a0f91_f.jpg
6913463,https://recipe1.ezmember.co.kr/cache/recipe/2019/06/05/4003ee08d08f88ca19030e31bb2e36021_f.jpg
6898428,https://recipe1.ezmember.co.kr/cache/recipe/2018/10/22/9977d4284b5343951217cf871950d7821_f.png
6914970,https://recipe1.ezmember.co.kr/cache/recipe/2019/06/27/a31fdfca38b6ce50c651d4b78483c6bf1_f.jpg
6894622,https://recipe1.ezmember.co.kr/cache/recipe/2018/08/23/4d426a2da63aface6faa598c2cfb78711_f.jpg
6864138,https://recipe1.ezmember.co.kr/cache/recipe/2017/01/20/7f0a7fda1bbb7f38b87241ed6dabf84c1_f.png
7004786,https://recipe1.ezmember.co.kr/cache/recipe/2023/06/26/ddafa2842dcfd45319c22719df7ac5471_f.jpg
6871127,https://recipe1.ezmember.co.kr/cache/recipe/2017/06/13/0b31c2d1b384a33f6f054e3d593f2e9c1_f.jpg
6986168,https://recipe1.ezmember.co.kr/cache/recipe/2022/08/23/51a174f743f657a783e5166d71c5f2af1_f.jpg
6902823,https://recipe1.ezmember.co.kr/cache/recipe/2018/12/25/f5e69a1ea4da41cfa347507c61a2cf761_f.png
6919635,https://recipe1.ezmember.co.kr/cache/recipe/2019/09/23/929c529af6444d5844832a5b4c20e1de1_f.jpg
6972021,https://recipe1.ezmember.co.kr/cache/recipe/2022/01/03/7367755aa2b8772f01efb70acc8154421_f.jpg
6863597,https://recipe1.ezmember.co.kr/cache/recipe/2017/01/06/d8c3925ce7b9fd73feee3f3cfa9166431_f.png
6970490,https://recipe1.ezmember.co.kr/cache/recipe/2021/12/08/a3a5f1a66ca2a64f883dd081e648b0bb1_f.jpg
6900394,https://recipe1.ezmember.co.kr/cache/recipe/2018/11/19/1dac2beb07cbc69398327749605dd94d1_f.jpg
6926532,https://recipe1.ezmember.co.kr/cache/recipe/2020/02/10/3a35de54c8c23cd670afc3080d4b9bfb1_f.png
6856943,https://recipe1.ezmember.co.kr/cache/recipe/2016/09/13/e142f61965568ece454054136a9f267b1_f.png
6915243,https://recipe1.ezmember.co.kr/cache/recipe/2019/07/02/c978bca728ca3d93e886e3c288a52dbd1_f.jpg
6880282,https://recipe1.ezmember.co.kr/cache/recipe/2017/11/30/9191d62d2139b52c1d3d0a69cb53acd91_f.png
6916995,https://recipe1.ezmember.co.kr/cache/recipe/2019/08/02/12985df0047b73aefd93c6549f379d791_f.jpg
6865625,https://recipe1.ezmember.co.kr/cache/recipe/2017/02/21/6e79ab47d5669ffc79a5e99c8a7d5d451_f.jpg
6899191,https://recipe1.ezmember.co.kr/cache/recipe/2018/11/02/5d5755aa8fdc4751a48c52359dc39e371_f.png
6991420,https://recipe1.ezmember.co.kr/cache/recipe/2022/11/09/15320c8e4da387faf6783699dde7431d1_f.jpg
6972526,https://recipe1.ezmember.co.kr/cache/recipe/2022/01/11/452929b5b05dead88c38869a43169d201_f.jpg
6889081,https://recipe1.ezmember.co.kr/cache/recipe/2018/05/18/2846c1aba38b771a5025bc297c6a1eaf1_f.jpg
6863241,https://recipe1.ezmember.co.kr/cache/recipe/2016/12/29/06ef32e10c4104917b2cedda77816e0b1_f.png
6993041,https://recipe1.ezmember.co.kr/cache/recipe/2022/12/01/92c3145a35092bc6cc8c5941b8d765671_f.jpg
6866022,https://recipe1.ezmember.co.kr/cache/recipe/2017/02/28/5a553fc68364a454a0b40a9a08642ce21_f.jpg
6900951,https://recipe1.ezmember.co.kr/cache/recipe/2018/11/28/664dd5a195e7b2ac203059aad388de061_f.png
6981954,https://recipe1.ezmember.co.kr/cache/recipe/2022/06/22/5f2414f3ad43a9a221ea241fe890b36b1_f.jpg
6920994,https://recipe1.ezmember.co.kr/cache/recipe/2019/10/10/adaafa772d1ac2505d17db49a60dc2ae1_f.jpg
6973203,https://recipe1.ezmember.co.kr/cache/recipe/2023/01/20/e0afa6659480ff3f301b94c089c6ce0e1_f.jpg
6864052,https://recipe1.ezmember.co.kr/cache/recipe/2017/01/18/92b675e560f9f0bad2cc29cf1e0ae1f61_f.png
6977249,https://recipe1.ezmember.co.kr/cache/recipe/2022/04/04/dc221ef34be6e0b1fd580e4e9fe8337f1_f.jpg
6918847,https://recipe1.ezmember.co.kr/cache/recipe/2019/09/06/be706836c2ef2d4a9f27c85ac643e5de1_f.png
6925058,https://recipe1.ezmember.co.kr/cache/recipe/2020/01/13/e1e69f55428d792940c89bfb8e4e91911_f.png
6913909,https://recipe1.ezmember.co.kr/cache/recipe/2019/06/11/02b93bbe0622ec4459778084070acae61_f.jpg
6926383,https://recipe1.ezmember.co.kr/cache/recipe/2020/02/07/17bf84e6c113ab330233756f4503a4b51_f.jpg
6859394,https://recipe1.ezmember.co.kr/cache/recipe/2016/10/28/00055f63920936436784c555662df4781_f.png
6923770,https://recipe1.ezmember.co.kr/cache/recipe/2019/12/18/d2181d77edb99c9734a3c21c8ea3aba31_f.jpg
7007096,https://recipe1.ezmember.co.kr/cache/recipe/2023/08/01/6e29651d1ee5103dc0cdca2bf374d3ee1_f.jpg
6864948,https://recipe1.ezmember.co.kr/cache/recipe/2017/02/08/4f970d89d822607311d4e47c6c533b971_f.png
6888048,https://recipe1.ezmember.co.kr/cache/recipe/2018/04/30/313c53c84986edd848e1c64689b089551_f.png
6918366,https://recipe1.ezmember.co.kr/cache/recipe/2019/08/22/febfa15b2fbc000c908e58b20308fd211_f.jpg
6915099,https://recipe1.ezmember.co.kr/cache/recipe/2019/07/01/85ee5aa1869f6201b87945fc05c0e3771_f.jpg
6889542,https://recipe1.ezmember.co.kr/cache/recipe/2018/05/25/35cd044e9cb76dfc308256ec4eeb44c81_f.jpg
6862610,https://recipe1.ezmember.co.kr/cache/recipe/2016/12/14/d3c06ca7387782c932dec95bc52f297f1_f.jpg
6911075,https://recipe1.ezmember.co.kr/cache/recipe/2019/04/22/3411ac6ac88c62a92fdcf1df3415ba7e1_f.jpg
6926926,https://recipe1.ezmember.co.kr/cache/recipe/2020/02/19/c405e5da8d9c84491f3bbec3219380b51_f.jpg
6932692,https://recipe1.ezmember.co.kr/cache/recipe/2020/05/21/69923cb427828a08c1c73e9c0e5431751_f.jpg
6945614,https://recipe1.ezmember.co.kr/cache/recipe/2020/11/02/b818a53a9ccd5b16a71b8eba79fdf9ee1_f.jpg
6919899,https://recipe1.ezmember.co.kr/cache/recipe/2019/09/27/8cd9b3494cbdcfcd7a96fa1d8f76b4fb1_f.jpg
6922275,https://recipe1.ezmember.co.kr/cache/recipe/2019/11/15/b5dfe83f37a43036bac27dfa40b5c7a51_f.jpg
6927343,https://recipe1.ezmember.co.kr/cache/recipe/2020/02/24/b6775fe79bbe4ce5c62e893a17a308c21_f.jpg
7039557,https://recipe1.ezmember.co.kr/cache/recipe/2024/11/29/4f47d65992c53edb8f781a1a3c8a27621_f.jpg
6933785,https://recipe1.ezmember.co.kr/cache/recipe/2020/06/03/f567ee50faf8c12816c517d451da68901_f.jpg
6986099,https://recipe1.ezmember.co.kr/cache/recipe/2022/08/22/5a21203ec7cfb0ed196f490b5a4aeacb1_f.jpg
6919527,https://recipe1.ezmember.co.kr/cache/recipe/2019/09/20/8ce740ac876d2e1b1371b340b2b9866a1_f.jpg
6956959,https://recipe1.ezmember.co.kr/cache/recipe/2021/04/13/c922c3a615d5d502e22e2b5ae782b39b1_f.png
6894904,https://recipe1.ezmember.co.kr/cache/recipe/2018/08/28/3fcede6ed23d63974cf7520ebf39210e1_f.png
6915781,https://recipe1.ezmember.co.kr/cache/recipe/2019/07/12/0a1d5641a8f648cc60696ed62329e5531_f.jpg
6976786,https://recipe1.ezmember.co.kr/cache/recipe/2022/03/25/a3ef976ec675eec42b0ef90a30d95d1a1_f.jpg
6986116,https://recipe1.ezmember.co.kr/cache/recipe/2022/08/22/23a0fef8099e70dc9a1f72c58a6682be1_f.jpg
6933129,https://recipe1.ezmember.co.kr/cache/recipe/2020/05/22/e8ee6ab8d30207c6e7a1efd5b826d1d01_f.jpg
6935849,https://recipe1.ezmember.co.kr/cache/recipe/2020/07/06/8c0b4bd2fcdddb17c36c079dd378bd561_f.jpg
6921161,https://recipe1.ezmember.co.kr/cache/recipe/2019/10/22/d60f0b24fb592bc3b703d055b6258dc41_f.jpg
6946734,https://recipe1.ezmember.co.kr/cache/recipe/2020/11/19/dc7583f769f09cfd46353fe75093ac011_f.png
6921009,https://recipe1.ezmember.co.kr/cache/recipe/2019/10/18/ff88e87f9e903b65aa5f0b7c5105dc7c1_f.jpg
6860275,https://recipe1.ezmember.co.kr/cache/recipe/2016/11/09/25a16b4281447589311e88d6157410ce1_f.png
6992225,https://recipe1.ezmember.co.kr/cache/recipe/2022/11/18/664b035454d3f95cb337efc1c5971e6e1_f.jpg
6860847,https://recipe1.ezmember.co.kr/cache/recipe/2016/11/16/a82cc727c5fbc23f132cc4790d060c161_f.png
6922307,https://recipe1.ezmember.co.kr/cache/recipe/2019/11/15/1b58cbf5fe2589d417f04e43ba800ad91_f.jpg
6937434,https://recipe1.ezmember.co.kr/cache/recipe/2020/07/23/03ca539575040e98d9365323de861bd41_f.jpg
6909042,https://recipe1.ezmember.co.kr/cache/recipe/2019/03/21/edc8bcbfd34b821505ba42bf355ed6221_f.jpg
6919591,https://recipe1.ezmember.co.kr/cache/recipe/2019/09/23/4fbb657b4c5ba6f494800cc1220f30e51_f.png
6910124,https://recipe1.ezmember.co.kr/cache/recipe/2019/04/08/aadca50767b58e971a1d8afa1bde1e921_f.jpg
6895822,https://recipe1.ezmember.co.kr/cache/recipe/2018/09/14/b4b1a6fe85c1245d69fc21b339a54fb41_f.jpg
6883704,https://recipe1.ezmember.co.kr/cache/recipe/2018/02/09/59f4615ba4dfee3fa04e137012266ec31_f.png
6903217,https://recipe1.ezmember.co.kr/cache/recipe/2018/12/31/4ff95d526bdde3497de7487230099d101_f.png
6865441,https://recipe1.ezmember.co.kr/cache/recipe/2017/02/17/d7c42c4a4aa17550f3f63d0cbd5977cf1_f.jpg
6900894,https://recipe1.ezmember.co.kr/cache/recipe/2018/11/27/90cfbaafcd0ff9e016f5be98d8efacff1_f.png
6872318,https://recipe1.ezmember.co.kr/cache/recipe/2017/07/06/470c2a7b8148e7a2cf0b992f344b4a341_f.png
7022684,https://recipe1.ezmember.co.kr/cache/recipe/2024/03/21/4c1b303a6ad67a3c76ea38b6e2b535cf1_f.jpg
6973951,https://recipe1.ezmember.co.kr/cache/recipe/2022/02/04/d979da8315fcb3e3fd29fca20329d59a1_f.jpg
6923048,https://recipe1.ezmember.co.kr/cache/recipe/2019/11/29/9a6ecc72c5a47385d3dd24e581a0111e1_f.jpg
6913072,https://recipe1.ezmember.co.kr/cache/recipe/2019/05/30/63d1b7b36b8831afc5375708cfb3e16f1_f.jpg
6865180,https://recipe1.ezmember.co.kr/cache/recipe/2017/02/13/b0836f1ad75301d5f724e165f54e5ed71_f.png
6902545,https://recipe1.ezmember.co.kr/cache/recipe/2018/12/21/e976b62025aeb954c5359650482e6c851_f.png
6980095,https://recipe1.ezmember.co.kr/cache/recipe/2022/05/27/560c19c3b6d5e3653f58b94527950bba1_f.jpg
6933937,https://recipe1.ezmember.co.kr/cache/recipe/2020/06/05/5929c68954dbf12ba5cee530cae5f9251_f.jpg
6888310,https://recipe1.ezmember.co.kr/cache/recipe/2018/05/04/b6b20961a4af9d6cfec13caf2b4f55461_f.png
6999391,https://recipe1.ezmember.co.kr/cache/recipe/2023/03/22/99a4dde3a8f8ceff36b38d0a4f26861d1_f.jpg
6924729,https://recipe1.ezmember.co.kr/cache/recipe/2020/01/07/c68b15c9ac15f872c2612fe74013435a1_f.png
6900590,https://recipe1.ezmember.co.kr/cache/recipe/2018/11/22/e898fed2129fea9238442eaf2ecede5c1_f.png
6921092,https://recipe1.ezmember.co.kr/cache/recipe/2019/10/21/97f96646c21645ff76f9d923b5bcd8141_f.jpg
6926266,https://recipe1.ezmember.co.kr/cache/recipe/2020/02/03/5375d118c56efbdc9cc2b04db7233fd71_f.jpg
6864234,https://recipe1.ezmember.co.kr/cache/recipe/2017/06/29/04d292a40cbff814187acafe57d66ca61_f.png
6901410,https://recipe1.ezmember.co.kr/cache/recipe/2018/12/06/02af576e28abb6ca4c3d4fad30d75dc01_f.png
6971663,https://recipe1.ezmember.co.kr/cache/recipe/2021/12/27/86f5020af68261fc9359dc0bc02154621_f.jpg
6983613,https://recipe1.ezmember.co.kr/cache/recipe/2022/07/15/ce5f66a77adb2523e447e9febae23d7f1_f.jpg
6957776,https://recipe1.ezmember.co.kr/cache/recipe/2021/05/04/1c2ca998d5cd7096d48e7711dbf633d81_f.jpg
6959477,https://recipe1.ezmember.co.kr/cache/recipe/2021/06/02/cf8f32b262d5c40cb9fba0189e611de71_f.png
6885862,https://recipe1.ezmember.co.kr/cache/recipe/2018/03/21/481749e7766b74fc491828a6377ed2581_f.png
6890416,https://recipe1.ezmember.co.kr/cache/recipe/2018/06/07/42842f8de7c46c706fc3397912635cad1_f.jpg
7044002,https://recipe1.ezmember.co.kr/cache/recipe/2025/02/04/a04ee6bb117626359dbc6f45f2edcb7b1_f.jpg
6943798,https://recipe1.ezmember.co.kr/cache/recipe/2020/10/06/8123161826a8f6814ed718dbe2d058781_f.jpg
6901290,https://recipe1.ezmember.co.kr/cache/recipe/2018/12/04/09a39998ea4c1a0e974dd8fa32f65a041_f.png
6987500,https://recipe1.ezmember.co.kr/cache/recipe/2022/09/15/097651c3e1a97772a0e390e57afb81391_f.jpg
6924164,https://recipe1.ezmember.co.kr/cache/recipe/2019/12/26/fb3fbdc12e06b9d62c97d067a71500f51_f.jpg
6948082,https://recipe1.ezmember.co.kr/cache/recipe/2020/12/07/ca113a43954be2d2bdc2c1f36966ca011_f.jpg
6885998,https://recipe1.ezmember.co.kr/cache/recipe/2018/03/23/dc72de20168ea8690b64d622cc0beaf01_f.png
6960298,https://recipe1.ezmember.co.kr/cache/recipe/2021/06/15/78af4bfde5c08eb4db16c7db7bf9e9421_f.jpg
6922868,https://recipe1.ezmember.co.kr/cache/recipe/2019/11/28/02515ed63bf59e1b49c0185a18f801b21_f.jpg
6853554,https://recipe1.ezmember.co.kr/cache/recipe/2016/07/27/b5ee19c2a33bbb24e4e31b8f19f9079f1_f.png
6912889,https://recipe1.ezmember.co.kr/cache/recipe/2019/05/27/21640916af36f1089734fa31cc00d7d01_f.jpg
6995589,https://recipe1.ezmember.co.kr/cache/recipe/2023/01/17/051e84d7878f8ddc216a4efe8f6f484b1_f.jpg
6997631,https://recipe1.ezmember.co.kr/cache/recipe/2023/02/24/025ca9c1dff793ef0c3566dcbff91b5f1_f.jpg
6952749,https://recipe1.ezmember.co.kr/cache/recipe/2021/02/01/a6de8b7ab2b9287702c609843de77c3e1_f.jpg
6917204,https://recipe1.ezmember.co.kr/cache/recipe/2019/08/08/9a75f034ad84cc0e698abe680cbfebdd1_f.jpg
6965365,https://recipe1.ezmember.co.kr/cache/recipe/2021/09/17/55ff09b378e3f7fc60a5c637a04af0e11_f.jpg
6965101,https://recipe1.ezmember.co.kr/cache/recipe/2021/09/13/9e00a3f7302d3c859b6527592d6292c31_f.jpg
7035222,https://recipe1.ezmember.co.kr/cache/recipe/2024/09/25/9fd95cf6d7f341bac152760c83b346b41_f.jpg
6967188,https://recipe1.ezmember.co.kr/cache/recipe/2021/10/19/54dd357e8ef13a1268714f8d69c91f091_f.jpg
6929678,https://recipe1.ezmember.co.kr/cache/recipe/2020/03/30/ddac32970727039d422ff3a384f1f9b21_f.jpg
6961459,https://recipe1.ezmember.co.kr/cache/recipe/2021/07/09/fdab54cdd59773f724961f84a9ffc81e1_f.jpg
6977309,https://recipe1.ezmember.co.kr/cache/recipe/2022/04/05/3b8d2949d25cf3a7391a57f430169a961_f.jpg
6922420,https://recipe1.ezmember.co.kr/cache/recipe/2019/11/18/3696dcf8df97428fc0d0dbcb8b5776c21_f.jpg
6923896,https://recipe1.ezmember.co.kr/cache/recipe/2019/12/19/1a024b8b54f5c6b56eeb363bd86a04d41_f.jpg
6950180,https://recipe1.ezmember.co.kr/cache/recipe/2021/01/06/3af4322bd09d65338ac4c902e3e677061_f.jpg
6927511,https://recipe1.ezmember.co.kr/cache/recipe/2020/02/26/596b0db4d8a1215db73a08463c4a028f1_f.jpg
6960927,https://recipe1.ezmember.co.kr/cache/recipe/2021/06/29/bcb6d4637b5e3710e9522bf1679233e61_f.jpg
6928174,https://recipe1.ezmember.co.kr/cache/recipe/2020/03/09/74d6df83513a2ce38242d762766e922d1_f.jpg
6923815,https://recipe1.ezmember.co.kr/cache/recipe/2019/12/18/d33ac003117146fd34bd440e93260e7f1_f.jpg
6890925,https://recipe1.ezmember.co.kr/cache/recipe/2018/06/15/897931c4e207fe8b50de0051c2eb30531_f.png
6901481,https://recipe1.ezmember.co.kr/cache/recipe/2018/12/07/406ee1798cbd79d26848bb10b29dc4471_f.png
6863436,https://recipe1.ezmember.co.kr/cache/recipe/2017/01/03/8152add734f50fbb50348bb643e04bf61_f.png
6920394,https://recipe1.ezmember.co.kr/cache/recipe/2019/10/08/aa4cda9d6f739fc0dc7942e71bedd63f1_f.jpg
6900955,https://recipe1.ezmember.co.kr/cache/recipe/2018/11/28/a6b43ee734d4864413f423bb7bf7f99c1_f.png
7009092,https://recipe1.ezmember.co.kr/cache/recipe/2023/09/01/d89190ba79f5b7c67cbea5d178c1e4211_f.jpg
6919089,https://recipe1.ezmember.co.kr/cache/recipe/2019/09/10/4b08868044bf6e402cf4fcd5145620241_f.png
6976106,https://recipe1.ezmember.co.kr/cache/recipe/2022/12/23/42c9ae0ca730ba76f3b20ae3f880c1b91_f.jpg
6881204,https://recipe1.ezmember.co.kr/cache/recipe/2017/12/21/7bafc55d611c1758b823eb7420c58fe71_f.png
6983394,https://recipe1.ezmember.co.kr/cache/recipe/2022/07/12/d7f1f30aaee7e5bde9deb36d5951ba141_f.jpg
6863470,https://recipe1.ezmember.co.kr/cache/recipe/2017/01/04/1c90c56ee2a8c9153b2456473c46ad661_f.png
7048686,https://recipe1.ezmember.co.kr/cache/recipe/2025/03/28/1b266ddf15aa5930c42640dfa4aecd591_f.jpg
6998852,https://recipe1.ezmember.co.kr/cache/recipe/2023/03/14/f73302e8fcab60b036b59b43ca544bc91_f.jpg
6904507,https://recipe1.ezmember.co.kr/cache/recipe/2019/01/16/1f9b24aedee3d87e62c1e456eb1060771_f.png
6926969,https://recipe1.ezmember.co.kr/cache/recipe/2020/02/17/61246cee738b6dbc21257826cadfbe311_f.jpg
6920646,https://recipe1.ezmember.co.kr/cache/recipe/2019/10/14/d1556a6f9a23b3926498665f8c05414a1_f.jpg
6912401,https://recipe1.ezmember.co.kr/cache/recipe/2019/05/16/70e4c9c06092e39ff76e1b3943efdce41_f.jpg
6921560,https://recipe1.ezmember.co.kr/cache/recipe/2019/10/31/62fdcc9d4188c65c3a0f93641dcc53fa1_f.jpg
6887167,https://recipe1.ezmember.co.kr/cache/recipe/2018/04/12/3bf2ded848d7fb5af01e19a6598da32f1_f.png
6886316,https://recipe1.ezmember.co.kr/cache/recipe/2018/03/29/38326cea980c7e5de021d23512a01cc31_f.png
6960579,https://recipe1.ezmember.co.kr/cache/recipe/2021/06/21/f4a9afba5927cc87107bea668dc314af1_f.jpg
6998785,https://recipe1.ezmember.co.kr/cache/recipe/2023/03/13/7374ad1330fa3dc2f9f030fbb57cd7b41_f.jpg
6940950,https://recipe1.ezmember.co.kr/cache/recipe/2020/08/31/d3ab75827f9484dbb41ac6c9c13fc0fc1_f.jpg
6961659,https://recipe1.ezmember.co.kr/cache/recipe/2021/07/13/8523ec13c767e87936a2cf273f56dd5c1_f.jpg
6931453,https://recipe1.ezmember.co.kr/cache/recipe/2020/04/24/51127de54bf502a16bca9e567b756b731_f.jpg
6961682,https://recipe1.ezmember.co.kr/cache/recipe/2021/07/13/13a9aa955b658a0ae33435ec3fe8532d1_f.jpg
6920896,https://recipe1.ezmember.co.kr/cache/recipe/2019/10/17/28bbfe7eee0634f64987e94fd22377fb1_f.jpg
7030707,https://recipe1.ezmember.co.kr/cache/recipe/2024/07/17/0e350e3fc545e97de49cebdbbd6772921_f.jpg
6999328,https://recipe1.ezmember.co.kr/cache/recipe/2023/03/21/1c6afc56410fc8d3fcc4cc740e72d4a31_f.jpg
6936141,https://recipe1.ezmember.co.kr/cache/recipe/2020/07/09/36138f57d4b4e8c65f979394c30c890c1_f.jpg
7064578,https://recipe1.ezmember.co.kr/cache/recipe/2025/10/16/9919353abd2ec7790896361e460e0ac61_f.png
6910689,https://recipe1.ezmember.co.kr/cache/recipe/2019/04/15/70a73cf68870eade55c7d8278ecd30de1_f.jpg
6889802,https://recipe1.ezmember.co.kr/cache/recipe/2018/05/29/232614f3b0d83bac824f0f2a838c521a1_f.png
6901798,https://recipe1.ezmember.co.kr/cache/recipe/2018/12/12/a7366891ce08965fa6968215ab4faa321_f.jpg
6919769,https://recipe1.ezmember.co.kr/cache/recipe/2019/09/25/06698072563905bf1b6a4b2d83f23e461_f.jpg
6898716,https://recipe1.ezmember.co.kr/cache/recipe/2018/10/26/8104048873d1efead4920d36fb066a611_f.png
6999822,https://recipe1.ezmember.co.kr/cache/recipe/2023/03/31/205d86b4436eace667630d184923f8e71_f.jpg
6975403,https://recipe1.ezmember.co.kr/cache/recipe/2022/03/03/c31eed32f5d545b4287f8e95f38afcac1_f.jpg
6929411,https://recipe1.ezmember.co.kr/cache/recipe/2020/03/25/93109e125a4c45c80745b32266312ab61_f.jpg
6912996,https://recipe1.ezmember.co.kr/cache/recipe/2019/05/30/f7fd3814386c4368cc73d8e4f4ada46a1_f.jpg
6912552,https://recipe1.ezmember.co.kr/cache/recipe/2019/05/20/0720a766d0acd3786e1b34512c25ec701_f.jpg
6897518,https://recipe1.ezmember.co.kr/cache/recipe/2018/10/10/3d92ce9b726b39b34839994fd4a305991_f.png
6954080,https://recipe1.ezmember.co.kr/cache/recipe/2021/02/23/c834137df822787af45b77a5f408b2531_f.jpg
6904814,https://recipe1.ezmember.co.kr/cache/recipe/2019/01/20/d018dd5b5df75ec74d4f72981ed892271_f.png
7013634,https://recipe1.ezmember.co.kr/cache/recipe/2023/11/15/e17dc5fbc0ddfaa80cdc14ac25dc71871_f.jpg
6917055,https://recipe1.ezmember.co.kr/cache/recipe/2019/08/05/feb7cdff5888540b7dd6d3274a7d70971_f.jpg
7002917,https://recipe1.ezmember.co.kr/cache/recipe/2023/05/26/a8caa7ed105f168f562e61a018c073cf1_f.jpg
6954301,https://recipe1.ezmember.co.kr/cache/recipe/2021/02/23/fdcb84388f0a5551c9b2f84ec10218881_f.jpg
6913186,https://recipe1.ezmember.co.kr/cache/recipe/2019/05/31/c47741aa84194d35c8abd24c473b041c1_f.jpg
6923092,https://recipe1.ezmember.co.kr/cache/recipe/2019/12/04/7ba17059d948f92274c3cbe24559ae231_f.jpg
6897098,https://recipe1.ezmember.co.kr/cache/recipe/2018/10/04/dbab5c3fc95444b6ad2475742f0594611_f.jpg
6925698,https://recipe1.ezmember.co.kr/cache/recipe/2020/01/30/27fe365f5c92034fc9512cdb6d74672d1_f.jpg
6919694,https://recipe1.ezmember.co.kr/cache/recipe/2019/09/24/e69067ed296666b4f3376841467f2cfa1_f.png
6960465,https://recipe1.ezmember.co.kr/cache/recipe/2021/06/17/ec79ccd62b24353c371b5a70175d32f51_f.jpg
6927287,https://recipe1.ezmember.co.kr/cache/recipe/2020/02/24/45e1bf8493398e0151d464edbd9e2a9a1_f.jpg
6986549,https://recipe1.ezmember.co.kr/cache/recipe/2022/08/30/5526d9a754a8191945580ecb53d78de71_f.jpg
6994016,https://recipe1.ezmember.co.kr/cache/recipe/2022/12/19/75efba3c181f61ef5d6ba06542a7ec1f1_f.jpg
7002796,https://recipe1.ezmember.co.kr/cache/recipe/2023/05/24/96cb8709a2e8ce3cf4f1dc81045852f71_f.jpg
6967509,https://recipe1.ezmember.co.kr/cache/recipe/2021/10/25/cb6f066dc746e70c7f56bca6a0f6d2fe1_f.jpg
6864145,https://recipe1.ezmember.co.kr/cache/recipe/2017/01/20/3fbc7dda0b3e51f4050beb056ceb59521_f.png
7023051,https://recipe1.ezmember.co.kr/cache/recipe/2024/03/27/7951b19a4d4288b3f6a8b77141eac9c11_f.jpg
6904405,https://recipe1.ezmember.co.kr/cache/recipe/2019/01/15/1f3b87cda168a96ef891e6c1e4d482fe1_f.png
6924665,https://recipe1.ezmember.co.kr/cache/recipe/2020/01/06/2b281371e336adffac9f4b99d01dca9e1_f.jpg
7033463,https://recipe1.ezmember.co.kr/cache/recipe/2024/08/29/11a1add09594d5b75d39a99c5c641e291_f.jpg
6934112,https://recipe1.ezmember.co.kr/cache/recipe/2020/06/10/dc21f20b12982d10db395094d3631f6c1_f.png
6860963,https://recipe1.ezmember.co.kr/cache/recipe/2016/11/17/22993234d37af4d488f942542a7850471_f.png
6943674,https://recipe1.ezmember.co.kr/cache/recipe/2020/10/05/29e1f3e32abe77259bcdd92235ca28b31_f.jpg
6962467,https://recipe1.ezmember.co.kr/cache/recipe/2021/07/28/6e7a85cc45e19ae57ce70e76470690031_f.jpg
6878595,https://recipe1.ezmember.co.kr/cache/recipe/2017/10/26/9cbd8a59ee03b74445f96eabc9b1c0561_f.png
6891643,https://recipe1.ezmember.co.kr/cache/recipe/2018/06/28/90c6d7222c86bbb6c22f1ff3a9e4a7c81_f.png
6900895,https://recipe1.ezmember.co.kr/cache/recipe/2018/11/27/8bbb29298334f6ee253855918118f4bc1_f.png
7079327,https://recipe1.ezmember.co.kr/cache/recipe/2026/07/11/d86f91c937926d1221113ead3878cc0f1_f.jpg
7079332,https://recipe1.ezmember.co.kr/cache/recipe/2026/07/11/8d28f50507cee8f37473a6e95c6d09cc1_f.jpg
7079162,https://recipe1.ezmember.co.kr/cache/recipe/2026/07/08/2cf74a9676626b2740e0943555c5d3fe1_f.jpg
7079246,https://recipe1.ezmember.co.kr/cache/recipe/2026/07/10/d645ccce629ca74f6b368f1ee9c8578c1_f.jpg
7078450,https://recipe1.ezmember.co.kr/cache/recipe/2026/06/25/ff8cc0b3eacc0509c0c7d35fc7df60bd1_f.jpg
7078514,https://recipe1.ezmember.co.kr/cache/recipe/2026/06/27/c83738aeb4a5e03168850f958d8b0d061_f.jpg
7074475,https://recipe1.ezmember.co.kr/cache/recipe/2026/04/09/ad82f6f2437406718a04ed21f242dc331_f.jpg
7065887,https://recipe1.ezmember.co.kr/cache/recipe/2025/11/07/3da118ba2d017500e14b7f834c9ac4de1_f.jpg
7077681,https://recipe1.ezmember.co.kr/cache/recipe/2026/06/13/95adbff4e3043de81a32207128441bbe1_f.jpg
7077568,https://recipe1.ezmember.co.kr/cache/recipe/2026/06/11/3cb05395c58b34375833089640673f891_f.jpg
7077611,https://recipe1.ezmember.co.kr/cache/recipe/2026/06/11/566d7d1db7ff280c627a5c682aa5d1bb1_f.jpg
7075886,https://recipe1.ezmember.co.kr/cache/recipe/2026/05/09/3e753650d0d6b48411a4d79517236ab01_f.jpg
7078980,https://recipe1.ezmember.co.kr/cache/recipe/2026/07/06/08f0b67b8b7b4dd2bcb12048652a97881_f.jpg
7075639,https://recipe1.ezmember.co.kr/cache/recipe/2026/04/30/5cee9de80808816820331db9b92e5fe11_f.jpg
7078268,https://recipe1.ezmember.co.kr/cache/recipe/2026/06/22/bd9898b6e8bc61e369df425b2cfd7f451_f.jpg
7075881,https://recipe1.ezmember.co.kr/cache/recipe/2026/05/09/54d5be8a987d2800dbcb505737efec2b1_f.jpg
7077903,https://recipe1.ezmember.co.kr/cache/recipe/2026/06/16/fa853fefeb7b2938b0055f4a241ff7251_f.jpg
7018465,https://recipe1.ezmember.co.kr/cache/recipe/2024/01/23/32d270a7a86b2b6392accbff09c07a1a1_f.jpg
7009944,https://recipe1.ezmember.co.kr/cache/recipe/2023/09/15/5d2efb2914ae962b6af877359624ac871_f.jpg
7078263,https://recipe1.ezmember.co.kr/cache/recipe/2026/06/22/90c02108b6554ce48ef016bf60381c3c1_f.jpg
7022775,https://recipe1.ezmember.co.kr/cache/recipe/2024/03/22/809f052e924cd0d9ac9d4f295794f08c1_f.jpg
6989690,https://recipe1.ezmember.co.kr/cache/recipe/2022/10/15/c94c0b75cdab225f0ee9883c0b9549c31_f.jpg
6993517,https://recipe1.ezmember.co.kr/cache/recipe/2022/12/09/ee7c7222f2e3491f17d24c61dedd34181_f.jpg
7073279,https://recipe1.ezmember.co.kr/cache/recipe/2026/03/19/550996e724c1fbb6d59554237dc381bb1_f.jpg
6984517,https://recipe1.ezmember.co.kr/cache/recipe/2022/07/31/d804978cda6e3c8b4e3a94a1c19696041_f.jpg
7073764,https://recipe1.ezmember.co.kr/cache/recipe/2026/02/23/2b12d620ac967da76f5c4efbb0f4ed691_f.jpg
7077555,https://recipe1.ezmember.co.kr/cache/recipe/2026/06/10/f4ac6b80d7cadee951bc56c221e2ea131_f.jpg
7025833,https://recipe1.ezmember.co.kr/cache/recipe/2024/05/05/249c2d8bdbaec9298a764249ae04970b1_f.jpg
7035406,https://recipe1.ezmember.co.kr/cache/recipe/2024/09/28/72af8ba74b49a575bc4b7689fc237a8f1_f.jpg
7054279,https://recipe1.ezmember.co.kr/cache/recipe/2025/06/02/061af59a1677b01594d2fad037247a6b1_f.jpg
7073455,https://recipe1.ezmember.co.kr/cache/recipe/2026/03/23/2c503288d910dd1b015e168f6c06500c1_f.jpg
6979508,https://recipe1.ezmember.co.kr/cache/recipe/2022/05/17/6b9ee606dbecc6dde33d4a7a481b05711_f.jpg
7003487,https://recipe1.ezmember.co.kr/cache/recipe/2023/06/03/106eb9bdfd66e588158326e46a10d9001_f.jpg
7078812,https://recipe1.ezmember.co.kr/cache/recipe/2026/07/02/00a6fc33df0bec0729b27bb9148249f41_f.jpg
7074106,https://recipe1.ezmember.co.kr/cache/recipe/2026/04/03/23df3b773336b0cb3ded1137f211a99f1_f.jpg
7005830,https://recipe1.ezmember.co.kr/cache/recipe/2023/07/10/3c9d039f692932c2aa9baaabe6b4d8941_f.jpg
6933414,https://recipe1.ezmember.co.kr/cache/recipe/2020/05/18/2cad62498784efd2b97c0f80abebfcff1_f.jpg
7077372,https://recipe1.ezmember.co.kr/cache/recipe/2026/06/07/5d3a76ac2d6608b5e521fac3bbb33efc1_f.png
7029097,https://recipe1.ezmember.co.kr/cache/recipe/2024/06/25/e05e4ed894989b9fe2759cc67d3ce6ec1_f.jpg
7073955,https://recipe1.ezmember.co.kr/cache/recipe/2026/04/01/48bac3aaadc417d288aa1df0be555a441_f.jpg
6991123,https://recipe1.ezmember.co.kr/cache/recipe/2022/10/31/10f241f6bc6fdcdd77ae96cdc92810101_f.jpg
7029407,https://recipe1.ezmember.co.kr/cache/recipe/2024/06/30/0904bcb02a70de71c6f7107000ae2fb21_f.jpg
7078752,https://recipe1.ezmember.co.kr/cache/recipe/2026/07/01/364384d10c76b0019bc2799c756f6bc91_f.jpg
7053273,https://recipe1.ezmember.co.kr/cache/recipe/2025/05/05/f0f73439b497576b1cb609a9f96300e01_f.png
7073618,https://recipe1.ezmember.co.kr/cache/recipe/2026/03/25/eb9e778fd7b86fbc98fee6bb1ae84e361_f.jpg
7078515,https://recipe1.ezmember.co.kr/cache/recipe/2026/06/27/99731d636035494a30084522758ae1321_f.jpg
7007585,https://recipe1.ezmember.co.kr/cache/recipe/2023/08/07/c2fa4ee2ae2ff84cdeedba8ef396ff231_f.jpg
7064116,https://recipe1.ezmember.co.kr/cache/recipe/2025/10/08/10772d5d1f5fb524ff4f4bbc85b4b8db1_f.jpg
7077624,https://recipe1.ezmember.co.kr/cache/recipe/2026/06/11/af677eae5b7828c2231ae95fb8f3e87b1_f.jpg
7072605,https://recipe1.ezmember.co.kr/cache/recipe/2026/03/05/0d6e0fe86c2570d2ac39605e7ee0b47d1_f.jpg
7078238,https://recipe1.ezmember.co.kr/cache/recipe/2026/06/22/5d409b9d5796cb21f2cf9c5001d0a9e01_f.jpg
7017809,https://recipe1.ezmember.co.kr/cache/recipe/2024/01/15/539c7609af6d9b9c3bac23ac745db9951_f.jpg
7077884,https://recipe1.ezmember.co.kr/cache/recipe/2026/06/16/417d9d31c6e88d08574a3395d2ed56d81_f.jpg
6992063,https://recipe1.ezmember.co.kr/cache/recipe/2022/11/15/9e01753c1b0f35315692fd5c984db4be1_f.jpg
7078594,https://recipe1.ezmember.co.kr/cache/recipe/2026/06/29/09b25737ff228c06c1c528bb421cdac01_f.jpg
6994258,https://recipe1.ezmember.co.kr/cache/recipe/2022/12/24/0cbb4cb0beaa2ecae5c464ba27d2f9a41_f.jpg
6977503,https://recipe1.ezmember.co.kr/cache/recipe/2022/04/06/acae475bc52a1c27857737f144afcf311_f.jpg
7045900,https://recipe1.ezmember.co.kr/cache/recipe/2025/02/25/df17f75b7c8b50afa643e8b673c16fc61_f.jpg
7067844,https://recipe1.ezmember.co.kr/cache/recipe/2025/12/09/71f816257b5c39cfa4622525b7b76dae1_f.jpg
6984423,https://recipe1.ezmember.co.kr/cache/recipe/2022/07/29/31999a0cda68a69c9ae8efbac98811111_f.jpg
7069884,https://recipe1.ezmember.co.kr/cache/recipe/2026/01/14/0ebd21381a0f768f82a017b63506a23b1_f.jpg
7079084,https://recipe1.ezmember.co.kr/cache/recipe/2026/07/07/3829af5c616c1f89b9923cef8e29beee1_f.jpg
6957003,https://recipe1.ezmember.co.kr/cache/recipe/2021/04/18/a86f6fb92e4850bf3b7922a256c581e71_f.jpg
7004229,https://recipe1.ezmember.co.kr/cache/recipe/2023/06/16/b1531f0bcf9890599b2b97b4cc39e1621_f.jpg
7070554,https://recipe1.ezmember.co.kr/cache/recipe/2026/01/27/169ea16bc8f26562100b287f3a489fd01_f.jpg
6983882,https://recipe1.ezmember.co.kr/cache/recipe/2022/07/19/8d1cce0024f7ab704001602df86b70081_f.jpg
7001752,https://recipe1.ezmember.co.kr/cache/recipe/2023/05/06/7567fcb67ecfc9f532efa8ee665601651_f.jpg
6946282,https://recipe1.ezmember.co.kr/cache/recipe/2020/11/12/9b92389633c738731e0b6a328540abfb1_f.jpg
7040785,https://recipe1.ezmember.co.kr/cache/recipe/2024/12/17/21fe8a850e11c9c7c1a77e6186628bbf1_f.jpg
6915088,https://recipe1.ezmember.co.kr/cache/recipe/2019/07/01/097a119634a9657ee34d81b011a97b131_f.jpg
7072884,https://recipe1.ezmember.co.kr/cache/recipe/2026/03/11/10e2aee39c835b0384bc513d4f86d3501_f.jpg
6907091,https://recipe1.ezmember.co.kr/cache/recipe/2019/02/21/003c9a280159b3ddc1f473b7077501ec1_f.jpg
4030952,https://recipe1.ezmember.co.kr/cache/recipe/2015/04/22/a673e92121f268ea47ea5212bcbde4891_f.jpg
6933760,https://recipe1.ezmember.co.kr/cache/recipe/2020/06/03/4f573fef12f96ef7576c9d0f9603e1b51_f.jpg
7078409,https://recipe1.ezmember.co.kr/cache/recipe/2026/06/24/ca4168e1d37acd10e9263d3c0241bb9d1_f.jpg
7052761,https://recipe1.ezmember.co.kr/cache/recipe/2025/05/15/3630251cec187ac68276a453181ad03f1_f.jpg
7075757,https://recipe1.ezmember.co.kr/cache/recipe/2026/05/06/ddfa3e8c536f673ce8f5916223fdf9c01_f.jpg
7006705,https://recipe1.ezmember.co.kr/cache/recipe/2023/07/24/ddebf135612ea68fcb52b079feb8930d1_f.jpg
7043912,https://recipe1.ezmember.co.kr/cache/recipe/2025/02/03/5ecd5036cc3a4303fd3a86eebcd10b161_f.jpg
7013562,https://recipe1.ezmember.co.kr/cache/recipe/2023/11/14/ec47f478f8f7e5f900df69bedc108cb41_f.jpg
7006608,https://recipe1.ezmember.co.kr/cache/recipe/2023/07/21/dc0f6123a2ebfd3aa8753a773d8b12521_f.jpg
7065112,https://recipe1.ezmember.co.kr/cache/recipe/2025/10/25/54cc4be8030a23338201cb79fefcd28b1_f.jpg
7011685,https://recipe1.ezmember.co.kr/cache/recipe/2023/10/16/4b62a4b043de0702bbfa168967be6cb71_f.jpg
7025912,https://recipe1.ezmember.co.kr/cache/recipe/2024/05/08/93819677da57219a5ef609ef52f164851_f.jpg
7007197,https://recipe1.ezmember.co.kr/cache/recipe/2023/08/02/822e4cbfee2feb8a526016be8033a3501_f.jpg
7028655,https://recipe1.ezmember.co.kr/cache/recipe/2024/06/19/8eb3842278b074a4c42df9abb04444cf1_f.jpg
7045536,https://recipe1.ezmember.co.kr/cache/recipe/2025/02/20/a8ecdfeb81d4ba604c2ca7a3c7bddf601_f.jpg
6957535,https://recipe1.ezmember.co.kr/cache/recipe/2021/04/28/b5b240a7490c8be73852f1a7563d352d1_f.jpg
6995956,https://recipe1.ezmember.co.kr/cache/recipe/2023/01/25/4dc0df4cfd3c4484e9d3ac7915bdfef51_f.jpg
7075568,https://recipe1.ezmember.co.kr/cache/recipe/2026/05/01/135c93afe5a96e58b0add82f6f77610e1_f.jpg
6840157,https://recipe1.ezmember.co.kr/cache/recipe/2015/12/14/39c560f4656689bddf0d442da8461ded1_f.jpg
6830616,https://recipe1.ezmember.co.kr/cache/recipe/2015/07/24/2c6c4f254ed62c12403dc3b4acd1d6551_f.jpg
6918934,https://recipe1.ezmember.co.kr/cache/recipe/2019/09/09/fb2e3be1f7b8b2512551142ac802f28b1_f.jpg
6981985,https://recipe1.ezmember.co.kr/cache/recipe/2022/06/21/eb4d9db8fdd7fd1d1fb2eb718e8609bb1_f.jpg
7048782,https://recipe1.ezmember.co.kr/cache/recipe/2025/03/29/3e11e75b2711fcf78bdb597edf49a4cc1_f.jpg
7079168,https://recipe1.ezmember.co.kr/cache/recipe/2026/07/08/e60920f4c9f76b42171c6e157134a1ba1_f.jpg
6875304,https://recipe1.ezmember.co.kr/cache/recipe/2017/08/24/0e9fc3d5791ffb44a852e57188b361341_f.jpg
7011840,https://recipe1.ezmember.co.kr/cache/recipe/2023/10/19/bb92de2712b1e63d8fed771b4affd9891_f.jpg
7033948,https://recipe1.ezmember.co.kr/cache/recipe/2024/09/06/3f9565ae696e4ecebed9ea126d114a3e1_f.png
6897383,https://recipe1.ezmember.co.kr/cache/recipe/2018/10/08/1425b54008417baec4cf781ab54bc94c1_f.jpg
6951564,https://recipe1.ezmember.co.kr/cache/recipe/2021/01/20/fe2043bd8a9471a57829286754cf21581_f.jpg
6978378,https://recipe1.ezmember.co.kr/cache/recipe/2022/04/25/9d17b995ff5c95f7760b56eaeb95caec1_f.jpg
6913952,https://recipe1.ezmember.co.kr/cache/recipe/2019/06/14/2ae25e1a390e94b56ff92db993bb67d01_f.jpg
7077396,https://recipe1.ezmember.co.kr/cache/recipe/2026/06/08/ffcbf25d421df6cb7626d74a658380dc1_f.jpg
6992944,https://recipe1.ezmember.co.kr/cache/recipe/2022/11/30/59e2990d72d83f54f47d9f858d6146ff1_f.jpg
7014608,https://recipe1.ezmember.co.kr/cache/recipe/2023/11/29/b14f9ee042cc52e9e81969c4ed51b93c1_f.jpg
6997077,https://recipe1.ezmember.co.kr/cache/recipe/2023/02/15/ae25d353c17492c998228a5d84c8dc0b1_f.jpg
7030132,https://recipe1.ezmember.co.kr/cache/recipe/2024/07/10/04bbba25ac8e8779eafb67735f756e8b1_f.jpg
7075827,https://recipe1.ezmember.co.kr/cache/recipe/2026/05/08/6bb738682447665f1e5f01df95ac4f921_f.jpg
6991245,https://recipe1.ezmember.co.kr/cache/recipe/2022/11/07/9535d24c26bb6f81b0b2e86b42bcde0d1_f.jpg
7017649,https://recipe1.ezmember.co.kr/cache/recipe/2024/01/12/050cd27f6cb135578288c9eafe7cf56e1_f.jpg
7075755,https://recipe1.ezmember.co.kr/cache/recipe/2026/05/06/546a9ecbcecff4eba0626a5e352d05281_f.jpg
7077927,https://recipe1.ezmember.co.kr/cache/recipe/2026/06/16/f6ed44e9addfc2dbae6541b54ec2730e1_f.jpg
7030095,https://recipe1.ezmember.co.kr/cache/recipe/2024/07/09/4879f48da3cd86ef33550eab1d7fc8e31_f.jpg
6966445,https://recipe1.ezmember.co.kr/cache/recipe/2021/10/06/36cb806316fc9049dfe091d61f9f5bd21_f.jpg
6895591,https://recipe1.ezmember.co.kr/cache/recipe/2018/09/10/52e034a51820107820b9e3aba28717bd1_f.jpg
7071744,https://recipe1.ezmember.co.kr/cache/recipe/2026/02/16/4342442d89c8072d42484db9609bd57a1_f.png
6962486,https://recipe1.ezmember.co.kr/cache/recipe/2021/07/29/5164c0264924697500f2c0906dbab0101_f.jpg
6877253,https://recipe1.ezmember.co.kr/cache/recipe/2017/09/28/d445feff73d436cbea92af449c3f66ac1_f.jpg
6924130,https://recipe1.ezmember.co.kr/cache/recipe/2019/12/27/258f7b445277ce15104c5a59ca2563501_f.jpg
7002422,https://recipe1.ezmember.co.kr/cache/recipe/2023/05/18/2b54a0bddce6c3c21f2834581f89019c1_f.jpg
7009241,https://recipe1.ezmember.co.kr/cache/recipe/2023/09/02/1924de43370bfc30cfa5cc1acb2510211_f.jpg
6910706,https://recipe1.ezmember.co.kr/cache/recipe/2019/04/18/e8f27404007d739404a1329973aacaba1_f.jpg
6897374,https://recipe1.ezmember.co.kr/cache/recipe/2018/10/07/da4e0452ac3bd20bb0528f4abc1211881_f.jpg
7002427,https://recipe1.ezmember.co.kr/cache/recipe/2023/05/18/4234f3ed2df974b3458adf7aef4b1fc51_f.jpg
6885909,https://recipe1.ezmember.co.kr/cache/recipe/2018/03/22/779982ef4e8f9c32c472297e632789a91_f.jpg
6955413,https://recipe1.ezmember.co.kr/cache/recipe/2021/03/18/fec04e98eb62b482b03aecc87de6cbcf1_f.jpg
6846168,https://recipe1.ezmember.co.kr/cache/recipe/2016/04/08/8448b043b2e1eb6cb55041b0bffb1a281_f.jpg
7018178,https://recipe1.ezmember.co.kr/cache/recipe/2023/12/28/4bcd45b6609b8ff56f5d87120759b7e21_f.jpg
7036904,https://recipe1.ezmember.co.kr/cache/recipe/2024/10/22/f7c6ee76721f7664ac107f0a49450bc21_f.png
7079073,https://recipe1.ezmember.co.kr/cache/recipe/2026/07/07/4b77d8f443bf372e4e259d5f76eb528a1_f.jpg
6984643,https://recipe1.ezmember.co.kr/cache/recipe/2022/08/02/a6049fba946708404df5a83ab7c34bd41_f.jpg
6959420,https://recipe1.ezmember.co.kr/cache/recipe/2021/05/20/e8b97435ea177a627fc46312cd6c9f501_f.jpg
6894755,https://recipe1.ezmember.co.kr/cache/recipe/2018/08/25/16869b3c1cee4e82141bb3abe90d0be21_f.jpg
6975337,https://recipe1.ezmember.co.kr/cache/recipe/2022/03/02/6b7004cb211e4a6e2e737a82efda24d21_f.jpg
7057107,https://recipe1.ezmember.co.kr/cache/recipe/2025/06/30/2c0a8e13795f98945d2b01ab96f133a71_f.jpg
7046232,https://recipe1.ezmember.co.kr/cache/recipe/2025/02/28/4c823434b94bd74b14e82cbe31649bdd1_f.jpg
6952286,https://recipe1.ezmember.co.kr/cache/recipe/2021/01/28/a3e39623186a7cfa9bdb7c6e01c6fdd21_f.jpg
7040553,https://recipe1.ezmember.co.kr/cache/recipe/2024/12/14/3a77206fcc1e4363c375642ee06271461_f.jpg
7019202,https://recipe1.ezmember.co.kr/cache/recipe/2024/02/03/9cf9f83c513c65d74baeeed30de03ea91_f.jpg
6918383,https://recipe1.ezmember.co.kr/cache/recipe/2019/08/29/1ce224af5aaad6a4f789f925760323fb1_f.jpg
6948513,https://recipe1.ezmember.co.kr/cache/recipe/2020/12/12/5900b8818b79c4c11bf88b286aa091881_f.jpg
6969794,https://recipe1.ezmember.co.kr/cache/recipe/2021/11/15/981772755d6217d427c8479fe7d4c7b01_f.jpg
7007710,https://recipe1.ezmember.co.kr/cache/recipe/2023/08/09/b8cebd17de07a08ef3e1bd46c03fd2941_f.jpg
6887226,https://recipe1.ezmember.co.kr/cache/recipe/2018/04/13/99c90fd70d5491753df543c6a7ed56d91_f.jpg
6891606,https://recipe1.ezmember.co.kr/cache/recipe/2018/06/27/bbc059c608dd01cfa43ebcb45c1882a81_f.jpg
7037835,https://recipe1.ezmember.co.kr/cache/recipe/2024/11/04/36b6f0f74c78d20a1e7008692eab94db1_f.jpg
6996297,https://recipe1.ezmember.co.kr/cache/recipe/2023/02/02/41942668ad91ccfb305c4cab9dee030f1_f.jpg
6869017,https://recipe1.ezmember.co.kr/cache/recipe/2017/04/26/78f62ae9ce3063eb2cc280e0c112a6ed1_f.jpg
7035098,https://recipe1.ezmember.co.kr/cache/recipe/2024/09/23/827cc44f1e13389efdf9b39d3d3c567e1_f.jpg
6834258,https://recipe1.ezmember.co.kr/cache/recipe/2015/09/13/1a2d27dc33295f34df4e4bed6e6ed3ac1_f.jpg
7078675,https://recipe1.ezmember.co.kr/cache/recipe/2026/06/30/cd7daf06298d7972601da0f89fe5242c1_f.jpg
6881099,https://recipe1.ezmember.co.kr/cache/recipe/2017/12/18/58dd1a9a0d0ef8ff0c60dc35965ea09d1_f.jpg
6969724,https://recipe1.ezmember.co.kr/cache/recipe/2021/11/26/db8f9d03d86ea3da931e2810abb5a86c1_f.jpg
6965981,https://recipe1.ezmember.co.kr/cache/recipe/2021/09/29/21da66e7d441c9ca1ef65a266dd0b5801_f.jpg
6932918,https://recipe1.ezmember.co.kr/cache/recipe/2020/05/18/378996ce6fabdc495a4461aba8fbd1d01_f.jpg
6939980,https://recipe1.ezmember.co.kr/cache/recipe/2020/08/24/4beccfef39cf9dcdd9a016819ce013051_f.jpg
6869489,https://recipe1.ezmember.co.kr/cache/recipe/2017/05/08/89595a259ab949db112841461f217f481_f.jpg
6868389,https://recipe1.ezmember.co.kr/cache/recipe/2017/04/13/28b6227ec7f7a07d0bc43b48394bc81c1_f.jpg
7040411,https://recipe1.ezmember.co.kr/cache/recipe/2024/12/12/1d1b8c28721054fae8ae47271948e3681_f.jpg
7039774,https://recipe1.ezmember.co.kr/cache/recipe/2024/11/25/4d7ea408e7be3c61517900327fef74421_f.jpg
6892209,https://recipe1.ezmember.co.kr/cache/recipe/2018/07/09/9025fd8fdc716755317050bf74df79f91_f.JPG
7010409,https://recipe1.ezmember.co.kr/cache/recipe/2023/09/24/66912efca16e829100ef21732f4b26841_f.jpg
6939082,https://recipe1.ezmember.co.kr/cache/recipe/2020/08/12/8c8087677ac5f71ffb80fa9d4241c6c11_f.jpg
6901939,https://recipe1.ezmember.co.kr/cache/recipe/2018/12/14/6ac1ecd65ac017a64626156691645eb81_f.jpg
6853446,https://recipe1.ezmember.co.kr/cache/recipe/2016/07/26/bb452348200ecc2b5a451191632907e71_f.jpg
7077871,https://recipe1.ezmember.co.kr/cache/recipe/2026/06/15/10aac872a4790de8a30c3a373eb039d01_f.jpg
7020260,https://recipe1.ezmember.co.kr/cache/recipe/2024/02/18/8a10d6eb12bcb279f33725e11ca61b7e1_f.jpg
6956954,https://recipe1.ezmember.co.kr/cache/recipe/2021/04/17/7ef6c26cf34b49f7f298ed22fab485b81_f.jpg
6886357,https://recipe1.ezmember.co.kr/cache/recipe/2018/03/29/1c44752d7458174ab556c441bb3910f51_f.jpg
6930302,https://recipe1.ezmember.co.kr/cache/recipe/2020/04/09/76706e4c14cfa819139505369b55425d1_f.jpg
7074078,https://recipe1.ezmember.co.kr/cache/recipe/2026/04/03/831e962b6122a22fdfbc10f7994229dd1_f.jpg
7006926,https://recipe1.ezmember.co.kr/cache/recipe/2023/07/28/b64b044f6f0f984df67821c73405c3411_f.jpg
7032079,https://recipe1.ezmember.co.kr/cache/recipe/2024/08/08/fa7f51b62545d1c53c2e70d9006e8c5a1_f.jpg
6881815,https://recipe1.ezmember.co.kr/cache/recipe/2018/07/17/7c94e88fca13cf73f8e0e473e02357e01_f.jpg
7004418,https://recipe1.ezmember.co.kr/cache/recipe/2023/06/20/c73b693e1366fa3ca5098273ff93e1f91_f.jpg
6922700,https://recipe1.ezmember.co.kr/cache/recipe/2019/12/07/de9763ea2f67bde8eee04321f23b3f421_f.jpg
6847470,https://recipe1.ezmember.co.kr/cache/recipe/2016/05/02/cb02f276edb4a52aaf86196bce187db51_f.jpg
7060108,https://recipe1.ezmember.co.kr/cache/recipe/2025/08/11/9649ce386ab3bc751826ff09f0d710c41_f.jpg
6988775,https://recipe1.ezmember.co.kr/cache/recipe/2022/10/06/803bd1d93454988a2dfd8c28605ca6241_f.jpg
7075845,https://recipe1.ezmember.co.kr/cache/recipe/2026/05/08/b389e0fc8e411c469d5933edfeed92241_f.jpg
6919305,https://recipe1.ezmember.co.kr/cache/recipe/2019/09/17/e89c82b5021b89a91b3c37396ccbdd5c1_f.jpg
6854230,https://recipe1.ezmember.co.kr/cache/recipe/2016/08/08/b3fc330bba013a8c0f8798d3b6f7e9431_f.jpg
7014762,https://recipe1.ezmember.co.kr/cache/recipe/2023/12/01/792b7c60217d01597c1fdaf21f88b7091_f.jpg
7002329,https://recipe1.ezmember.co.kr/cache/recipe/2023/05/16/2b22d07bbb6ac9d0ee4c0438691819161_f.jpg
7078666,https://recipe1.ezmember.co.kr/cache/recipe/2026/06/30/1f10615d1dfeef4ae3140d788cebb3401_f.jpg
6912739,https://recipe1.ezmember.co.kr/cache/recipe/2019/05/25/f2c4235c6dc8104d825cf6b50b466eee1_f.jpg
6894323,https://recipe1.ezmember.co.kr/cache/recipe/2018/08/17/d1d0c5999686a5ec11e426b79abf4a1a1_f.jpg
6890777,https://recipe1.ezmember.co.kr/cache/recipe/2018/06/12/4c62616ec005976375e1262e0831adb51_f.jpg
7035751,https://recipe1.ezmember.co.kr/cache/recipe/2024/10/03/ed3db6a3efe25c58fd79b45aec79833f1_f.jpg
7022752,https://recipe1.ezmember.co.kr/cache/recipe/2024/03/22/3ac2b1daebd02382c33a9f31658bcb981_f.jpg
7078703,https://recipe1.ezmember.co.kr/cache/recipe/2026/07/01/b7ce7cc529b08fbba7f7de42a80cd2e71_f.jpg
6898497,https://recipe1.ezmember.co.kr/cache/recipe/2018/10/21/5a445b781e9c72a54afb51895eecf50a1_f.jpg
7070355,https://recipe1.ezmember.co.kr/cache/recipe/2026/01/23/9bfb27ea8d32e5ee6d88e5137595c1d91_f.jpg
7074880,https://recipe1.ezmember.co.kr/cache/recipe/2026/04/17/4519b7fc9d017254bea94356727524051_f.jpg
6899265,https://recipe1.ezmember.co.kr/cache/recipe/2018/11/03/f700f1964219a06e73be2c8d314ab4641_f.jpg
6961309,https://recipe1.ezmember.co.kr/cache/recipe/2021/07/06/1a6213e5f3e730b1dd8fb4cdfe98ab001_f.jpg
6863696,https://recipe1.ezmember.co.kr/cache/recipe/2017/01/09/8831d7e8ddde5e72073a079708cf64d31_f.jpg
6871953,https://recipe1.ezmember.co.kr/cache/recipe/2017/06/29/859353599938ad5c66b4803ea56509541_f.jpg
7020127,https://recipe1.ezmember.co.kr/cache/recipe/2024/02/16/c1ff3ffc4ad1d74e69ba0f127aa37cf71_f.jpg
7074563,https://recipe1.ezmember.co.kr/cache/recipe/2026/04/12/48a52783febc2f3704a0fd38765b6ae31_f.jpg
6854893,https://recipe1.ezmember.co.kr/cache/recipe/2016/08/18/553609859fa7bd3dd22bfab08fddec9b1_f.jpg
7061712,https://recipe1.ezmember.co.kr/cache/recipe/2025/08/30/6de7563945af7c8e65dd3f7cf88784561_f.jpg
6876875,https://recipe1.ezmember.co.kr/cache/recipe/2017/09/21/f18eb5188eec99631c502d61667ff5941_f.jpg
6916408,https://recipe1.ezmember.co.kr/cache/recipe/2019/07/24/c3e2a76338282c7a32cab50b4c5437b21_f.jpg
6913489,https://recipe1.ezmember.co.kr/cache/recipe/2019/06/07/cd56011174e305838e5ed6b2da514a611_f.png
6978052,https://recipe1.ezmember.co.kr/cache/recipe/2022/04/18/29fcbf7162c894a425df4f2b909efd341_f.jpg
6989041,https://recipe1.ezmember.co.kr/cache/recipe/2022/10/09/48c970009cfd4a65ef46af6d9a87409b1_f.jpg
6909570,https://recipe1.ezmember.co.kr/cache/recipe/2019/04/14/67b39b7159fa14c51042fe0674e7399f1_f.jpg
6932924,https://recipe1.ezmember.co.kr/cache/recipe/2020/05/19/9fb4cf31154f7175bcee4901f886444a1_f.jpg
6831048,https://recipe1.ezmember.co.kr/cache/recipe/2015/08/02/2a63ade5aad6e00b0d46a341ccfe19bf1_f.jpg
6892728,https://recipe1.ezmember.co.kr/cache/recipe/2018/07/18/50012e62f8ef8e7f468536d4611926941_f.jpg
7073275,https://recipe1.ezmember.co.kr/cache/recipe/2026/03/18/119b1c9ffbe4d0527445049516fdcb2f1_f.jpg
6922190,https://recipe1.ezmember.co.kr/cache/recipe/2019/11/15/a36dfeaf990f082fc811b432d776bf471_f.jpg
6878340,https://recipe1.ezmember.co.kr/cache/recipe/2017/10/22/3211f299a02729bc2d05649ceec734771_f.jpg
7077876,https://recipe1.ezmember.co.kr/cache/recipe/2026/06/15/7097df3036bcd053c2eb3315b555192c1_f.jpg
7004080,https://recipe1.ezmember.co.kr/cache/recipe/2023/06/14/40bdeebd7b8e52abfc4553f0265dd89f1_f.jpg
6918977,https://recipe1.ezmember.co.kr/cache/recipe/2019/09/10/ceb6aad8259b5dde6ea5bfc9a76957591_f.jpg
6933349,https://recipe1.ezmember.co.kr/cache/recipe/2020/05/26/e36b183d83e67dc42c6247b5f00b38be1_f.jpg
6943349,https://recipe1.ezmember.co.kr/cache/recipe/2020/10/04/d49e1d923c61e71a834cae1a9a5288ce1_f.jpg
6980995,https://recipe1.ezmember.co.kr/cache/recipe/2022/06/09/a9433667f78726385f769db7f632040c1_f.jpg
6850385,https://recipe1.ezmember.co.kr/cache/recipe/2016/06/02/4653713dadeabb48dcd4787a83cba9ee1_f.jpg
6881806,https://recipe1.ezmember.co.kr/cache/recipe/2018/01/05/45b38a0a874f30a5eb35c177c27d359d1_f.jpg
6875055,https://recipe1.ezmember.co.kr/cache/recipe/2017/08/20/940f3948fb5a3eb1d8906c95061210f31_f.jpg
6847506,https://recipe1.ezmember.co.kr/cache/recipe/2016/05/03/032f72b4e96c4b62277277a1dea047981_f.jpg
6900601,https://recipe1.ezmember.co.kr/cache/recipe/2018/11/22/22f1f7b08f72d759186671d89472b45f1_f.jpg
6867650,https://recipe1.ezmember.co.kr/cache/recipe/2017/03/29/cee70f9835e0221d85d634cce75674721_f.jpg
7046139,https://recipe1.ezmember.co.kr/cache/recipe/2025/02/27/597802d30f5795a0a19a5502d4f849351_f.jpg
7042593,https://recipe1.ezmember.co.kr/cache/recipe/2025/01/14/fada3ecde3717899b944ef5a628a47361_f.jpg
6854799,https://recipe1.ezmember.co.kr/cache/recipe/2016/08/17/d9bdc5d413a5ecac7a8f8ff8ce8edf0b1_f.jpg
6892715,https://recipe1.ezmember.co.kr/cache/recipe/2018/07/18/d65a465ab4b6dc2bacd48eecb70f5e5e1_f.jpg
7048338,https://recipe1.ezmember.co.kr/cache/recipe/2025/03/24/002300de66b6d74de6abe2e83e7ae8a01_f.jpg
7071077,https://recipe1.ezmember.co.kr/cache/recipe/2026/02/05/fe69ba5fd596acf332d348990d3231c01_f.jpg
6956266,https://recipe1.ezmember.co.kr/cache/recipe/2021/04/04/067529ead0761af2a8dbe1106e21bcd91_f.jpg
6860385,https://recipe1.ezmember.co.kr/cache/recipe/2016/11/10/d9a682da8a2b69828c11d950233998f21_f.jpg
6852019,https://recipe1.ezmember.co.kr/cache/recipe/2016/07/03/55ce405cb26f4daf70cbd7354715289d1_f.jpg
6922742,https://recipe1.ezmember.co.kr/cache/recipe/2019/11/27/c606469ca6b42e164619d81e1e38cf261_f.jpg
6930961,https://recipe1.ezmember.co.kr/cache/recipe/2020/04/18/4fa103e626a1a3c1314acf9de77fde361_f.jpg
6904344,https://recipe1.ezmember.co.kr/cache/recipe/2019/01/02/649b7166cddd374b7dcdfd52fd75f0f81_f.jpg
7075761,https://recipe1.ezmember.co.kr/cache/recipe/2026/05/06/a108b392d1b217d10e403b68e94b06fe1_f.jpg
6910384,https://recipe1.ezmember.co.kr/cache/recipe/2019/04/13/1bd0a756ce6621fbf3711739980726b61_f.jpg
6874866,https://recipe1.ezmember.co.kr/cache/recipe/2017/08/17/e0fa9b1d251b507741a67cc91a9d2ac71_f.jpg
6912539,https://recipe1.ezmember.co.kr/cache/recipe/2019/05/21/52ec68320e673157a36e0bdce94f89561_f.jpg
6831990,https://recipe1.ezmember.co.kr/cache/recipe/2015/08/15/2e35349d4ca6d65611bab97efeec7a621_f.jpg
6844877,https://recipe1.ezmember.co.kr/cache/recipe/2016/03/01/9f47a9f273578ec67dfad5d166cd2efc1_f.jpg
6880679,https://recipe1.ezmember.co.kr/cache/recipe/2017/12/08/f0896ec6cdc3fb6c57d5786d00ee20301_f.jpg
6897704,https://recipe1.ezmember.co.kr/cache/recipe/2018/10/12/9eb2e16defe757f67e7449fe84570fc01_f.jpg
6891556,https://recipe1.ezmember.co.kr/cache/recipe/2018/06/27/ac1dbf84e93bba27a9e1c21597fab7e41_f.jpg
6867358,https://recipe1.ezmember.co.kr/cache/recipe/2017/03/24/d7a5cc1c8438447eeea3c2c9c2fe26161_f.jpg
6842456,https://recipe1.ezmember.co.kr/cache/recipe/2016/01/15/b00ba818099e92d6a36a10c694c141751_f.jpg
7071467,https://recipe1.ezmember.co.kr/cache/recipe/2026/02/12/c51661a40a8b1104f5bde3de58bdef7f1_f.jpg
7021091,https://recipe1.ezmember.co.kr/cache/recipe/2024/02/29/356c43e0f44a6a5ab005bbf720cd124d1_f.jpg
6828951,https://recipe1.ezmember.co.kr/cache/recipe/2015/06/17/1cea014584e2bf483dfe132faceda22b1_f.jpg
6926078,https://recipe1.ezmember.co.kr/cache/recipe/2020/02/05/45cafda15a792a96993608aaaf8e7d901_f.jpg
6916655,https://recipe1.ezmember.co.kr/cache/recipe/2019/07/29/5a48cfef844b0882baf6377537ec3e001_f.jpg
7050547,https://recipe1.ezmember.co.kr/cache/recipe/2025/04/17/c91cb7ef2d7ee0c2a6bc4b298fe55e551_f.jpg
6875696,https://recipe1.ezmember.co.kr/cache/recipe/2017/09/01/4d62a081b2bb5032f320c4a80e7d41cc1_f.jpg
7030325,https://recipe1.ezmember.co.kr/cache/recipe/2024/07/13/141d414406adce0f2c7a2993008120e11_f.jpg
6984535,https://recipe1.ezmember.co.kr/cache/recipe/2022/07/31/0a3cf69214c365f5f80af5eee174c09f1_f.jpg
6891823,https://recipe1.ezmember.co.kr/cache/recipe/2018/07/02/c266461ad4b7032df19bd38c25b9cd441_f.jpg
7003388,https://recipe1.ezmember.co.kr/cache/recipe/2023/06/04/9bba95fd9f39ca063bb81a7d246ac3da1_f.jpg
6883649,https://recipe1.ezmember.co.kr/cache/recipe/2018/02/08/9e8e69c8a058e3f1e73ae0f0c990c7901_f.jpg
7023485,https://recipe1.ezmember.co.kr/cache/recipe/2024/04/02/e06ab7897edb32ecfa89b1b1a71d6eda1_f.jpg
6887603,https://recipe1.ezmember.co.kr/cache/recipe/2018/04/20/49b40436a2e5fec4f2a8474a122e10201_f.jpg
6854979,https://recipe1.ezmember.co.kr/cache/recipe/2016/08/20/2146c8ef816630adcab6633818b3e4de1_f.jpg
6980900,https://recipe1.ezmember.co.kr/cache/recipe/2022/06/09/741adf86dcacb22af586967425b514e21_f.jpg
7075897,https://recipe1.ezmember.co.kr/cache/recipe/2026/05/09/4cd4d90699e8c7fe04300e17eca826af1_f.jpg
6832044,https://recipe1.ezmember.co.kr/cache/recipe/2015/08/16/84788060b17a8792d15230d6061004f91_f.jpg
4197710,https://recipe1.ezmember.co.kr/cache/recipe/2015/06/25/81e5599ca50934c6bdf6b3ef7d0aaf65_f.jpg
6954484,https://recipe1.ezmember.co.kr/cache/recipe/2021/03/03/f308636e26ec3e5e3ede271565a964791_f.jpg
7077554,https://recipe1.ezmember.co.kr/cache/recipe/2026/06/10/ff1da428b2806670bff62944a47f777f1_f.jpg
6847884,https://recipe1.ezmember.co.kr/cache/recipe/2016/05/10/5d7b179b1126968b574cd08aa1f185721_f.jpg
6868392,https://recipe1.ezmember.co.kr/cache/recipe/2017/04/13/a307ea8aeb9216fb3aad8cb30a6e05211_f.jpg
6835071,https://recipe1.ezmember.co.kr/cache/recipe/2015/09/24/1dd94284297cf2a3baea26c4f144020a1_f.jpg
6952146,https://recipe1.ezmember.co.kr/cache/recipe/2021/01/27/a8dec739f64598cb843a2356eb6bf21e1_f.jpg
7026723,https://recipe1.ezmember.co.kr/cache/recipe/2024/05/20/b967233598e3e59f6c58e5aa194891591_f.jpg
6867306,https://recipe1.ezmember.co.kr/cache/recipe/2017/03/23/ee2687e1f51b7fad5084dd447b13d5c91_f.jpg
6983253,https://recipe1.ezmember.co.kr/cache/recipe/2022/07/11/0b87fd150c33a01e1ebc6a7d32565f441_f.jpg
6910228,https://recipe1.ezmember.co.kr/cache/recipe/2019/04/10/784e5b98059c72fe8dc1a49d473e7f4e1_f.jpg
7069914,https://recipe1.ezmember.co.kr/cache/recipe/2026/01/14/810c6c976864c45dcb682418f02c414c1_f.jpg
6886567,https://recipe1.ezmember.co.kr/cache/recipe/2018/04/02/66156603476fcaebb89569b4593758ed1_f.jpg
6892442,https://recipe1.ezmember.co.kr/cache/recipe/2018/07/12/211a169445837d4f72ab65c370acd4e61_f.jpg
7041117,https://recipe1.ezmember.co.kr/cache/recipe/2024/12/23/85e907eb9a6fd03446e0bff0505b29151_f.jpg
6913806,https://recipe1.ezmember.co.kr/cache/recipe/2019/06/16/943ecafd5e928849983cb52d8273e5021_f.jpg
6975626,https://recipe1.ezmember.co.kr/cache/recipe/2022/02/24/5bb20ca2a22caf16fdbf5de3164ef4891_f.jpg
6907784,https://recipe1.ezmember.co.kr/cache/recipe/2019/03/05/883f73880b7bbee9ab612a8ad603636a1_f.jpg
6842114,https://recipe1.ezmember.co.kr/cache/recipe/2016/01/26/793d64f053cd6e3be138ca8cbbaed8f01_f.jpg
7074215,https://recipe1.ezmember.co.kr/cache/recipe/2026/04/04/1adadb13cc05eafba35c4742adeeac961_f.jpg
6895266,https://recipe1.ezmember.co.kr/cache/recipe/2018/09/04/7149b06d432481e2fa5f2cbd8456181b1_f.jpg
7006126,https://recipe1.ezmember.co.kr/cache/recipe/2023/07/14/d922226b979585475643318e9b9e6d2c1_f.jpg
6989529,https://recipe1.ezmember.co.kr/cache/recipe/2022/10/14/f83c9b1390fdbad6e02244a2dd51dba41_f.jpg
6898369,https://recipe1.ezmember.co.kr/cache/recipe/2018/10/21/908b60f6bd193e12eef66238ec166a5f1_f.jpg
6855421,https://recipe1.ezmember.co.kr/cache/recipe/2016/08/27/3e0153c5c8f8ca8d1cc234290f03474b1_f.jpg
6977567,https://recipe1.ezmember.co.kr/cache/recipe/2022/04/09/9ba8bef94d7758da05a6f94adbf11a781_f.jpg
7073666,https://recipe1.ezmember.co.kr/cache/recipe/2026/03/26/9a0fedca1ab6104e48cb2e656af015f61_f.jpg
6882435,https://recipe1.ezmember.co.kr/cache/recipe/2018/01/10/3c39ea976428eed6fbce95c82f6c69d11_f.png
7029194,https://recipe1.ezmember.co.kr/cache/recipe/2024/06/26/a41a276d2f96b4d00e24c14b8a81d1661_f.jpg
6893218,https://recipe1.ezmember.co.kr/cache/recipe/2018/07/28/217a2c7c11470279c27a636d59aafd701_f.jpg
6957721,https://recipe1.ezmember.co.kr/cache/recipe/2021/05/03/3f75c213dbe561a9f738c0e3a0b72f941_f.jpg
6980888,https://recipe1.ezmember.co.kr/cache/recipe/2022/06/08/cb2fb7af53a9b5b6dd31512e90c60fd11_f.jpg
6841290,https://recipe1.ezmember.co.kr/cache/recipe/2016/01/08/c2b4d2a0e6543e8cd9c120cbcabed00d1_f.jpg
6871815,https://recipe1.ezmember.co.kr/cache/recipe/2017/06/26/d62fbae850e7ce54baaed8cde3ab50901_f.jpg
6904864,https://recipe1.ezmember.co.kr/cache/recipe/2019/01/20/37853531cbd9afdba74372aa15f0df2a1_f.jpg
6857754,https://recipe1.ezmember.co.kr/cache/recipe/2016/10/01/1ecfd9aa242318d78de1a782005fc0841_f.jpg
6839363,https://recipe1.ezmember.co.kr/cache/recipe/2015/12/08/4c0e6eef4d85dde6b34a5d1228cd09961_f.jpg
6844208,https://recipe1.ezmember.co.kr/cache/recipe/2016/03/07/e8e6636563df149801fc0d0168d6fd411_f.jpg
6953644,https://recipe1.ezmember.co.kr/cache/recipe/2021/02/17/1d804e60564c1d8d56ee99926870c1c71_f.jpg
6860598,https://recipe1.ezmember.co.kr/cache/recipe/2016/11/13/fbceba7b97dbc06754596ed2dbfb34181_f.jpg
6984865,https://recipe1.ezmember.co.kr/cache/recipe/2022/08/05/5bcd7b14e9407c287f09988abd54cc8d1_f.jpg
6992204,https://recipe1.ezmember.co.kr/cache/recipe/2022/11/17/b421bf9193e0e13700ad96239eae9e651_f.jpg
7050937,https://recipe1.ezmember.co.kr/cache/recipe/2025/04/22/ff0bbc58b5bdbaa76a1cfbfd61a9ae1a1_f.jpg
6952367,https://recipe1.ezmember.co.kr/cache/recipe/2021/01/30/48622a51fccaf6985354ba63b13c930f1_f.jpg
6857631,https://recipe1.ezmember.co.kr/cache/recipe/2016/09/28/157b854b882f1d91780e8b7893a379e61_f.jpg
7021205,https://recipe1.ezmember.co.kr/cache/recipe/2024/03/03/06d3f9f28faabf065f23e615d54281901_f.jpg
6914310,https://recipe1.ezmember.co.kr/cache/recipe/2019/06/20/adb6a9ac404e57012a0e153acb5427a91_f.jpg
6968567,https://recipe1.ezmember.co.kr/cache/recipe/2021/11/09/220500b88a53caf9f8a0ab3593e2627e1_f.jpg
7007929,https://recipe1.ezmember.co.kr/cache/recipe/2023/08/11/999f002d302f947b11947d029faf084c1_f.jpg
6904793,https://recipe1.ezmember.co.kr/cache/recipe/2019/01/19/77d4cf5abc30d38cbd02da1ead39d1301_f.jpg
7004170,https://recipe1.ezmember.co.kr/cache/recipe/2023/06/15/5ae8dfb014b736cd5dfbac550742941a1_f.jpg
6835355,https://recipe1.ezmember.co.kr/cache/recipe/2015/10/01/9e11f564e9cff51ce97425f5635eff881_f.jpg
7078041,https://recipe1.ezmember.co.kr/cache/recipe/2026/06/18/16cb2ae9b1ebb8a417620656684f79281_f.jpg
6937841,https://recipe1.ezmember.co.kr/cache/recipe/2020/07/29/01ecaac64ca3198600892aba507ede021_f.jpg
7071789,https://recipe1.ezmember.co.kr/cache/recipe/2026/02/19/ddc4ea0acde17af0a0ea29177dc7f7f01_f.jpg
6920397,https://recipe1.ezmember.co.kr/cache/recipe/2019/10/10/4f6965424396369346b9279f1c16e6721_f.jpg
7027628,https://recipe1.ezmember.co.kr/cache/recipe/2024/06/05/9b3a8e1d699cbd6fadc49be31603beb71_f.jpg
6946032,https://recipe1.ezmember.co.kr/cache/recipe/2020/11/10/4fd5af46a14810c45f8a0d69b9c957d21_f.png
7000439,https://recipe1.ezmember.co.kr/cache/recipe/2023/04/10/0b6dcd19a4d183fc91138585023f59ad1_f.jpg
7071235,https://recipe1.ezmember.co.kr/cache/recipe/2026/02/08/68c4230323cf6ca58f5dde25179dccb51_f.jpg
7043343,https://recipe1.ezmember.co.kr/cache/recipe/2025/01/24/ca4e385963f9189dad31635373871f181_f.jpg
6922734,https://recipe1.ezmember.co.kr/cache/recipe/2019/11/27/189ba21e7cf907b6d1d68f09e595b5641_f.jpg
7074058,https://recipe1.ezmember.co.kr/cache/recipe/2026/04/02/9e582206223a8ae16b8b304420b24d651_f.jpg
6874871,https://recipe1.ezmember.co.kr/cache/recipe/2017/08/17/5d22ca7fdd032ba2d35200962c530bdb1_f.jpg
6885808,https://recipe1.ezmember.co.kr/cache/recipe/2018/03/20/a4d37a96f5a7ed13b4a1bdde57c679361_f.jpg
7008869,https://recipe1.ezmember.co.kr/cache/recipe/2023/08/28/9f830600304adcb3b3d491e20b6868631_f.jpg
7037873,https://recipe1.ezmember.co.kr/cache/recipe/2024/11/05/2fc6d412a3fddca421a95975f11b00f11_f.jpg
6909721,https://recipe1.ezmember.co.kr/cache/recipe/2019/04/02/228be375ebb5a85fd0bc2a7c4194314e1_f.jpg
7027181,https://recipe1.ezmember.co.kr/cache/recipe/2024/05/28/2af089c66abe7c448bfd8c8f14d0240c1_f.jpg
7013057,https://recipe1.ezmember.co.kr/cache/recipe/2023/11/08/499f773662ab56cbbaac94db5503ffc41_f.jpg
6829153,https://recipe1.ezmember.co.kr/cache/recipe/2015/06/18/4536f2df3fb648d86c2aafc05cd077a11_f.jpg
6924357,https://recipe1.ezmember.co.kr/cache/recipe/2020/01/01/801afbccd9aab794d31feddf20e617ba1_f.jpg
6910980,https://recipe1.ezmember.co.kr/cache/recipe/2019/04/22/9146f627a14df9e2e83ab8395ad874741_f.jpg
4145941,https://recipe1.ezmember.co.kr/cache/recipe/2015/07/02/5684ebd1ae342e5202c9c0093e3907d8_f.jpg
6998798,https://recipe1.ezmember.co.kr/cache/recipe/2023/03/13/5f9d16c7b9a1c0c04a8a25a659218e931_f.jpg
6831876,https://recipe1.ezmember.co.kr/cache/recipe/2015/08/13/f9dfb2399701f22355b279e825ca7de31_f.jpg
6831988,https://recipe1.ezmember.co.kr/cache/recipe/2015/08/15/b1b34ddeaf42d645c99e72342cd750d11_f.jpg
6904080,https://recipe1.ezmember.co.kr/cache/recipe/2019/01/11/c0a7cb14f6e026cd135c5a9ddf65b8be1_f.jpg
6894872,https://recipe1.ezmember.co.kr/cache/recipe/2018/08/27/b7536d6fe48c3806575a472e42e4e7181_f.jpg
7071492,https://recipe1.ezmember.co.kr/cache/recipe/2026/02/12/4624b5dd698674948373d352a15fd9b61_f.jpg
6930572,https://recipe1.ezmember.co.kr/cache/recipe/2020/04/13/c00d47439f0dbbff7f88f57fb43fb02d1_f.jpg
6843348,https://recipe1.ezmember.co.kr/cache/recipe/2016/02/19/a80d0bb04ffc500c2c91b40606d44c111_f.jpg
7070465,https://recipe1.ezmember.co.kr/cache/recipe/2026/01/26/d274451483d90166faa19b173c7e247d1_f.jpg
6998777,https://recipe1.ezmember.co.kr/cache/recipe/2023/03/13/9565936e95424b754e6be192d30e27d61_f.jpg
6900423,https://recipe1.ezmember.co.kr/cache/recipe/2018/11/19/244c0057f9afe10bf158d4e6a2de30911_f.jpg
6880341,https://recipe1.ezmember.co.kr/cache/recipe/2017/12/01/feade6e0d3abac9c8db721a6db408c6b1_f.jpg
6911766,https://recipe1.ezmember.co.kr/cache/recipe/2019/05/07/59c2be1a139ada5c6c028db4e419eebb1_f.jpg
6894538,https://recipe1.ezmember.co.kr/cache/recipe/2018/08/22/ed4298f7c819d1e00986c53c6b5e3e0f1_f.jpg
6838102,https://recipe1.ezmember.co.kr/cache/recipe/2015/11/14/e5377c89c81b96339d9ce31f7914f4421_f.jpg
6989786,https://recipe1.ezmember.co.kr/cache/recipe/2022/10/18/a8ab1de11bcc37740f969b762459ef311_f.jpg
7076738,https://recipe1.ezmember.co.kr/cache/recipe/2026/05/27/9e67a9b786ef50e7b8355ba393817a291_f.jpg
6874797,https://recipe1.ezmember.co.kr/cache/recipe/2017/08/16/00a72cb62367087565b0838c8afba9741_f.jpg
6739157,https://recipe1.ezmember.co.kr/cache/recipe/2015/05/05/f898a7e9e03e179c2c6b7ad65fd946321_f.jpg
7039682,https://recipe1.ezmember.co.kr/cache/recipe/2024/12/01/4a6865d0a4b9148e22c5cb03ff8206de1_f.jpg
7070124,https://recipe1.ezmember.co.kr/cache/recipe/2026/01/18/296c0a43bb6795286e31c3ea6fe2b9611_f.jpg
6975041,https://recipe1.ezmember.co.kr/cache/recipe/2022/02/23/87e628a8314a8385f8a07706f2d0c1e51_f.jpg
7011422,https://recipe1.ezmember.co.kr/cache/recipe/2023/10/11/36911c0f82fee07f0edbd218fe19c1841_f.jpg
6847733,https://recipe1.ezmember.co.kr/cache/recipe/2016/05/07/977ba86f77649770cdc66893fd2488c41_f.jpg
6902807,https://recipe1.ezmember.co.kr/cache/recipe/2018/12/25/1fbef45b6867fb55d0ee0bb8db77716f1_f.jpg
6872474,https://recipe1.ezmember.co.kr/cache/recipe/2017/07/10/092788fb72da830f79991bde7d9c68831_f.jpg
6882848,https://recipe1.ezmember.co.kr/cache/recipe/2018/01/25/05b6b9d84cc52f1ffa34538f0751e41c1_f.jpg
7074045,https://recipe1.ezmember.co.kr/cache/recipe/2026/04/03/1e0b251f93b363224746e927f4e760971_f.jpg
7074892,https://recipe1.ezmember.co.kr/cache/recipe/2026/04/18/7f2cb635eeebe6fabd69ca7ceb88684a1_f.jpg
6963204,https://recipe1.ezmember.co.kr/cache/recipe/2021/08/12/520457fb9d89530b6c22f282e94379b91_f.jpg
7030722,https://recipe1.ezmember.co.kr/cache/recipe/2024/07/17/ac900dfea8ad375ee65e83a0f08aeabf1_f.jpg
6934433,https://recipe1.ezmember.co.kr/cache/recipe/2020/06/16/486aecbde8816ccb58bc2334b69196961_f.jpg
6890570,https://recipe1.ezmember.co.kr/cache/recipe/2018/06/09/c9cff4f20768f0ec00f2f7e8e6d9ab9c1_f.jpg
7075989,https://recipe1.ezmember.co.kr/cache/recipe/2026/05/11/e411a1ff2347cf5e7403c52c92da420e1_f.jpg
3595564,https://recipe1.ezmember.co.kr/cache/recipe/2015/04/22/d5930a748a81c150059e5ddb59f355db1_f.jpg
6930296,https://recipe1.ezmember.co.kr/cache/recipe/2020/04/08/cadca86dc0eba4b586a6b307dda2eee71_f.jpg
6945735,https://recipe1.ezmember.co.kr/cache/recipe/2020/11/05/7c7172fed8f04c2eb8ceb49d85d624d41_f.jpg
7014837,https://recipe1.ezmember.co.kr/cache/recipe/2023/12/02/7bb2e3be43c71360413c99b81082489f1_f.jpg
6895759,https://recipe1.ezmember.co.kr/cache/recipe/2018/09/12/e3a71664816ab7013023d580ab5dc3ab1_f.jpg
4803252,https://recipe1.ezmember.co.kr/cache/recipe/2015/09/03/f639c6a827d1d31b5cbfdad0884766d91_f.jpg
6862339,https://recipe1.ezmember.co.kr/cache/recipe/2016/12/08/34ba5bf522b2964e97b70dcd5b62dcb31_f.jpg
7035901,https://recipe1.ezmember.co.kr/cache/recipe/2024/10/06/317dd2e1c126a75fc6a2365981d050121_f.jpg
6866122,https://recipe1.ezmember.co.kr/cache/recipe/2017/03/02/0be911fa88df72b74cf79b29e1ef38711_f.jpg
7056068,https://recipe1.ezmember.co.kr/cache/recipe/2025/06/23/578b4704cca2168d98bcc28b7fccdc231_f.jpg
7045621,https://recipe1.ezmember.co.kr/cache/recipe/2025/02/21/b4756ab10597b0faf1ff566eec18f6591_f.jpg
6842280,https://recipe1.ezmember.co.kr/cache/recipe/2016/01/28/4e4610ee9171513894d19d80b8c8aaea1_f.jpg
7075861,https://recipe1.ezmember.co.kr/cache/recipe/2026/05/08/0d1b56c0ac658ec1dd5fc244b9c5f67c1_f.jpg
6902300,https://recipe1.ezmember.co.kr/cache/recipe/2018/12/18/a144910bd4279905bdd20e40ae7ef3e11_f.jpg
6927971,https://recipe1.ezmember.co.kr/cache/recipe/2020/03/08/7f30d319399045be9491fa710fc260a71_f.jpg
5269045,https://recipe1.ezmember.co.kr/cache/recipe/2015/03/25/8ebe7082d056d01d2142c51df05fca301_f.jpg
6861562,https://recipe1.ezmember.co.kr/cache/recipe/2016/11/24/b965ca40798d07748deefbb065df11b01_f.jpg
6842110,https://recipe1.ezmember.co.kr/cache/recipe/2016/01/26/9c3e3c07a2df8e88622b12d6822d7b421_f.jpg
6894649,https://recipe1.ezmember.co.kr/cache/recipe/2018/08/23/d62e6e54a3d8700f694a5e6b71ed247f1_f.jpg
7052509,https://recipe1.ezmember.co.kr/cache/recipe/2025/05/01/50e09bad3f274580930fcf0d906c33701_f.jpg
7035725,https://recipe1.ezmember.co.kr/cache/recipe/2024/10/03/a8ff4fd7734553dae02f96410290f2941_f.jpg
6965550,https://recipe1.ezmember.co.kr/cache/recipe/2021/09/20/7fe53dcfcce26ffb1f66c223cd8c1a2b1_f.jpg
6902441,https://recipe1.ezmember.co.kr/cache/recipe/2018/12/20/4397bb9597252fa1429877098943890c1_f.jpg
6909523,https://recipe1.ezmember.co.kr/cache/recipe/2019/03/30/1a3dbe90fa9a2aa4d5805b41fcb50b9f1_f.jpg
6853260,https://recipe1.ezmember.co.kr/cache/recipe/2016/07/22/c857fb66d3cd74b26faf8fc89092ab331_f.jpg
6892138,https://recipe1.ezmember.co.kr/cache/recipe/2018/07/07/784b7e46b2cb23659576da8cd0df5bde1_f.jpg
6895112,https://recipe1.ezmember.co.kr/cache/recipe/2018/09/01/9b54fc4b120dd9acb68c0c7c37d759111_f.jpg
6896819,https://recipe1.ezmember.co.kr/cache/recipe/2018/09/30/16fc5e69d9c7624353361f4a65f4752a1_f.jpg
6944255,https://recipe1.ezmember.co.kr/cache/recipe/2020/10/15/b13c6ab51a8bb5b6ae5281110a26b8851_f.jpg
7064360,https://recipe1.ezmember.co.kr/cache/recipe/2025/09/10/aa86b131dd63bc2065a147fc4857d9031_f.jpg
6929388,https://recipe1.ezmember.co.kr/cache/recipe/2020/03/26/6d6107810146e718ca42320cef0833c01_f.jpg
7009401,https://recipe1.ezmember.co.kr/cache/recipe/2023/09/06/c26e1a5382b98c3c17df1f318795549c1_f.jpg
4320507,https://recipe1.ezmember.co.kr/cache/recipe/2015/08/03/2d7aa33f7b2bd720069fe8506808f9811_f.jpg
7004934,https://recipe1.ezmember.co.kr/cache/recipe/2023/06/28/e52bbcbdd08be80210c08c343081c1101_f.jpg
6920400,https://recipe1.ezmember.co.kr/cache/recipe/2019/10/03/43d22c37d335f315e6463b993b627aae1_f.jpg
6948579,https://recipe1.ezmember.co.kr/cache/recipe/2020/12/16/d8655939f66a86195e0a938e714475bf1_f.jpg
7036574,https://recipe1.ezmember.co.kr/cache/recipe/2024/10/16/85693ce5a14a179d0fe0001cbda962991_f.jpg
6855088,https://recipe1.ezmember.co.kr/cache/recipe/2016/08/22/7865f5f3d43c01bb0dc44e6732bf9cb41_f.jpg
6933144,https://recipe1.ezmember.co.kr/cache/recipe/2020/05/22/bb7719b695404279a500bcae8014dde01_f.jpg
7001546,https://recipe1.ezmember.co.kr/cache/recipe/2023/05/02/4943ceb7185fb8e220d66008fd9fdd351_f.jpg
6904302,https://recipe1.ezmember.co.kr/cache/recipe/2019/01/14/2690cb44dbc2b77e088f5371c7aede831_f.jpg
7068538,https://recipe1.ezmember.co.kr/cache/recipe/2025/12/22/156949cb9b05d95d16085577f5c28ea61_f.jpg
6949579,https://recipe1.ezmember.co.kr/cache/recipe/2020/12/27/60871bd5962c743cb5c81c290a3be8b61_f.jpg
6910345,https://recipe1.ezmember.co.kr/cache/recipe/2019/04/12/3b4c7f70f3c9509790df0718377f52ce1_f.jpg
7016910,https://recipe1.ezmember.co.kr/cache/recipe/2023/12/22/94d92e938b8d8038e5db55459d12d7a51_f.jpg
6962124,https://recipe1.ezmember.co.kr/cache/recipe/2021/07/22/a3edf3aee8c852c189b9380f7d37f3c61_f.jpg
6907004,https://recipe1.ezmember.co.kr/cache/recipe/2019/02/20/e3d24da4b4be552f9364b3b8bed9b5931_f.jpg
6937332,https://recipe1.ezmember.co.kr/cache/recipe/2020/07/29/8824cfcd5d8fd1f3693e7321bd0a300b1_f.jpg
7020587,https://recipe1.ezmember.co.kr/cache/recipe/2024/02/22/b0c27a077040b0faf11ba295ecbdd8161_f.jpg
7070322,https://recipe1.ezmember.co.kr/cache/recipe/2026/01/22/30d6efd6846a2c947ac4cb7e49cc2ab71_f.jpg
6896826,https://recipe1.ezmember.co.kr/cache/recipe/2018/09/30/104e88e71700a7e9bdcb7f5b2bf9a3bd1_f.jpg
7065767,https://recipe1.ezmember.co.kr/cache/recipe/2025/11/01/fb3f47d0fffb6d8ef615bd4853e2f9811_f.jpg
6841304,https://recipe1.ezmember.co.kr/cache/recipe/2016/01/08/6938ccddcb10feed15101404681889c01_f.jpg
7001408,https://recipe1.ezmember.co.kr/cache/recipe/2023/05/01/d4eaa3dd5df1e19d28d2d5a8daf386691_f.jpg
6903739,https://recipe1.ezmember.co.kr/cache/recipe/2019/01/05/9558f0331c87dce2e039100fdcf3c9611_f.jpg
6922857,https://recipe1.ezmember.co.kr/cache/recipe/2019/12/05/b087095dc9b9fe762c57679be47b43251_f.jpg
6882843,https://recipe1.ezmember.co.kr/cache/recipe/2018/01/25/47d3dcc680c978b498b7f4e5cf5c5ad61_f.jpg
6932754,https://recipe1.ezmember.co.kr/cache/recipe/2020/05/16/8983f0b2f7ffdffa306e0ead803c2b3f1_f.jpg
6883228,https://recipe1.ezmember.co.kr/cache/recipe/2018/02/01/7518b72bfc4fc06d05cdc72986709c721_f.jpg
7072953,https://recipe1.ezmember.co.kr/cache/recipe/2025/12/25/8e9665ec2f29b32b907102a2b22ebfe71_f.jpg
6904722,https://recipe1.ezmember.co.kr/cache/recipe/2019/01/18/a9e6e8260a10232364aecfd35f560c561_f.jpg
6899340,https://recipe1.ezmember.co.kr/cache/recipe/2018/11/02/f382bfc309ca19fa6c29507e871145671_f.jpg
7005355,https://recipe1.ezmember.co.kr/cache/recipe/2023/06/27/5f22684f1101f15a52906208e8e28ed41_f.jpg
7075869,https://recipe1.ezmember.co.kr/cache/recipe/2026/05/09/c65c033423d8e0e15a39d647bb56701b1_f.jpg
6965877,https://recipe1.ezmember.co.kr/cache/recipe/2021/09/27/007d7ffdd1f0ae9c39054832c64f58321_f.jpg
6811239,https://recipe1.ezmember.co.kr/cache/recipe/2015/06/03/fdb40ab5e54261a384f39532a3513c021_f.jpg
6928511,https://recipe1.ezmember.co.kr/cache/recipe/2020/03/15/d2df00abb5327324e5a1d491084459561_f.jpg
6928224,https://recipe1.ezmember.co.kr/cache/recipe/2020/03/11/16479991109978c742da010ff1457f831_f.jpg
6934182,https://recipe1.ezmember.co.kr/cache/recipe/2020/05/13/1ede23eb23b0c4d9f8673f836fce64841_f.jpg
7020548,https://recipe1.ezmember.co.kr/cache/recipe/2024/02/22/ab0574fb8f7729667fa8cb65322df9fc1_f.jpg
7074542,https://recipe1.ezmember.co.kr/cache/recipe/2026/04/11/4a6bbfd5780cd254c348467f1b8625391_f.jpg
7047563,https://recipe1.ezmember.co.kr/cache/recipe/2025/03/15/5936c542e3d7800f68c636cffdc926b11_f.jpg
7038084,https://recipe1.ezmember.co.kr/cache/recipe/2024/11/07/5b4edcfcdd2ff2f1fcaf9dfa8a9c21851_f.jpg
7015067,https://recipe1.ezmember.co.kr/cache/recipe/2023/12/05/707322029e811616ebb78a6e570b2aa41_f.jpg
6955087,https://recipe1.ezmember.co.kr/cache/recipe/2021/03/12/a91e00084067dd16fff3d971f09b6a0f1_f.jpg
7031635,https://recipe1.ezmember.co.kr/cache/recipe/2024/08/02/d20aaabe87f267d63f344ce6eaac184e1_f.jpg
6992379,https://recipe1.ezmember.co.kr/cache/recipe/2022/11/21/124bac65d4a0c571d77f052b9fe70c341_f.jpg
6994106,https://recipe1.ezmember.co.kr/cache/recipe/2022/12/21/57e29d2f4e0c32723221c1fec85846641_f.jpg
7007156,https://recipe1.ezmember.co.kr/cache/recipe/2023/08/02/5c8f9cc7fa71bf58256fa63c5fdfc02f1_f.jpg
6914749,https://recipe1.ezmember.co.kr/cache/recipe/2019/05/27/04d53874c0c0f2837e15c9e7e79ac1141_f.jpg
6837437,https://recipe1.ezmember.co.kr/cache/recipe/2015/11/03/2edbb7fe192eb69f48c3c8ccbd8ca12c1_f.jpg
7042252,https://recipe1.ezmember.co.kr/cache/recipe/2025/01/09/e33390802d49e1273ebc6853d2adcdea1_f.jpg
6912270,https://recipe1.ezmember.co.kr/cache/recipe/2019/05/16/4a738bac5898349956c493cb2daeca0c1_f.jpg
6896204,https://recipe1.ezmember.co.kr/cache/recipe/2018/09/20/faa7dcefbda5a5f196ba892367635f931_f.jpg
6869250,https://recipe1.ezmember.co.kr/cache/recipe/2017/05/03/5a4e946f7a66fa67b06a1993734b1deb1_f.jpg
3976406,https://recipe1.ezmember.co.kr/cache/recipe/2015/06/08/aaa32a881e54289e0800a156002448b8_f.jpg
6848325,https://recipe1.ezmember.co.kr/cache/recipe/2016/05/17/362f29eaea676c06aa96b88abe52d9c71_f.jpg
6894964,https://recipe1.ezmember.co.kr/cache/recipe/2018/08/29/896d8b6287d80573a3b159c092b6d17b1_f.jpg
6880694,https://recipe1.ezmember.co.kr/cache/recipe/2017/12/08/91a64b288e91260e8d8cc5d52e366c2c1_f.jpg
6913239,https://recipe1.ezmember.co.kr/cache/recipe/2019/06/04/5cfeebac4e542442cf49a0887a9a3ae81_f.jpg
6915735,https://recipe1.ezmember.co.kr/cache/recipe/2019/07/11/e35399cd4afecaa53e194ef96b827a3a1_f.jpg
6880201,https://recipe1.ezmember.co.kr/cache/recipe/2017/11/28/50a3188ab277080733f21878c68ae62a1_f.jpg
6835918,https://recipe1.ezmember.co.kr/cache/recipe/2015/10/10/8a70652234bfab22831076ca9d8742b31_f.jpg
6921400,https://recipe1.ezmember.co.kr/cache/recipe/2019/10/30/9910976e24f1b55eebe06c2e790f66801_f.jpg
6907655,https://recipe1.ezmember.co.kr/cache/recipe/2019/03/03/5a2938d7f90defe8830f37da1e5420f71_f.jpg
6845451,https://recipe1.ezmember.co.kr/cache/recipe/2016/03/26/fbbf48ec994f6c958cad34e4a77b1ead1_f.jpg
7075926,https://recipe1.ezmember.co.kr/cache/recipe/2026/05/11/388ca082beac1c4e3dd6b19d92af72971_f.jpg
6925795,https://recipe1.ezmember.co.kr/cache/recipe/2020/02/01/c559f7fe91e19d4d9fbe0d7e88e768fa1_f.jpg
6879416,https://recipe1.ezmember.co.kr/cache/recipe/2017/11/11/f3c9d700f1980e9bb193d0042a246eb31_f.jpg
2628435,https://recipe1.ezmember.co.kr/cache/recipe/2015/07/24/84d5d9b55180b9d9877df2386c381591_f.jpg
6950383,https://recipe1.ezmember.co.kr/cache/recipe/2021/01/04/3ff2d081b51ae761093de0aff4b497561_f.jpg
7056615,https://recipe1.ezmember.co.kr/cache/recipe/2025/06/22/c6acba1cd79a5e2199ca14eca744bf6d1_f.jpg
6934142,https://recipe1.ezmember.co.kr/cache/recipe/2020/06/10/4b36f43bc09623354eab45c22e6bd1961_f.jpg
7018228,https://recipe1.ezmember.co.kr/cache/recipe/2024/01/21/3ee8a162f68a1ecb42328c9b1a3effe61_f.jpg
7000636,https://recipe1.ezmember.co.kr/cache/recipe/2023/04/13/d23c28aa8942b0829e93908846d7a9eb1_f.jpg
6954909,https://recipe1.ezmember.co.kr/cache/recipe/2021/03/10/16e8fbcb4ac56828ce1818f8df6ce9d81_f.jpg
6874259,https://recipe1.ezmember.co.kr/cache/recipe/2017/08/07/2390c1037b9e7f857c2892ea56f9f0ee1_f.jpg
6905452,https://recipe1.ezmember.co.kr/cache/recipe/2019/01/28/56cff2dd792d479eac39a1ab7ba9b9771_f.jpg
6925914,https://recipe1.ezmember.co.kr/cache/recipe/2020/01/26/bc208dd7989852469f69aede5c5d21f91_f.jpg
7078501,https://recipe1.ezmember.co.kr/cache/recipe/2026/06/26/fd1eca3f799fb5af45c1c3c5c193c6a01_f.jpg
6685679,https://recipe1.ezmember.co.kr/cache/recipe/2015/04/16/de8df465f3001a3f7b27b9404bad529d1_f.jpg
6880695,https://recipe1.ezmember.co.kr/cache/recipe/2017/12/09/5afca45fec8ab0b245a561f1667ed2a51_f.jpg
7074693,https://recipe1.ezmember.co.kr/cache/recipe/2026/04/14/55c3f4357e7622a1ac1145b0301cbc851_f.jpg
6944355,https://recipe1.ezmember.co.kr/cache/recipe/2020/10/16/09b4903407ac0216dfe99b364d97e67e1_f.jpg
6966950,https://recipe1.ezmember.co.kr/cache/recipe/2021/10/14/e1f03debfe42bc5529a0f8d9eb30ad501_f.jpg
6938068,https://recipe1.ezmember.co.kr/cache/recipe/2020/07/30/502d93d3dbdf55a58a1d0f078dc32c771_f.jpg
6889370,https://recipe1.ezmember.co.kr/cache/recipe/2018/05/23/c121d516dcbd93fa9b752b30e77e671d1_f.jpg
6963453,https://recipe1.ezmember.co.kr/cache/recipe/2021/08/17/2811b5801630d92455a570f634ff25381_f.jpg
7033699,https://recipe1.ezmember.co.kr/cache/recipe/2024/08/27/e9ca51ed72628ff6941bf82448037c841_f.jpg
6861965,https://recipe1.ezmember.co.kr/cache/recipe/2016/12/01/6bc4f94befd5bcad219c30336e2f3ac01_f.jpg
7069741,https://recipe1.ezmember.co.kr/cache/recipe/2026/01/12/86e04f45c6e29a2b3416c2ce83c935d81_f.jpg
3919318,https://recipe1.ezmember.co.kr/cache/recipe/2015/06/26/51fb849b19bc5b2c2a8de024f258b6a0_f.jpg
4007541,https://recipe1.ezmember.co.kr/cache/recipe/2015/07/02/12961bd6b2ffb5edc38203d50e7ccdac_f.jpg
7073523,https://recipe1.ezmember.co.kr/cache/recipe/2026/03/24/6c4e1d62b2e36253e3c628690e75bdd51_f.jpg
6942026,https://recipe1.ezmember.co.kr/cache/recipe/2020/09/16/5ca3acd9ceb6c4754ba66c05c9570a831_f.jpg
6933624,https://recipe1.ezmember.co.kr/cache/recipe/2020/05/30/86b6ff7d50b2818b7f2200a1dd896fdf1_f.jpg
6974604,https://recipe1.ezmember.co.kr/cache/recipe/2022/02/15/bc13526ccc72f348d3a944e38d2c2b991_f.jpg
6903405,https://recipe1.ezmember.co.kr/cache/recipe/2019/01/03/47ad5a39da2f9fb6b3f2682660c489e91_f.jpg
7077623,https://recipe1.ezmember.co.kr/cache/recipe/2026/06/11/0686cbfa7c7065c690c3fc860380dc881_f.jpg
6973175,https://recipe1.ezmember.co.kr/cache/recipe/2022/01/21/dbaf794940af452f1ebf43c9fe4b171c1_f.jpg
6922045,https://recipe1.ezmember.co.kr/cache/recipe/2019/11/11/658dae7a4e38765322cb8d4cca3e68ae1_f.jpg
6873390,https://recipe1.ezmember.co.kr/cache/recipe/2017/07/25/c5f49dfaeef1cf94651d7eef222cb5b71_f.png
6899874,https://recipe1.ezmember.co.kr/cache/recipe/2018/11/10/4062272ccd376327e1c659cfccce43e31_f.jpg
6887181,https://recipe1.ezmember.co.kr/cache/recipe/2018/04/12/cb4c630fdb3c5055c1b8846cc451bf8d1_f.jpg
6859648,https://recipe1.ezmember.co.kr/cache/recipe/2016/11/01/6f1ea899acdc656d3fcd31c28fe45bf41_f.jpg
6835653,https://recipe1.ezmember.co.kr/cache/recipe/2015/10/05/6bf3d7bef8b12fbfc7972cb4a8cebcfc1_f.jpg
6832421,https://recipe1.ezmember.co.kr/cache/recipe/2015/08/21/549d51f39b560872b14134f90a1854d51_f.jpg
6904643,https://recipe1.ezmember.co.kr/cache/recipe/2019/01/17/1b22982ef45e44a760020e151927f4f21_f.jpg
7060163,https://recipe1.ezmember.co.kr/cache/recipe/2025/08/11/a9ed69fd8d0955ada43b85ee111967661_f.jpg
7010976,https://recipe1.ezmember.co.kr/cache/recipe/2023/10/04/5461e570361e2a662f7ea5abb73e96c01_f.jpg
6829888,https://recipe1.ezmember.co.kr/cache/recipe/2015/07/10/985f8a912e1a830ee3c79989f77698121_f.jpg
6884174,https://recipe1.ezmember.co.kr/cache/recipe/2018/02/19/c7327c7b0771de51c93464d164dfea6e1_f.jpg
6973706,https://recipe1.ezmember.co.kr/cache/recipe/2022/01/29/ada84a01593d70c385419632f7e553da1_f.jpg
6922493,https://recipe1.ezmember.co.kr/cache/recipe/2019/11/21/c09206b86e7877c4a2a6f80894b039091_f.jpg
6907137,https://recipe1.ezmember.co.kr/cache/recipe/2019/02/22/ee9aac35a5b2ca6a9e6c6ae418efd0181_f.jpg
6835493,https://recipe1.ezmember.co.kr/cache/recipe/2015/10/03/d4ba5a817816688e34e4e5a4d6e3e38c1_f.jpg
6831912,https://recipe1.ezmember.co.kr/cache/recipe/2015/08/13/cedc24e587f8c8ce164e68993d8913cc1_f.jpg
6875326,https://recipe1.ezmember.co.kr/cache/recipe/2017/08/24/b65e7d06f081bb9a5e313b84321ffa2f1_f.jpg
6948138,https://recipe1.ezmember.co.kr/cache/recipe/2020/12/11/14ae0a311008a7bb7e6237011b48a4931_f.jpg
6911447,https://recipe1.ezmember.co.kr/cache/recipe/2019/05/01/50e027fee421e0d728294e9988e807561_f.jpg
6881447,https://recipe1.ezmember.co.kr/cache/recipe/2017/12/27/18a87ab5ee7e4e1c6db949af8905e4451_f.jpg
3874774,https://recipe1.ezmember.co.kr/cache/recipe/2015/07/16/f3945edba6389b7ea52c388a9ed5d6a8_f.jpg
6994253,https://recipe1.ezmember.co.kr/cache/recipe/2022/12/27/88b8f8eaedbd0d3465d1e719d345c51f1_f.jpg
6892107,https://recipe1.ezmember.co.kr/cache/recipe/2018/07/06/967c2c4ccd83e2a47fc46b0dc503091e1_f.jpg
6893882,https://recipe1.ezmember.co.kr/cache/recipe/2018/08/09/23330d18de787dff6f31dfe374ada8f61_f.jpg
6904806,https://recipe1.ezmember.co.kr/cache/recipe/2019/01/19/68bd1946c8b68ed0829b040068e5ccf71_f.jpg
7004853,https://recipe1.ezmember.co.kr/cache/recipe/2023/06/27/043a870345271e7cf38a7e30608aa8391_f.jpg
6865281,https://recipe1.ezmember.co.kr/cache/recipe/2017/02/14/574379a2f67c1e420750953a13f5964c1_f.jpg
7055913,https://recipe1.ezmember.co.kr/cache/recipe/2025/06/21/4c60c36cc8f764c108cd4b31fa4c34ba1_f.jpg
6965695,https://recipe1.ezmember.co.kr/cache/recipe/2021/09/17/eaa00ae083c1a66260b59278cdd051b21_f.jpg
6973134,https://recipe1.ezmember.co.kr/cache/recipe/2022/01/18/e432692f6fd5f07ac26912296a81d8c71_f.jpg
6875013,https://recipe1.ezmember.co.kr/cache/recipe/2017/08/20/d909a1586f1967596ec1593f047e99211_f.jpg
6911288,https://recipe1.ezmember.co.kr/cache/recipe/2019/04/11/1cee67e2f7dc3c2eb418b874cae6fec21_f.jpg
6949720,https://recipe1.ezmember.co.kr/cache/recipe/2020/12/31/b36edce8009816b75e41b96a625c7a311_f.jpg
7000243,https://recipe1.ezmember.co.kr/cache/recipe/2023/04/07/fc36852c30936e2cdb1a9a3d3e2c6e7c1_f.jpg
6914420,https://recipe1.ezmember.co.kr/cache/recipe/2019/06/21/eca2f2ba6af1b39f9c997be2db5b5dee1_f.jpg
6867023,https://recipe1.ezmember.co.kr/cache/recipe/2017/03/17/5555cd2751c3676f5507f60b2a3d10141_f.jpg
6906436,https://recipe1.ezmember.co.kr/cache/recipe/2019/02/11/c4c9886abe437d24a065dc8bbabe6a1c1_f.jpg
6890181,https://recipe1.ezmember.co.kr/cache/recipe/2018/06/04/4d5b9a92d015e94714efcd31b3ea153e1_f.jpg
7071148,https://recipe1.ezmember.co.kr/cache/recipe/2026/02/06/41535445ac4458a9fa1b260d57fdfeb41_f.jpg
4088595,https://recipe1.ezmember.co.kr/cache/recipe/2015/08/05/2541e1b93570a146ce872365b353cfcf1_f.jpg
6932769,https://recipe1.ezmember.co.kr/cache/recipe/2020/05/16/7b6b434d96aa6fd8136bd27096278c1c1_f.jpg
6902022,https://recipe1.ezmember.co.kr/cache/recipe/2018/12/15/c1a9995d8e3bfcb39046d29d81d2ae9e1_f.jpg
6922919,https://recipe1.ezmember.co.kr/cache/recipe/2019/12/02/24d903905e61bb883a9047f8d86bae611_f.jpg
6951679,https://recipe1.ezmember.co.kr/cache/recipe/2021/01/21/9810cfe3007b35eddcf58747765db4121_f.jpg
6882634,https://recipe1.ezmember.co.kr/cache/recipe/2018/01/21/92332ad10977a71a63e4f5346c8e92bd1_f.jpg
6878619,https://recipe1.ezmember.co.kr/cache/recipe/2017/10/26/9bf4829c60f30e3fc0b8144d5c9b05d11_f.jpg
6868911,https://recipe1.ezmember.co.kr/cache/recipe/2017/04/24/16e0cf6b33c5bf65dc14c95e7b2c63cf1_f.jpg
6945267,https://recipe1.ezmember.co.kr/cache/recipe/2020/10/29/89b11b0ce7f7e177f3f449546dc4edc11_f.jpg
6883479,https://recipe1.ezmember.co.kr/cache/recipe/2018/02/06/5f6c172bfcf59ae08e1cce6b8ed6068a1_f.jpg
6943361,https://recipe1.ezmember.co.kr/cache/recipe/2020/10/05/d1a79d510abecf7686591483a1c9ddf21_f.jpg
6882107,https://recipe1.ezmember.co.kr/cache/recipe/2018/01/10/9ca4efb27a0f690a3f84413542aba07c1_f.jpg
7048648,https://recipe1.ezmember.co.kr/cache/recipe/2025/03/27/4a6e4951a1b41652f2bb2cd46b8b59da1_f.jpg
6834667,https://recipe1.ezmember.co.kr/cache/recipe/2015/09/18/3f49afb112fdc65f0661f82619fc8af11_f.jpg
7073021,https://recipe1.ezmember.co.kr/cache/recipe/2026/03/13/8a738a10ac28d104f0cfc4e69d4a803e1_f.jpg
6955878,https://recipe1.ezmember.co.kr/cache/recipe/2021/03/27/7c5ab6564495510e0a0b95daafe8ce841_f.jpg
6859800,https://recipe1.ezmember.co.kr/cache/recipe/2016/11/03/8e424bf0c76ede2466c264d630c1c97f1_f.jpg
6991429,https://recipe1.ezmember.co.kr/cache/recipe/2022/11/09/5c0d690110fcd0b52e2a9bbec80537531_f.jpg
6919791,https://recipe1.ezmember.co.kr/cache/recipe/2019/09/28/751da1fff0c330f91275f062fc219d841_f.jpg
6830560,https://recipe1.ezmember.co.kr/cache/recipe/2015/07/30/a042cf9695dd375fe86b3bd931fcb05b1_f.jpg
4042421,https://recipe1.ezmember.co.kr/cache/recipe/2015/05/26/26a4ef511cf888c2fc1b5177b7cb269f1_f.jpg
7012639,https://recipe1.ezmember.co.kr/cache/recipe/2023/11/01/47db6bf14e8c98205f219237bbd45fb71_f.jpg
6879476,https://recipe1.ezmember.co.kr/cache/recipe/2017/11/12/47ef3b66db612d520d21dfb6685a67211_f.jpg
7075760,https://recipe1.ezmember.co.kr/cache/recipe/2026/05/06/92d28f3a69e084c9c70f5fcaf77f63021_f.jpg
6929819,https://recipe1.ezmember.co.kr/cache/recipe/2020/04/02/f862795394714ba8253e88cb9d1b46a31_f.jpg
7070232,https://recipe1.ezmember.co.kr/cache/recipe/2026/01/20/67e618dc660f9a37faa19974ad5de47d1_f.jpg
7000604,https://recipe1.ezmember.co.kr/cache/recipe/2023/04/13/a8f92a711f1dbdf95763d049a216b6cd1_f.jpg
6895797,https://recipe1.ezmember.co.kr/cache/recipe/2018/09/13/bdcef7ba362b7fc3d9d7e78f3c1b8b721_f.jpg
6873941,https://recipe1.ezmember.co.kr/cache/recipe/2017/08/02/89d07fe9c35b84d6b1dc319a0c703be11_f.jpg
6899048,https://recipe1.ezmember.co.kr/cache/recipe/2018/10/31/9e158178bf9f78a284e4120de7e7aaba1_f.jpg
6887865,https://recipe1.ezmember.co.kr/cache/recipe/2018/04/26/8ab7481f41c79062c9b31997e855edf31_f.jpg
6990248,https://recipe1.ezmember.co.kr/cache/recipe/2022/10/23/1e083939ee7442c3eb16684e02bef5c01_f.jpg
7072343,https://recipe1.ezmember.co.kr/cache/recipe/2026/01/07/622232dac72028f8eede43a41d8001881_f.jpg
6947579,https://recipe1.ezmember.co.kr/cache/recipe/2020/11/25/9fe62ad66a18fc8e986e749bf42704f01_f.jpg
6962887,https://recipe1.ezmember.co.kr/cache/recipe/2021/08/06/78224d6d4bed15d43a89a3129ab0c88b1_f.jpg
7072351,https://recipe1.ezmember.co.kr/cache/recipe/2026/01/28/6e678df68ec3663d10cc1c6aa425d9e81_f.jpg
6916782,https://recipe1.ezmember.co.kr/cache/recipe/2019/07/31/4a7453c938b98d53c9737276853b7f341_f.jpg
6905993,https://recipe1.ezmember.co.kr/cache/recipe/2019/02/06/05c9c03d439c175f21ef6aa14a2124ff1_f.jpg
6909125,https://recipe1.ezmember.co.kr/cache/recipe/2019/03/25/6d24acd991f314c6ebf7bb4865eabf231_f.jpg
6909564,https://recipe1.ezmember.co.kr/cache/recipe/2019/03/31/224003d4af2ea53901880436197b14681_f.jpg
7077879,https://recipe1.ezmember.co.kr/cache/recipe/2026/06/15/cf07358729f77aa420aa846fdc547e761_f.jpg
7066453,https://recipe1.ezmember.co.kr/cache/recipe/2025/11/17/ec692db8b0aceb4b2a77fbeda79fc1d41_f.jpg
4119284,https://recipe1.ezmember.co.kr/cache/recipe/2015/04/22/d735747865188cacfe6bdf7cf1e214c71_f.jpg
6864119,https://recipe1.ezmember.co.kr/cache/recipe/2017/01/20/0aa5885a5eb796045cb6bb28d660a97c1_f.jpg
6910367,https://recipe1.ezmember.co.kr/cache/recipe/2019/04/12/db0fb535f6298cd76ded5a502874343a1_f.jpg
7074132,https://recipe1.ezmember.co.kr/cache/recipe/2026/04/04/94a2065217982d9bcd4f7823380c4ec71_f.jpg
6928509,https://recipe1.ezmember.co.kr/cache/recipe/2020/03/15/49985dad00b5dbbb6151d48ce4d26e181_f.jpg
7063408,https://recipe1.ezmember.co.kr/cache/recipe/2025/09/26/e5f09186bec2781f52da46607de96f101_f.jpg
6880674,https://recipe1.ezmember.co.kr/cache/recipe/2017/12/08/a5d9a4593c1e7934d07c0d0d61e3f4ad1_f.jpg
6839039,https://recipe1.ezmember.co.kr/cache/recipe/2015/12/29/0cfe1379a6ae72f5d7f2d893818971a41_f.jpg
6854147,https://recipe1.ezmember.co.kr/cache/recipe/2016/08/06/33f5c47032af8ce9168b592e2b67f0581_f.jpg
6902207,https://recipe1.ezmember.co.kr/cache/recipe/2018/12/17/50be1cadb80ac917f3bb3ecd63c8ada31_f.jpg
6904538,https://recipe1.ezmember.co.kr/cache/recipe/2019/01/16/0fe245596ce04633e5a2af5de640e6b11_f.jpg
6908836,https://recipe1.ezmember.co.kr/cache/recipe/2019/03/20/e406ac8ddcbdc05af9ca7f20aaa9dddb1_f.jpg
6896593,https://recipe1.ezmember.co.kr/cache/recipe/2018/09/27/8f25a91f9ecc78b22fbad98b125d4c971_f.jpg
6935659,https://recipe1.ezmember.co.kr/cache/recipe/2020/07/03/a13eb720de006df8bc1097fbd99fe1a61_f.jpg
6930116,https://recipe1.ezmember.co.kr/cache/recipe/2020/04/07/6664c14a43577fae6e0637eac5ead7841_f.jpg
6882531,https://recipe1.ezmember.co.kr/cache/recipe/2018/01/19/5ec82459559164485157cb0e098618551_f.jpg
6541723,https://recipe1.ezmember.co.kr/cache/recipe/2015/03/20/c3f21ae578764a7e8b242199a47370171_f.jpg
7074277,https://recipe1.ezmember.co.kr/cache/recipe/2026/04/06/807d3b771720219781b753ba20ea7b501_f.jpg
7020998,https://recipe1.ezmember.co.kr/cache/recipe/2024/02/28/1f64c7fa64e8047c6cfdee33250a27241_f.jpg
6945458,https://recipe1.ezmember.co.kr/cache/recipe/2020/11/02/2f061c2b4fa128b6d16278aade0fa0091_f.jpg
7073454,https://recipe1.ezmember.co.kr/cache/recipe/2026/03/23/0fbf5202e71b0c69a94a6367c17176d91_f.jpg
7074388,https://recipe1.ezmember.co.kr/cache/recipe/2026/04/08/5fd52dea9ccb1475cc2a7e2689ffc76d1_f.jpg
7029684,https://recipe1.ezmember.co.kr/cache/recipe/2024/06/27/112de705d5e45d53b1521071867cc9641_f.jpg
6868912,https://recipe1.ezmember.co.kr/cache/recipe/2017/04/24/9765639935fc28e17b598a9c4f93ca1a1_f.jpg
6968081,https://recipe1.ezmember.co.kr/cache/recipe/2021/11/03/aad6444adaa05c0a600b450b4bb122c41_f.jpg
6862218,https://recipe1.ezmember.co.kr/cache/recipe/2016/12/06/80a884dce97a1dec5f66eaa60ded95ed1_f.jpg
6832551,https://recipe1.ezmember.co.kr/cache/recipe/2015/08/22/c29c3ae67d795294af11785d14057e811_f.jpg
6954948,https://recipe1.ezmember.co.kr/cache/recipe/2021/03/10/124391d4f75af1e76285a0630683a49e1_f.jpg
6889560,https://recipe1.ezmember.co.kr/cache/recipe/2018/05/25/7af3a10c0f77d79ca0f1abfa957d34ce1_f.jpg
7075265,https://recipe1.ezmember.co.kr/cache/recipe/2026/04/24/98ee077b497f0c59e020c7e36437075d1_f.jpg
7069384,https://recipe1.ezmember.co.kr/cache/recipe/2026/01/06/81fab638ba468753de4c82fed284c9131_f.jpg
7029415,https://recipe1.ezmember.co.kr/cache/recipe/2024/06/30/f6e0ecfe925171a58ad06fffbad1d2961_f.jpg
6894518,https://recipe1.ezmember.co.kr/cache/recipe/2018/08/21/ce7c72489a9560446769bd5071f271be1_f.jpg
6921432,https://recipe1.ezmember.co.kr/cache/recipe/2019/10/30/6a5f26cd168f69b3656cdbb4d4d16e821_f.jpg
6866586,https://recipe1.ezmember.co.kr/cache/recipe/2017/03/09/6e4ab9be6fcf497a229317b38ad4a95d1_f.jpg
6895448,https://recipe1.ezmember.co.kr/cache/recipe/2018/09/07/444c85b7e11e62d31d142e64fd2b6d581_f.jpg
6959353,https://recipe1.ezmember.co.kr/cache/recipe/2021/05/15/4a139e6320535c5e4bf6e6e9ff23ed111_f.jpg
6834570,https://recipe1.ezmember.co.kr/cache/recipe/2015/09/21/8120c5f993593892442603f5e246eb671_f.jpg
6855073,https://recipe1.ezmember.co.kr/cache/recipe/2016/08/22/06726be2dffba2a848cd1775a82e465b1_f.jpg
6900822,https://recipe1.ezmember.co.kr/cache/recipe/2018/11/26/4283cabd67d923b9b66841dbfc1e89441_f.jpg
7071098,https://recipe1.ezmember.co.kr/cache/recipe/2026/02/03/511f45d0dc357af977b4564446c425541_f.jpg
6974023,https://recipe1.ezmember.co.kr/cache/recipe/2022/02/05/b70f4366848e721bb27d4e140931c30e1_f.jpg
6873533,https://recipe1.ezmember.co.kr/cache/recipe/2017/07/26/2100781b491825088fda6cb8d53210971_f.jpg
6733300,https://recipe1.ezmember.co.kr/cache/recipe/2015/05/07/08e763f260da46e353e842819b350ded1_f.jpg
6892515,https://recipe1.ezmember.co.kr/cache/recipe/2018/07/13/2b1714d87fe57c2bb5dc19b391ff22491_f.jpg
6924838,https://recipe1.ezmember.co.kr/cache/recipe/2020/01/08/7dbd7aa6a69a3a00f6b5c53d005f70481_f.jpg
6962360,https://recipe1.ezmember.co.kr/cache/recipe/2021/07/27/538a11175c957b9cbc100676e52a5d271_f.jpg
6833230,https://recipe1.ezmember.co.kr/cache/recipe/2015/09/01/f7db843f89c923d69221b26345dd46c71_f.jpg
6878407,https://recipe1.ezmember.co.kr/cache/recipe/2017/10/24/413c939f1bb17ceb1f97cc44c72a5e7b1_f.jpg
6994093,https://recipe1.ezmember.co.kr/cache/recipe/2022/12/20/ee099049dd59d44948f1794a75252ff91_f.jpg
7078075,https://recipe1.ezmember.co.kr/cache/recipe/2026/06/19/08063ff5b2020a54bd174245d159c7971_f.jpg
6897498,https://recipe1.ezmember.co.kr/cache/recipe/2018/10/10/e96796a3c9198c695bf7de48fea1490d1_f.jpg
6909481,https://recipe1.ezmember.co.kr/cache/recipe/2019/04/14/f134dc482791a335e21b88551b5388a91_f.jpg
6953931,https://recipe1.ezmember.co.kr/cache/recipe/2021/02/22/2959583b6aaa5e5b813ae477cce852621_f.jpg
6920148,https://recipe1.ezmember.co.kr/cache/recipe/2019/10/05/22ab8bbcf9fd28b70c2046243759cd3f1_f.jpg
6907366,https://recipe1.ezmember.co.kr/cache/recipe/2019/02/26/92c1c13fe2ea77d75a44b6302e4e087e1_f.jpg
7042351,https://recipe1.ezmember.co.kr/cache/recipe/2025/01/05/eec541bbf7995ef49e680af429a0d0a31_f.jpg
6870648,https://recipe1.ezmember.co.kr/cache/recipe/2017/06/01/ee30a7e6152c1a2ef13528181bab4dec1_f.jpg
6913424,https://recipe1.ezmember.co.kr/cache/recipe/2019/06/06/c3d3225988c9679bc801983fbf9892091_f.jpg
6840267,https://recipe1.ezmember.co.kr/cache/recipe/2015/12/18/f67deb1b7886fc19e7b699b798d839601_f.jpg
6910254,https://recipe1.ezmember.co.kr/cache/recipe/2019/04/06/f790edb9ffef5e49f4b3e573116a4ee61_f.jpg
6917129,https://recipe1.ezmember.co.kr/cache/recipe/2019/08/08/99716f84bfb62866190694c01dd775831_f.jpg
6881308,https://recipe1.ezmember.co.kr/cache/recipe/2017/12/23/cf090154602535ac2345d3b1f0f303321_f.jpg
7031537,https://recipe1.ezmember.co.kr/cache/recipe/2024/07/31/952106b45907a0ae83d668768dbc35471_f.jpg
6887489,https://recipe1.ezmember.co.kr/cache/recipe/2018/04/18/4d0ccf58e6c23abfaa5c4bcdce3792ea1_f.jpg
6869920,https://recipe1.ezmember.co.kr/cache/recipe/2017/05/17/9c3fc6294e806a881c5ca369f30a9c601_f.jpg
6998876,https://recipe1.ezmember.co.kr/cache/recipe/2023/03/14/89c5e4ad3335ebd3fa68a21e6bb1533b1_f.jpg
7053883,https://recipe1.ezmember.co.kr/cache/recipe/2025/05/28/cc3f2ea1913a64d98983a74c4dd2e7711_f.jpg
6885704,https://recipe1.ezmember.co.kr/cache/recipe/2018/03/19/3aa7396afd663770899aa6af6c02c7a81_f.jpg
6895214,https://recipe1.ezmember.co.kr/cache/recipe/2018/09/03/a1484790f7ca9f7854d9ef470a14ef021_f.jpg
6973460,https://recipe1.ezmember.co.kr/cache/recipe/2022/01/25/353be4e54dc92b95bae9057dba02347b1_f.jpg
4095068,https://recipe1.ezmember.co.kr/cache/recipe/2015/04/20/6b7f645a6fe1f31db6ab3614b6f9ccb01_f.jpg
7070377,https://recipe1.ezmember.co.kr/cache/recipe/2026/01/23/c78f01e3699c192bc7f9f0e20fddfa051_f.jpg
6924603,https://recipe1.ezmember.co.kr/cache/recipe/2020/01/06/a6982dc681504f77addaf7a7664f4bfa1_f.jpg
6887398,https://recipe1.ezmember.co.kr/cache/recipe/2018/04/16/02a9fed3d290a18c6ad4dcfd3a29a9431_f.jpg
6884578,https://recipe1.ezmember.co.kr/cache/recipe/2018/02/26/a291ca97e43f3c607d18b9caa4154e7c1_f.jpg
7075200,https://recipe1.ezmember.co.kr/cache/recipe/2026/04/23/ca9fcf7b3654b68d75f842231df03a1d1_f.jpg
6911508,https://recipe1.ezmember.co.kr/cache/recipe/2019/05/02/07692128294ab6920ef8c207ec3a15ae1_f.jpg
7013169,https://recipe1.ezmember.co.kr/cache/recipe/2023/11/09/cbbc90d44559639249eb388871189e181_f.jpg
6979678,https://recipe1.ezmember.co.kr/cache/recipe/2022/05/19/8440c6769a72084d0da82386fd9cffcf1_f.jpg
6829454,https://recipe1.ezmember.co.kr/cache/recipe/2015/06/28/07db9f7d23410e2abdc32599f60f0b211_f.jpg
6865288,https://recipe1.ezmember.co.kr/cache/recipe/2017/02/14/55f89a518f12ddb4beb0dc8973fd2ad41_f.jpg
7073695,https://recipe1.ezmember.co.kr/cache/recipe/2026/03/27/0d02c48997874e541bc0654b3813cb281_f.jpg
6891934,https://recipe1.ezmember.co.kr/cache/recipe/2018/07/02/2d0f2605b4f1d9964f4b59d356f6ee3f1_f.jpg
6894890,https://recipe1.ezmember.co.kr/cache/recipe/2018/08/28/93692ef1c4086671d14840c630d69ac81_f.jpg
6902125,https://recipe1.ezmember.co.kr/cache/recipe/2018/12/16/8d523c42974f8f5d5d7fd79bbab908e61_f.jpg
6995719,https://recipe1.ezmember.co.kr/cache/recipe/2023/01/19/12aef22971b7255b8a286de2c1640bce1_f.jpg
7075847,https://recipe1.ezmember.co.kr/cache/recipe/2026/05/08/8729a117b3dd7fc4b7f2275388ca07dc1_f.jpg
7067653,https://recipe1.ezmember.co.kr/cache/recipe/2025/11/28/aaef695c5cff1d3f31ce5ef40662d4de1_f.jpg
6887130,https://recipe1.ezmember.co.kr/cache/recipe/2018/04/12/3cf049e1aa647c97fc139a16e2134f791_f.jpg
6906406,https://recipe1.ezmember.co.kr/cache/recipe/2019/02/12/83e8db5e07f138f58e1f9f47cbd51c8e1_f.jpg
6894818,https://recipe1.ezmember.co.kr/cache/recipe/2018/08/27/e145df207cb1ccba313d9bb178d2fd121_f.jpg
4155883,https://recipe1.ezmember.co.kr/cache/recipe/2015/07/02/48ed66513212528ed47b7c3352b100cc_f.jpg
6881286,https://recipe1.ezmember.co.kr/cache/recipe/2017/12/22/56993edf12428d8e63e6139e341fc6ae1_f.jpg
6907247,https://recipe1.ezmember.co.kr/cache/recipe/2019/02/24/4637f591f940e54dcb117222b2988cc31_f.jpg
6961293,https://recipe1.ezmember.co.kr/cache/recipe/2021/07/06/b7ee5b0a5c116337980ba990265a4fb11_f.jpg
6909296,https://recipe1.ezmember.co.kr/cache/recipe/2019/03/27/fde45351a299011b596c835198935b2b1_f.jpg
6828931,https://recipe1.ezmember.co.kr/cache/recipe/2015/06/15/58e91146070dace05c5a8cae64a352961_f.jpg
6924404,https://recipe1.ezmember.co.kr/cache/recipe/2019/12/29/0daf46c754fb530b9abb896a4523b9d61_f.jpg
6838790,https://recipe1.ezmember.co.kr/cache/recipe/2015/11/27/ae09aa66bcad93573f96279242ecfea91_f.jpg
2342071,https://recipe1.ezmember.co.kr/cache/recipe/2015/08/04/a1ea017654d4b17fea252a122a79d714_f.jpg
7069129,https://recipe1.ezmember.co.kr/cache/recipe/2026/01/01/f8cd52e5bf6a05fe1ce9dc135d265a421_f.jpg
6796725,https://recipe1.ezmember.co.kr/cache/recipe/2015/05/27/27d8ad1b2bfcea4f830de89693342cde1_f.jpg
6977514,https://recipe1.ezmember.co.kr/cache/recipe/2022/04/08/687f302599e62f882cc8318febb584311_f.jpg
6856459,https://recipe1.ezmember.co.kr/cache/recipe/2016/09/05/fa6cf367b58cdfb43fc9efb55fc1b9c01_f.jpg
7075993,https://recipe1.ezmember.co.kr/cache/recipe/2026/05/11/d83f634b12ede662e2a381e00d6dbf0c1_f.jpg
6987130,https://recipe1.ezmember.co.kr/cache/recipe/2022/09/08/287091d9e5b191a9335d0411dac944be1_f.jpg
6888303,https://recipe1.ezmember.co.kr/cache/recipe/2018/05/04/ffa09dc859949865952eddb6da59390c1_f.jpg
6930757,https://recipe1.ezmember.co.kr/cache/recipe/2020/04/15/33413c83716d69d9341039a2982792541_f.jpg
7027713,https://recipe1.ezmember.co.kr/cache/recipe/2024/06/06/fdeab99cd13448b1d2177dec98ab79a11_f.jpg
6905459,https://recipe1.ezmember.co.kr/cache/recipe/2019/01/28/2699a88963cb5dd24cbd3da96969ed171_f.jpg
6835328,https://recipe1.ezmember.co.kr/cache/recipe/2015/09/30/38a14f35aaa4ef48b3f59345de0b794c1_f.jpg
6883968,https://recipe1.ezmember.co.kr/cache/recipe/2018/02/13/4eb5e70436a819ade7a28a7f9dc46eb51_f.jpg
6900443,https://recipe1.ezmember.co.kr/cache/recipe/2018/11/20/a0cf3bd26c5d5eba8f17bc8c46fb6e681_f.jpg
6835116,https://recipe1.ezmember.co.kr/cache/recipe/2015/09/25/596bcd8cb12284bbd5682ba00829cfb81_f.jpg
7046523,https://recipe1.ezmember.co.kr/cache/recipe/2025/03/04/66e9b6079d158e7133bfada3a6565f631_f.jpg
6922879,https://recipe1.ezmember.co.kr/cache/recipe/2019/12/05/d8d9620b1ee8848a817b983f3e0030051_f.jpg
6911891,https://recipe1.ezmember.co.kr/cache/recipe/2019/05/09/39679e27e01b616e1e99450393fd5bbd1_f.jpg
7060594,https://recipe1.ezmember.co.kr/cache/recipe/2025/08/18/a6a5b35649a32c5f02923e69d2d4d30a1_f.jpg
6881913,https://recipe1.ezmember.co.kr/cache/recipe/2018/01/07/13243ce920b478bd71534948e19848a91_f.jpg
6887456,https://recipe1.ezmember.co.kr/cache/recipe/2018/04/17/fda558bf61351f135a05a2c9a71a49b91_f.jpg
6843483,https://recipe1.ezmember.co.kr/cache/recipe/2016/02/22/002db8930e7a12052bf0b91db9a1c7591_f.jpg
6931302,https://recipe1.ezmember.co.kr/cache/recipe/2020/04/22/b994ba398cbd6e7a02354c781a2e91ad1_f.jpg
6869217,https://recipe1.ezmember.co.kr/cache/recipe/2017/05/02/7d826b5e4f7185c3ae49704a460d10661_f.jpg
7015045,https://recipe1.ezmember.co.kr/cache/recipe/2023/12/04/cb14602d4d575c8633ab4145d3f12d651_f.jpg
6839171,https://recipe1.ezmember.co.kr/cache/recipe/2015/12/04/2a0ce6acf743cf8890061ae74efa6ac61_f.jpg
6960619,https://recipe1.ezmember.co.kr/cache/recipe/2021/06/22/85f83261c11677a6ef600650c9677b7b1_f.jpg
6895535,https://recipe1.ezmember.co.kr/cache/recipe/2018/09/10/78924e49417c01e6dd7587c71e68e2ea1_f.jpg
6880057,https://recipe1.ezmember.co.kr/cache/recipe/2017/11/25/9664e34f29e604ec2291334e362f865f1_f.jpg
6896720,https://recipe1.ezmember.co.kr/cache/recipe/2018/09/28/695c0779c438228658eb8c1d7440af581_f.jpg
6906670,https://recipe1.ezmember.co.kr/cache/recipe/2019/02/15/3e0cccc2a0de686980fde9652af9ef111_f.jpg
7053625,https://recipe1.ezmember.co.kr/cache/recipe/2025/05/25/a0de173792591c38976782c8e4a076e71_f.jpg
7074401,https://recipe1.ezmember.co.kr/cache/recipe/2026/04/08/2c80a2d28c2b665f6a89936ee001be331_f.jpg
7020586,https://recipe1.ezmember.co.kr/cache/recipe/2024/02/20/6033688bbd8fcafbeb577da654c445071_f.jpg
6882362,https://recipe1.ezmember.co.kr/cache/recipe/2018/01/16/d1979ebc6ac6181939c3166db6a3b1371_f.png
6894090,https://recipe1.ezmember.co.kr/cache/recipe/2018/08/13/a16a4bdaf2986ab80bdea58bf35f77cb1_f.jpg
7044761,https://recipe1.ezmember.co.kr/cache/recipe/2025/02/13/be8f141413edd7b294403bbc3566b2a31_f.jpg
6916487,https://recipe1.ezmember.co.kr/cache/recipe/2019/07/26/07c54b9d4dd0e27380aee86a40eabcef1_f.jpg
7008060,https://recipe1.ezmember.co.kr/cache/recipe/2023/08/14/a0fd14e8c436d1a28daba1db01d674de1_f.jpg
7036196,https://recipe1.ezmember.co.kr/cache/recipe/2024/10/10/d25bef2ef7b9f829bf2fb5e87018bc361_f.jpg
6840019,https://recipe1.ezmember.co.kr/cache/recipe/2015/12/16/6f86b7ca6e908be7e04e6b7fff1e7e791_f.jpg
6913900,https://recipe1.ezmember.co.kr/cache/recipe/2019/06/13/f3c53e290840ec09a870b7b6ac1f67261_f.jpg
6856593,https://recipe1.ezmember.co.kr/cache/recipe/2016/09/06/07156bbb26bc3fed11078996c3caf3f81_f.jpg
7065350,https://recipe1.ezmember.co.kr/cache/recipe/2025/10/24/63bbec977c519d1b0d4cbefa1ae76b8f1_f.jpg
6940455,https://recipe1.ezmember.co.kr/cache/recipe/2020/08/30/623436f9fd6af940804e0e6212487a821_f.jpg
7027944,https://recipe1.ezmember.co.kr/cache/recipe/2024/06/10/ee97edbb22120cabfd3ec87b7ad41ee61_f.jpg
6924980,https://recipe1.ezmember.co.kr/cache/recipe/2020/01/14/475e1f1806c6334a99ff79900ab4aed31_f.jpg
6883155,https://recipe1.ezmember.co.kr/cache/recipe/2018/01/31/58de493c028acfcdabe3037042dc9a571_f.jpg
6918375,https://recipe1.ezmember.co.kr/cache/recipe/2019/08/28/e9690decc9bdd522ccbe48e828cdf0911_f.jpg
6907230,https://recipe1.ezmember.co.kr/cache/recipe/2019/02/24/09915debc272b49e5719f15b59f8ffa51_f.jpg
6882878,https://recipe1.ezmember.co.kr/cache/recipe/2018/01/26/669bfe7a890d67aefeda4ce2fd177b4a1_f.jpg
6925559,https://recipe1.ezmember.co.kr/cache/recipe/2020/01/27/3d365ffcfe66bd1badb4ac592eca125d1_f.jpg
7062176,https://recipe1.ezmember.co.kr/cache/recipe/2025/09/14/0b9e115e222961f46c413f076aee49801_f.jpg
7074096,https://recipe1.ezmember.co.kr/cache/recipe/2026/04/03/5b4df524b27b9100168ef4362a6dab3d1_f.jpg
6940834,https://recipe1.ezmember.co.kr/cache/recipe/2020/09/03/a04bb79b090c265a705ca59482ca91d81_f.jpg
6833455,https://recipe1.ezmember.co.kr/cache/recipe/2015/09/03/743481f9713b0faa05b426608951a1671_f.jpg
6931940,https://recipe1.ezmember.co.kr/cache/recipe/2020/05/02/613ee8a6959832799bf30aebe5b760041_f.jpg
6913510,https://recipe1.ezmember.co.kr/cache/recipe/2019/06/06/ce16db2b22c636d7f04aaa13eb6eb8b81_f.jpg
7074801,https://recipe1.ezmember.co.kr/cache/recipe/2026/04/13/f42064e98126cb7bd7bb9d5452d37c501_f.jpg
6949975,https://recipe1.ezmember.co.kr/cache/recipe/2021/01/02/704195ac74cf709352de3c8c6bb507711_f.jpg
6932155,https://recipe1.ezmember.co.kr/cache/recipe/2020/04/22/eb83dc30db90a31ff60d74ac78f3f2161_f.jpg
7050034,https://recipe1.ezmember.co.kr/cache/recipe/2025/04/12/f55ddb44905406cdf0871afa5c2c40ac1_f.jpg
6882685,https://recipe1.ezmember.co.kr/cache/recipe/2018/01/22/472be3bfb9d014893f22ef747df37f711_f.jpg
7071201,https://recipe1.ezmember.co.kr/cache/recipe/2026/02/07/f053b737cb5ab9b03dd460a8f2b6127b1_f.jpg
6831536,https://recipe1.ezmember.co.kr/cache/recipe/2015/08/11/5997ec4e8a2fb9643fae29994d038d1e1_f.jpg
7040176,https://recipe1.ezmember.co.kr/cache/recipe/2024/12/08/201fee024468a312a773fe8d12032ced1_f.jpg
7030846,https://recipe1.ezmember.co.kr/cache/recipe/2024/07/19/30df8c091223ab8d6eb82360b0c7ffc61_f.jpg
7022304,https://recipe1.ezmember.co.kr/cache/recipe/2024/03/16/d356f6641f5bca9a190552e36645bce71_f.jpg
6900918,https://recipe1.ezmember.co.kr/cache/recipe/2018/11/27/1d5f32db3089ae02bb124341c2951a761_f.jpg
7072609,https://recipe1.ezmember.co.kr/cache/recipe/2026/03/05/7c1875052b946385cafa4e077ce184231_f.jpg
6895633,https://recipe1.ezmember.co.kr/cache/recipe/2018/09/11/40f15382e29e9397deeb437e5d9873981_f.jpg
6886525,https://recipe1.ezmember.co.kr/cache/recipe/2018/03/25/284b43b3fcf3b8d5d6ddb7952f1240a91_f.jpg
6857432,https://recipe1.ezmember.co.kr/cache/recipe/2016/09/25/13fd8df80f7a38a08cdbb98249306f2f1_f.jpg
6964124,https://recipe1.ezmember.co.kr/cache/recipe/2021/08/28/e7e70bf3ab605bba2baee04e766dcc1d1_f.jpg
6897328,https://recipe1.ezmember.co.kr/cache/recipe/2018/10/07/4cc5d8fad527e148e52cd25d01afbdcb1_f.jpg
6952911,https://recipe1.ezmember.co.kr/cache/recipe/2021/02/05/bc52298047c9bef6ea5056411fbef6a21_f.jpg
6872334,https://recipe1.ezmember.co.kr/cache/recipe/2017/07/06/e36103ef9fcb3cddfeb601d24cd995fc1_f.jpg
6902079,https://recipe1.ezmember.co.kr/cache/recipe/2018/12/15/256905647e828147814a7b86064b00641_f.jpg
7056429,https://recipe1.ezmember.co.kr/cache/recipe/2025/06/16/f22560fcea037884c5e2b664ee4524d61_f.jpg
6857355,https://recipe1.ezmember.co.kr/cache/recipe/2016/09/23/9d1e724103e41d0ba8a11f2fd65f18621_f.jpg
6944180,https://recipe1.ezmember.co.kr/cache/recipe/2020/10/14/8143683aadad508c8558a858ea44f4b71_f.jpg
6846665,https://recipe1.ezmember.co.kr/cache/recipe/2016/04/18/57784876449ced72667b75b8196b71701_f.jpg
6967116,https://recipe1.ezmember.co.kr/cache/recipe/2021/10/18/47f66558465b0f5cac5453cbed7f52671_f.jpg
6870873,https://recipe1.ezmember.co.kr/cache/recipe/2017/06/07/3a92ec90e190373cd59c036de64dcfeb1_f.jpg
6834020,https://recipe1.ezmember.co.kr/cache/recipe/2015/09/10/50680b960679bf44509461583bbb44771_f.jpg
6896662,https://recipe1.ezmember.co.kr/cache/recipe/2018/09/27/b6b3d7ce6706d330a442185758fc1a211_f.jpg
7014736,https://recipe1.ezmember.co.kr/cache/recipe/2023/11/15/26a11826db137d52b1fe34d59096ebc01_f.jpg
7073179,https://recipe1.ezmember.co.kr/cache/recipe/2026/03/17/ae68d90f3080f3fb96b0d874286b600b1_f.jpg
6966065,https://recipe1.ezmember.co.kr/cache/recipe/2021/09/23/e541a46779db0cb8c385cfc98b488af91_f.jpg
6840860,https://recipe1.ezmember.co.kr/cache/recipe/2015/12/29/7a7230f0ac5acf947c941cebccdff8341_f.jpg
6924578,https://recipe1.ezmember.co.kr/cache/recipe/2020/01/09/39a4528c66c63e8d538535b3eb3aad7d1_f.jpg
6870667,https://recipe1.ezmember.co.kr/cache/recipe/2017/06/02/bd6ba1274f04c67767788aa2bdf494731_f.jpg
6983150,https://recipe1.ezmember.co.kr/cache/recipe/2022/07/09/ade199e37056227f83fac4cb00d7b4141_f.jpg
6845096,https://recipe1.ezmember.co.kr/cache/recipe/2016/03/23/0b869faf7e59319718e83b978a7b81b91_f.jpg
6932945,https://recipe1.ezmember.co.kr/cache/recipe/2020/05/19/e024c14a97b1ea37500275fce7d312f01_f.jpg
6868053,https://recipe1.ezmember.co.kr/cache/recipe/2017/04/07/3141469b8280dad9e5b88b00248bffc11_f.jpg
6836239,https://recipe1.ezmember.co.kr/cache/recipe/2015/10/15/12789321e55e91385af764e57eb651ab1_f.jpg
6842996,https://recipe1.ezmember.co.kr/cache/recipe/2016/02/11/426ece82a06e9875fde71389b7f14f191_f.jpg
6856552,https://recipe1.ezmember.co.kr/cache/recipe/2016/09/05/d7d896c0f0d8c39004112962b8f8fbb71_f.jpg
7042532,https://recipe1.ezmember.co.kr/cache/recipe/2025/01/12/83a4ecfa86e0906d853c574d9ce9a0671_f.jpg
6882907,https://recipe1.ezmember.co.kr/cache/recipe/2018/01/26/d8acf55989e8c2fb0b912a2983161e6a1_f.jpg
6985149,https://recipe1.ezmember.co.kr/cache/recipe/2022/08/08/e109319be2eb5bafa784692d8a7a523c1_f.jpg
6958565,https://recipe1.ezmember.co.kr/cache/recipe/2021/05/18/9f88d6a5e15376ff029533c6667882f21_f.jpg
6939543,https://recipe1.ezmember.co.kr/cache/recipe/2020/08/18/32775e06923a4bef0cb6093ff84d28ef1_f.jpg
7050521,https://recipe1.ezmember.co.kr/cache/recipe/2025/04/17/7a5e8173bda49e5fbdad2cb20e834c911_f.jpg
7045222,https://recipe1.ezmember.co.kr/cache/recipe/2025/02/03/8e41a1cb51173dc87c3ba7fa2534c8b31_f.jpg
7046634,https://recipe1.ezmember.co.kr/cache/recipe/2025/03/20/08634f09a862a382cfb63b2891063f831_f.png
6943806,https://recipe1.ezmember.co.kr/cache/recipe/2020/10/10/edd3cb0c4326106d8f86de7df0b5a7651_f.png
6800191,https://recipe1.ezmember.co.kr/cache/recipe/2015/05/29/026b710c63099a7668bc45189e0c06fe1_f.jpg
6839720,https://recipe1.ezmember.co.kr/cache/recipe/2015/12/12/83452cc22ea191d52019eaea8b52359a1_f.jpg
6897545,https://recipe1.ezmember.co.kr/cache/recipe/2018/10/10/65fcae8bdfc4123a5c35e1f492b60e431_f.jpg
6905992,https://recipe1.ezmember.co.kr/cache/recipe/2019/02/06/10cfd560bbc4204737fe6cf19bb237091_f.jpg
6841467,https://recipe1.ezmember.co.kr/cache/recipe/2016/01/12/e10deb81b9c0a357b56a232c166a561c1_f.jpg
6834113,https://recipe1.ezmember.co.kr/cache/recipe/2015/09/11/8e3599561387b3bdafb9e99864cc4df01_f.jpg
6964897,https://recipe1.ezmember.co.kr/cache/recipe/2021/09/10/3a8427cfb8d94be2ab4b65feeaa2adca1_f.jpg
4014043,https://recipe1.ezmember.co.kr/cache/recipe/2015/06/30/0fb328a91cc3775037d72c2b564eb308_f.jpg
6902741,https://recipe1.ezmember.co.kr/cache/recipe/2018/12/24/093a147008cb833d38b1620ffc0877f31_f.jpg
6926327,https://recipe1.ezmember.co.kr/cache/recipe/2020/02/10/2c5ea44c074a44bce2625dd155e30d131_f.jpg
6934620,https://recipe1.ezmember.co.kr/cache/recipe/2020/06/19/16d8e64977c1b90ea293a4a9871a8fda1_f.jpg
6994080,https://recipe1.ezmember.co.kr/cache/recipe/2022/12/20/dadc541573d70048b9555a961dc514ad1_f.jpg
6894454,https://recipe1.ezmember.co.kr/cache/recipe/2018/08/20/03a1dcaabcc02153ba23cb8a02a913d01_f.jpg
6870997,https://recipe1.ezmember.co.kr/cache/recipe/2017/06/09/9230c0446ebf924834ee691c67b1c26f1_f.jpg
7076383,https://recipe1.ezmember.co.kr/cache/recipe/2026/05/20/73b0ec11785889cbc0b97d6bef7a8c491_f.jpg
7040595,https://recipe1.ezmember.co.kr/cache/recipe/2024/12/15/7fe13beef4e83398d35ca6da6d5905f91_f.jpg
7071692,https://recipe1.ezmember.co.kr/cache/recipe/2026/02/16/580ac4d54c46ca0340b0e388fb53a5ae1_f.jpg
7067620,https://recipe1.ezmember.co.kr/cache/recipe/2025/12/04/eaa9e084419491112e64c8974fb4dc721_f.png
6995253,https://recipe1.ezmember.co.kr/cache/recipe/2023/01/11/91f7ec8e238c679d608fc757f33fad111_f.jpg
6908353,https://recipe1.ezmember.co.kr/cache/recipe/2019/03/14/9b12d8b8ee7d2638bbc9b870d82ca84a1_f.jpg
6960281,https://recipe1.ezmember.co.kr/cache/recipe/2021/06/16/9bd59aa62fae6cb74e8023383d5662f41_f.jpg
7040924,https://recipe1.ezmember.co.kr/cache/recipe/2024/12/19/9321f0399bd1a7899c819c6a4a7c3f4e1_f.jpg
6865737,https://recipe1.ezmember.co.kr/cache/recipe/2017/02/23/c9a589caaf45fc22d5bbd0a3fd0aff6a1_f.jpg
7029076,https://recipe1.ezmember.co.kr/cache/recipe/2024/06/25/19f1a736bd9cdc96831b5f443a9352591_f.jpg
6898988,https://recipe1.ezmember.co.kr/cache/recipe/2018/10/29/0dd4c2525a4585417e37cff57a7701d11_f.jpg
6832866,https://recipe1.ezmember.co.kr/cache/recipe/2015/08/26/43d1ccb06dfd69a4adb0c30eef0e6de11_f.jpg
6910791,https://recipe1.ezmember.co.kr/cache/recipe/2019/04/19/4d57940fd744b59abfac3390772a04711_f.jpg
6925654,https://recipe1.ezmember.co.kr/cache/recipe/2020/01/28/e4ca51aa9597244825fa5d5555a447621_f.jpg
6900094,https://recipe1.ezmember.co.kr/cache/recipe/2018/11/14/f4be994c5ec79594895e945d1e21e6341_f.jpg
6867971,https://recipe1.ezmember.co.kr/cache/recipe/2017/03/25/c4c5aa97ae2c65fc34b7214c5dbd1d1e1_f.jpg
6916481,https://recipe1.ezmember.co.kr/cache/recipe/2019/07/25/0d3b0b5abd4fc2e8b86be45154392d551_f.jpg
6923484,https://recipe1.ezmember.co.kr/cache/recipe/2019/12/13/0e8b18a2ebbe8cf34ae3a1fba7243b111_f.jpg
7074381,https://recipe1.ezmember.co.kr/cache/recipe/2026/04/07/c9f9d7e40997fb88626574ccbcef9fff1_f.jpg
6908461,https://recipe1.ezmember.co.kr/cache/recipe/2019/03/15/9bda9568c8d4b928a18d1c9f60dece621_f.jpg
6828936,https://recipe1.ezmember.co.kr/cache/recipe/2015/06/14/98b8f0163f780dd393caa9165618e2771_f.jpg
6941975,https://recipe1.ezmember.co.kr/cache/recipe/2020/09/15/a7c5f2799868b9de02974454159192971_f.jpg
7047298,https://recipe1.ezmember.co.kr/cache/recipe/2025/03/12/e6a46165cec1a401593b978176fe3f991_f.jpg
6838162,https://recipe1.ezmember.co.kr/cache/recipe/2015/11/16/49a8900320a6e1cfe8a7d43f95ebe8d01_f.jpg
6865518,https://recipe1.ezmember.co.kr/cache/recipe/2017/02/19/9a231492fc8704fe997bfa53e39666b81_f.jpg
6899457,https://recipe1.ezmember.co.kr/cache/recipe/2018/10/29/4c178a4f5751fc23b5729151b659e6dc1_f.jpg
6936738,https://recipe1.ezmember.co.kr/cache/recipe/2020/07/15/f006c79e9c4f3a73f2a8df5544f7311c1_f.jpg
6993259,https://recipe1.ezmember.co.kr/cache/recipe/2022/12/05/36def0de7e5b2bbf1e264a6d6f93a0a81_f.jpg
6645702,https://recipe1.ezmember.co.kr/cache/recipe/2015/05/20/65a792ef63fbdc17961faa41c5e159e91_f.JPG
6938414,https://recipe1.ezmember.co.kr/cache/recipe/2020/08/05/2aa0915d9b51973e57d900ea687e035a1_f.jpg
6829386,https://recipe1.ezmember.co.kr/cache/recipe/2015/06/24/a5c11f305402da20f9aa5a491ccc547e1_f.jpg
6978407,https://recipe1.ezmember.co.kr/cache/recipe/2022/04/25/f6f27ad0fc1dba831f48d9ac2374e4c11_f.jpg
6850871,https://recipe1.ezmember.co.kr/cache/recipe/2016/06/13/0790d26778d530dc47aadf78991f8ff31_f.jpg
6900344,https://recipe1.ezmember.co.kr/cache/recipe/2018/11/18/962f26beca83942c70e66572e8d30a5d1_f.jpg
6922546,https://recipe1.ezmember.co.kr/cache/recipe/2019/11/21/e1ad0b7f031657b1605488e754ff876b1_f.jpg
6909442,https://recipe1.ezmember.co.kr/cache/recipe/2019/03/29/3f049f8115f6aabdc0a76d27d23d69661_f.jpg
6886431,https://recipe1.ezmember.co.kr/cache/recipe/2018/03/31/cbadd2b308e1ed1abd9ec7891257e8021_f.jpg
6882939,https://recipe1.ezmember.co.kr/cache/recipe/2018/01/27/f4098a5973456d401e36ee0dba4ebe721_f.jpg
6977474,https://recipe1.ezmember.co.kr/cache/recipe/2022/04/07/03a6b5cd9b34f9c624493aa79fa917e11_f.jpg
6832603,https://recipe1.ezmember.co.kr/cache/recipe/2015/08/23/135d12aac188d0f171653cb1b424baca1_f.jpg
7022533,https://recipe1.ezmember.co.kr/cache/recipe/2024/03/19/9b3fec9963309677e0797beb6ee0ac441_f.jpg
6870882,https://recipe1.ezmember.co.kr/cache/recipe/2017/06/07/d3c6dd4b6950f09c5709572b524ad99e1_f.jpg
2673466,https://recipe1.ezmember.co.kr/cache/recipe/2015/06/08/2cc5a2ec18fc2f9b3b4cf3fcec424433_f.jpg
6937375,https://recipe1.ezmember.co.kr/cache/recipe/2020/07/23/bb7b385388fb418f17a829aeb57d41021_f.jpg
6875452,https://recipe1.ezmember.co.kr/cache/recipe/2017/08/27/2a55a7613cd18dcce9fa47cc3792effd1_f.jpg
6829038,https://recipe1.ezmember.co.kr/cache/recipe/2015/07/16/089a955bc43b9e80b8becf77fe241b701_f.jpg
6897337,https://recipe1.ezmember.co.kr/cache/recipe/2018/10/07/88af7cf11feb8f2f1ccd8dd1a00b4cf41_f.jpg
7047892,https://recipe1.ezmember.co.kr/cache/recipe/2025/03/19/1b38d3b3998184c131ca8d4fd4cdf5fb1_f.jpg
6899911,https://recipe1.ezmember.co.kr/cache/recipe/2018/11/10/d0881f710b5d7f5c2ce3343b654ce7a01_f.jpg
6902380,https://recipe1.ezmember.co.kr/cache/recipe/2018/12/18/24cc923b7d4ae6357dfba8a6ef1c7c001_f.png
7064968,https://recipe1.ezmember.co.kr/cache/recipe/2025/10/23/60454ac796ee3c7a0acf489151e82a9d1_f.jpg
6930570,https://recipe1.ezmember.co.kr/cache/recipe/2020/04/13/13cb4e21df2129fe3d236f1861e12a281_f.jpg
7074800,https://recipe1.ezmember.co.kr/cache/recipe/2026/04/16/ffc96e63fb4a627be554e120679e5e831_f.jpg
6876298,https://recipe1.ezmember.co.kr/cache/recipe/2017/09/03/efd7cf8e590633fc127736f7e4af88411_f.jpg
6990515,https://recipe1.ezmember.co.kr/cache/recipe/2022/10/23/0c6328874b809fda4c43dad049e9aeee1_f.jpg
6952354,https://recipe1.ezmember.co.kr/cache/recipe/2021/01/30/e1ef47d2b0d32eb1f58c9f0cbc089e3d1_f.jpg
6916630,https://recipe1.ezmember.co.kr/cache/recipe/2019/07/29/126c6998963e0a6c3329e899759dac7d1_f.jpg
6685841,https://recipe1.ezmember.co.kr/cache/recipe/2015/05/17/e94ac49f8ec3bef2b9a67496726220d41_f.JPG
6964223,https://recipe1.ezmember.co.kr/cache/recipe/2021/08/30/4ed6c5ba617d96225e9e825c208388691_f.jpg
6919514,https://recipe1.ezmember.co.kr/cache/recipe/2019/09/22/587ffbbe27e6ea5f2ff042f4bcea293f1_f.jpg
6970817,https://recipe1.ezmember.co.kr/cache/recipe/2021/12/13/1e1b94b21820f7e8d5daba5d8999b0cf1_f.jpg
6866466,https://recipe1.ezmember.co.kr/cache/recipe/2017/03/08/576ff2b41c53e95dce75bc8017e296f81_f.jpg
6939035,https://recipe1.ezmember.co.kr/cache/recipe/2020/08/12/b6a360ecc19b2ddc679664b31eae122d1_f.jpg
6993308,https://recipe1.ezmember.co.kr/cache/recipe/2022/12/06/ea8f06bdb0b0f8aa819e97c6df5f30131_f.jpg
6859220,https://recipe1.ezmember.co.kr/cache/recipe/2016/10/26/87257ea308cf1730ef0dab1ba9edccb81_f.jpg
6905710,https://recipe1.ezmember.co.kr/cache/recipe/2019/02/01/c5ad7f9acb6989e4a067a18acd306eb01_f.jpg
6861397,https://recipe1.ezmember.co.kr/cache/recipe/2016/11/22/0658a833dd64886dbda0eaee065fc73d1_f.jpg
6989508,https://recipe1.ezmember.co.kr/cache/recipe/2022/10/14/927da98526e5d5acf2577269f2f98e751_f.jpg
6863785,https://recipe1.ezmember.co.kr/cache/recipe/2017/01/11/d05c6684f67303549fe0ae153965df461_f.jpg
6935097,https://recipe1.ezmember.co.kr/cache/recipe/2020/06/26/21b142fd891b123aeda5cccab784968e1_f.jpg
6865345,https://recipe1.ezmember.co.kr/cache/recipe/2017/02/15/c8a092e2017d1b5302233832711df6a21_f.jpg
6998074,https://recipe1.ezmember.co.kr/cache/recipe/2023/03/04/34e61643bdc79120963575ae3163b35a1_f.jpg
6882231,https://recipe1.ezmember.co.kr/cache/recipe/2018/01/12/5cef19ddcabb54f8567e9bee62bf75a51_f.jpg
7024640,https://recipe1.ezmember.co.kr/cache/recipe/2024/04/17/a34e46c05c70f6244837d777bd2c6d931_f.jpg
6833523,https://recipe1.ezmember.co.kr/cache/recipe/2015/08/28/567338d9b2b79d109f0cf8220c412cbb1_f.jpg
6834055,https://recipe1.ezmember.co.kr/cache/recipe/2015/09/10/cf664b88500af4f6e49774b2129f6d0f1_f.jpg
6905021,https://recipe1.ezmember.co.kr/cache/recipe/2019/01/22/209d1b0860d71c45978f804721f107f71_f.jpg
6859075,https://recipe1.ezmember.co.kr/cache/recipe/2016/10/25/f3e9bbd3921909a390fe8c831559a3771_f.jpg
6880120,https://recipe1.ezmember.co.kr/cache/recipe/2017/11/27/e2ffd7eed2766373393f25204196c3491_f.jpg
6901904,https://recipe1.ezmember.co.kr/cache/recipe/2018/12/13/4e566cd552398823e631f347f2f7da031_f.png
6917371,https://recipe1.ezmember.co.kr/cache/recipe/2019/08/13/28cc8f66f7cc0b2c16dd0401a698671f1_f.jpg
7072675,https://recipe1.ezmember.co.kr/cache/recipe/2026/03/06/62e7aa6eced4944aa3e535975e43952d1_f.jpg
6858261,https://recipe1.ezmember.co.kr/cache/recipe/2016/10/11/7127fccdc22315b573aaaae5074c15af1_f.jpg
6887568,https://recipe1.ezmember.co.kr/cache/recipe/2021/10/28/13dfea4ad99248a39a253b45f956e16c1_f.jpg
6844674,https://recipe1.ezmember.co.kr/cache/recipe/2016/03/14/e8ce9eb23e635c1142dcb242f01555201_f.jpg
6830910,https://recipe1.ezmember.co.kr/cache/recipe/2015/07/30/f3f7191e257d12d6457d59f0e83ba34c1_f.jpg
6871438,https://recipe1.ezmember.co.kr/cache/recipe/2017/06/18/abfe3cc61ba22b1d7763f8f47e0ffd1a1_f.jpg
7050546,https://recipe1.ezmember.co.kr/cache/recipe/2025/03/19/5509be56d69ee9f60156ca9bf4a1dcac1_f.jpg
7074659,https://recipe1.ezmember.co.kr/cache/recipe/2026/04/13/277626a44a8945a8dd644e4ba201127c1_f.jpg
6877745,https://recipe1.ezmember.co.kr/cache/recipe/2017/10/12/5920e17e75d7257b0e03e1f0b90324a81_f.jpg
6916246,https://recipe1.ezmember.co.kr/cache/recipe/2019/06/12/19b99bc7c401d9a7983cbaa46463ef6f1_f.jpg
6908099,https://recipe1.ezmember.co.kr/cache/recipe/2019/03/10/14cd8fecf44607b2df03052f389877a81_f.jpg
7072882,https://recipe1.ezmember.co.kr/cache/recipe/2026/03/11/53a3e82ca8646fffc9014f9da1b0fcb01_f.jpg
6895082,https://recipe1.ezmember.co.kr/cache/recipe/2018/08/31/3ba3b842f2e7c0fce4a284684584368f1_f.jpg
6902329,https://recipe1.ezmember.co.kr/cache/recipe/2018/12/19/a91c7f98edd4dd4da3169eadf2be7d591_f.jpg
6959800,https://recipe1.ezmember.co.kr/cache/recipe/2021/06/07/f37962c1bc6b84f96e927123c2ee80d31_f.jpg
6885817,https://recipe1.ezmember.co.kr/cache/recipe/2018/03/20/e4073c7fce517519e01e32e4536f886e1_f.jpg
6873183,https://recipe1.ezmember.co.kr/cache/recipe/2017/07/21/fed5f074118c026fa6752aa7a15d3fae1_f.png
6980604,https://recipe1.ezmember.co.kr/cache/recipe/2022/06/06/2d35c9b5b32df3e7ff9496dd1dd2f9851_f.png
7074824,https://recipe1.ezmember.co.kr/cache/recipe/2026/04/16/03a421e03a4877bfab984825e2af534e1_f.jpg
6932428,https://recipe1.ezmember.co.kr/cache/recipe/2020/05/10/93d9ec89c7c41559c6e53f3f89a616da1_f.jpg
6832425,https://recipe1.ezmember.co.kr/cache/recipe/2015/08/20/e4e010761d3ee923c63909891aad37451_f.jpg
6948689,https://recipe1.ezmember.co.kr/cache/recipe/2020/12/17/bce8313c07bbc576d3c5afff0031f4681_f.jpg
7077625,https://recipe1.ezmember.co.kr/cache/recipe/2026/06/12/7dbea8446fda1c6797b00fee4ae751321_f.jpg
6979011,https://recipe1.ezmember.co.kr/cache/recipe/2022/05/09/aa5132137342d78048eeaf836874a10a1_f.jpg
6899335,https://recipe1.ezmember.co.kr/cache/recipe/2018/11/04/bddb5b4bee8bfc523fb130df3788145e1_f.jpg
6880868,https://recipe1.ezmember.co.kr/cache/recipe/2017/12/12/56b17fa65700bdc587e1447dddabeaf21_f.jpg
6872063,https://recipe1.ezmember.co.kr/cache/recipe/2017/07/01/3b0423e87fb37e4500663e6cce0778931_f.jpg
6852622,https://recipe1.ezmember.co.kr/cache/recipe/2016/07/12/d88688bdf8fa2173391b316133c7ca1a1_f.jpg
6927865,https://recipe1.ezmember.co.kr/cache/recipe/2020/03/06/d592de61d0845e97df82054cc97fabb31_f.jpg
6976969,https://recipe1.ezmember.co.kr/cache/recipe/2022/03/29/8ff58bbf4a4a2fe9c0ec6d87658024881_f.jpg
4013029,https://recipe1.ezmember.co.kr/cache/recipe/2015/06/24/9118cc0f8f62b59859977bb3cd66e0c6_f.jpg
7074433,https://recipe1.ezmember.co.kr/cache/recipe/2026/04/08/ff01678fb24d5d399ab9fa49b23c1d181_f.jpg
6895526,https://recipe1.ezmember.co.kr/cache/recipe/2018/09/04/52cc57e7702e893632ea2d2ac8ceb0c11_f.jpg
6853461,https://recipe1.ezmember.co.kr/cache/recipe/2016/07/26/503d57b740af2721d5f2aa9ad63fb8451_f.jpg
7044771,https://recipe1.ezmember.co.kr/cache/recipe/2025/02/13/12d5fafb2ec53ac8448cbd9e047d151d1_f.jpg
6865417,https://recipe1.ezmember.co.kr/cache/recipe/2017/02/17/f0776c69ec103e5970821e97082362c11_f.jpg
6858432,https://recipe1.ezmember.co.kr/cache/recipe/2016/09/13/f1179329f005e5b6d7e705eba608b6e01_f.jpg
7075068,https://recipe1.ezmember.co.kr/cache/recipe/2026/04/21/fa7738507569aded6f51c2038bad8f631_f.jpg
6951084,https://recipe1.ezmember.co.kr/cache/recipe/2021/01/15/92dcfaf28ff397cf830d24447a32c15f1_f.jpg
6983886,https://recipe1.ezmember.co.kr/cache/recipe/2022/07/20/990dd1ddb2cf1df0b75e3a1eae9ab2391_f.jpg
7005617,https://recipe1.ezmember.co.kr/cache/recipe/2023/07/07/7fa82bf2d124346f6a14d8cc11faea771_f.jpg
6925327,https://recipe1.ezmember.co.kr/cache/recipe/2020/01/21/3f5c22957dc0e6e6ca1093f2f119f5951_f.jpg
6866209,https://recipe1.ezmember.co.kr/cache/recipe/2017/03/03/39ead349e4237726ba8821e6964dea971_f.jpg
6861939,https://recipe1.ezmember.co.kr/cache/recipe/2016/11/30/49eb03f29cd9183d2c5354e7915530e51_f.jpg
6943129,https://recipe1.ezmember.co.kr/cache/recipe/2020/09/29/f0459e27509bf2d8b34059adde245ed91_f.jpg
6848377,https://recipe1.ezmember.co.kr/cache/recipe/2016/05/18/5070f5c55076ca66ceef663729163d1d1_f.jpg
7001500,https://recipe1.ezmember.co.kr/cache/recipe/2023/05/01/5f8242d9c1f6110df9dd4cfbbbcd13681_f.jpg
6925791,https://recipe1.ezmember.co.kr/cache/recipe/2020/02/01/d15d281568459618b9d9962f237c6ed01_f.png
6911919,https://recipe1.ezmember.co.kr/cache/recipe/2019/05/08/f4fce2df7a9cf4e59514a866157c6e161_f.jpg
6830214,https://recipe1.ezmember.co.kr/cache/recipe/2015/07/13/8d35ced11f5f5987841dab18c188f5ee1_f.jpg
7073300,https://recipe1.ezmember.co.kr/cache/recipe/2026/03/19/b9153485fb23b41f6841c11d50363b611_f.jpg
6877392,https://recipe1.ezmember.co.kr/cache/recipe/2017/09/08/45da879421c0623fa90a142a2bf2b79a1_f.jpg
6902078,https://recipe1.ezmember.co.kr/cache/recipe/2018/12/15/fa797f5a53919345c9c049638022edb61_f.jpg
7004394,https://recipe1.ezmember.co.kr/cache/recipe/2023/06/13/2a437f20fc610baa767273e06cf94dd41_f.jpg
6874862,https://recipe1.ezmember.co.kr/cache/recipe/2017/08/17/d5b7052f9fac10d5ca9c0dc27854c9a01_f.jpg
6867119,https://recipe1.ezmember.co.kr/cache/recipe/2017/03/20/776700ace31b33143807ceafcec46b391_f.jpg
6930883,https://recipe1.ezmember.co.kr/cache/recipe/2020/04/16/81c5f2df4a4353165d049fbf5a71fcfd1_f.jpg
6842991,https://recipe1.ezmember.co.kr/cache/recipe/2016/02/14/d57a00198311cae85f1db8ed7580e0a51_f.jpg
6893419,https://recipe1.ezmember.co.kr/cache/recipe/2018/07/31/9f0478f8b8b7c1da84ffd6a93e906d281_f.jpg
6928540,https://recipe1.ezmember.co.kr/cache/recipe/2020/03/16/5c7d22b2a2b2b07c1de973519ebff69e1_f.jpg
6967206,https://recipe1.ezmember.co.kr/cache/recipe/2021/10/19/7cd83c3d3ea97f84f8dd439b734670c41_f.jpg
6929691,https://recipe1.ezmember.co.kr/cache/recipe/2020/04/01/2ff2c525219ce285392c7404e8df3b2c1_f.jpg
6930753,https://recipe1.ezmember.co.kr/cache/recipe/2020/04/15/442978a2768f19080ca0a67cc0812aad1_f.jpg
6920475,https://recipe1.ezmember.co.kr/cache/recipe/2019/10/11/dc27fe5e9a64935f4f713d8f1e5a41e21_f.jpg
6932067,https://recipe1.ezmember.co.kr/cache/recipe/2020/05/04/059293013789ac076f6da60db79d89fc1_f.jpg
6929518,https://recipe1.ezmember.co.kr/cache/recipe/2020/03/29/af2b36579d909a7bba2dda3d265ef5691_f.jpg
6909228,https://recipe1.ezmember.co.kr/cache/recipe/2019/03/26/d54f76d5effa4000151efc96345c73f51_f.jpg
6881146,https://recipe1.ezmember.co.kr/cache/recipe/2017/12/19/58b722cc846f8ee4f522fbe59247f63c1_f.jpg
6968181,https://recipe1.ezmember.co.kr/cache/recipe/2021/11/05/fcf07a38bd6b5779eecf5442ed7889571_f.jpg
4259171,https://recipe1.ezmember.co.kr/cache/recipe/2015/06/29/91e95dcbc13e3ddfb5524e2cb80a774d_f.jpg
6987357,https://recipe1.ezmember.co.kr/cache/recipe/2022/09/12/abd7265f0a6f4814a603560626a4536e1_f.jpg
7073921,https://recipe1.ezmember.co.kr/cache/recipe/2026/03/28/5c0959e4c302e5b2778064bef65d0f061_f.jpg
7050713,https://recipe1.ezmember.co.kr/cache/recipe/2025/04/20/4e4280d26f56bb0051ddd6725ff6b7041_f.jpg
7069470,https://recipe1.ezmember.co.kr/cache/recipe/2026/01/07/e24714c8069c01df208764af29eb84431_f.jpg
6944886,https://recipe1.ezmember.co.kr/cache/recipe/2020/10/23/97bd661b89d25ba0fc9e122dea995d181_f.jpg
6888222,https://recipe1.ezmember.co.kr/cache/recipe/2018/05/02/5533d02d2580dbd4a05c5b9b9b39dcfc1_f.jpg
6878001,https://recipe1.ezmember.co.kr/cache/recipe/2017/10/16/3e4186636a676b7f4790cf6e7b4f99d61_f.jpg
4202489,https://recipe1.ezmember.co.kr/cache/recipe/2015/04/15/de2dbce1cfe94ae52b4c47c9da8347b5_f.jpg
7019082,https://recipe1.ezmember.co.kr/cache/recipe/2024/02/01/5c6fa650399927495ed252ab7a71b7571_f.jpg
7037149,https://recipe1.ezmember.co.kr/cache/recipe/2024/10/26/1f98df4203a0c20c1a375759f3db3e391_f.jpg
7066967,https://recipe1.ezmember.co.kr/cache/recipe/2025/11/25/a17e2b852166efe2276883aebb7fcc791_f.jpg
7075758,https://recipe1.ezmember.co.kr/cache/recipe/2026/05/06/77f997f896d4ba0b33f3de5c3fa3b5751_f.jpg
6892053,https://recipe1.ezmember.co.kr/cache/recipe/2018/07/06/ac0d9ae8190fdb58aa3abebf6fe9858f1_f.jpg
6926839,https://recipe1.ezmember.co.kr/cache/recipe/2020/02/19/72f3771f5c773e67bdb67d76e85085351_f.jpg
6878563,https://recipe1.ezmember.co.kr/cache/recipe/2017/10/25/864c3320faa12cab0c10bd3b25c1830b1_f.jpg
6833978,https://recipe1.ezmember.co.kr/cache/recipe/2015/09/09/9a0538a5008e9a59278fa0ffa5fdb0201_f.jpg
6878147,https://recipe1.ezmember.co.kr/cache/recipe/2017/10/17/2f72ada65495b37bcfc27adfa8af948c1_f.jpg
6943606,https://recipe1.ezmember.co.kr/cache/recipe/2020/10/07/6847200d045ed57748d51b519f4a76fe1_f.jpg
6947103,https://recipe1.ezmember.co.kr/cache/recipe/2020/11/27/368eee49b3fe0ef07d9688ecdbb644c21_f.jpg
6960246,https://recipe1.ezmember.co.kr/cache/recipe/2021/06/15/8477b444b1c1c6e7417854a9c1611ca41_f.jpg
6850807,https://recipe1.ezmember.co.kr/cache/recipe/2016/06/11/20d0698769415d7a81fa8ba45e0a7a961_f.jpg
6947889,https://recipe1.ezmember.co.kr/cache/recipe/2020/12/08/a776101a7b37e56ed657d6648d11c8561_f.jpg
7068733,https://recipe1.ezmember.co.kr/cache/recipe/2025/12/26/96fd6e5b233b1a826ab8e27f254c997b1_f.jpg
6834539,https://recipe1.ezmember.co.kr/cache/recipe/2015/09/17/a34f60631906262fc53fa2bb9b8a968c1_f.jpg
7007524,https://recipe1.ezmember.co.kr/cache/recipe/2023/08/06/2d036be4be7f691f61d8cedd8a7432d71_f.jpg
6900005,https://recipe1.ezmember.co.kr/cache/recipe/2018/11/12/364ac9f8fd2b91f23ff7c9e4b2c3d52c1_f.jpg
6928073,https://recipe1.ezmember.co.kr/cache/recipe/2020/03/09/59578ad757fb495b6c26e43b5868427b1_f.jpg
6875585,https://recipe1.ezmember.co.kr/cache/recipe/2017/08/30/667ac38bea5ee182694fe5780a3dc6ce1_f.jpg
7014721,https://recipe1.ezmember.co.kr/cache/recipe/2023/12/01/d2ebdb97194a73d65af884179446625c1_f.jpg
6904490,https://recipe1.ezmember.co.kr/cache/recipe/2019/01/16/b4e449c8f8cbb6b73dd920ec554deade1_f.jpg
6981118,https://recipe1.ezmember.co.kr/cache/recipe/2022/06/11/6b058c702b19d78e1807c7b6d22f7a911_f.jpg
6892477,https://recipe1.ezmember.co.kr/cache/recipe/2018/07/13/9e3977fde067a183c1d52af625c9f45a1_f.jpg
7073728,https://recipe1.ezmember.co.kr/cache/recipe/2026/03/27/2600f3ac0e9c539e5cbd20ff03a2f9f11_f.jpg
2803587,https://recipe1.ezmember.co.kr/cache/recipe/2015/04/13/a27558277650db9b543a5e1ea094ac801_f.jpg
7071691,https://recipe1.ezmember.co.kr/cache/recipe/2026/02/16/aac47e2116a9bcafaa9379e8895ce3f51_f.jpg
6879950,https://recipe1.ezmember.co.kr/cache/recipe/2017/11/22/a39af42c2a5a4ed84500fff215f801451_f.jpg
4158610,https://recipe1.ezmember.co.kr/cache/recipe/2015/04/22/f2c0f3b64cf4ea10c38479ce2918d3f51_f.jpg
6919682,https://recipe1.ezmember.co.kr/cache/recipe/2019/09/26/d0a7a3fec4ca1a5eeb09f2e2f07ad38f1_f.jpg
1794406,https://recipe1.ezmember.co.kr/cache/recipe/2015/08/18/607ad3539c3a4a3f52b25eca85a89485_f.jpg
6838886,https://recipe1.ezmember.co.kr/cache/recipe/2015/11/30/91b3fa1d61495410b2328ed2b24cf1281_f.jpg
6853123,https://recipe1.ezmember.co.kr/cache/recipe/2016/07/20/ca7f02eac729acf6aa7dd8a3d61a3ec51_f.jpg
6974433,https://recipe1.ezmember.co.kr/cache/recipe/2022/02/12/2eee202e3983ffbfcfb19dc5c114df501_f.jpg
6934526,https://recipe1.ezmember.co.kr/cache/recipe/2020/06/18/cd775afc691be780d0aacd631c6ec9a51_f.jpg
6836868,https://recipe1.ezmember.co.kr/cache/recipe/2015/10/26/de09acdcf5ad2b12403a2179cba392d51_f.jpg
6921417,https://recipe1.ezmember.co.kr/cache/recipe/2019/10/30/8f980f5209940825fcd8c9c58fafcd781_f.jpg
6866506,https://recipe1.ezmember.co.kr/cache/recipe/2017/03/08/ca275bd4d165faeac6cb3ead1076d8051_f.jpg
6837643,https://recipe1.ezmember.co.kr/cache/recipe/2015/11/06/e3bcd1e25b3ecf82cafe3a408f56034e1_f.jpg
6944641,https://recipe1.ezmember.co.kr/cache/recipe/2020/10/20/72737d4f3fbd6376f9fbfdb00275e40e1_f.jpg
6984238,https://recipe1.ezmember.co.kr/cache/recipe/2022/07/26/8daa7af82fa05c838939d67f3dc7402f1_f.jpg
6837032,https://recipe1.ezmember.co.kr/cache/recipe/2015/10/28/4ea782265abb3b70a4e8c96e7c6d55531_f.jpg
6900996,https://recipe1.ezmember.co.kr/cache/recipe/2018/11/29/9e57d4f06b585aa8b6f9c9145c3d06a21_f.jpg
7047927,https://recipe1.ezmember.co.kr/cache/recipe/2025/03/19/05570a9266f2df822211e727044af89c1_f.jpg
6984719,https://recipe1.ezmember.co.kr/cache/recipe/2022/08/03/f448326648d54081e75b2164910ea6cf1_f.jpg
4029217,https://recipe1.ezmember.co.kr/cache/recipe/2015/06/20/387e1d4f6e17324947833c16509ed947_f.jpg
6890832,https://recipe1.ezmember.co.kr/cache/recipe/2018/06/13/e14ee2e0f4a6172bb930c2a9f53682301_f.jpg
6872249,https://recipe1.ezmember.co.kr/cache/recipe/2017/07/05/6c8081c8bc0c290c4b8a70aa2bd5cd611_f.jpg
3980592,https://recipe1.ezmember.co.kr/cache/recipe/2015/04/16/199880064ec902465cb5487d1942950e1_f.jpg
6911586,https://recipe1.ezmember.co.kr/cache/recipe/2019/05/02/cd1eb977b42f362f14d9084e673c50c21_f.jpg
2013467,https://recipe1.ezmember.co.kr/cache/recipe/2015/06/23/54a3ade9c7436edb9bd08a9f32faf9ff_f.jpg
6971285,https://recipe1.ezmember.co.kr/cache/recipe/2021/12/20/ec0422ef7bb7e6ba5eac29ed7cc0fa251_f.jpg
6960607,https://recipe1.ezmember.co.kr/cache/recipe/2021/06/15/adec4faed6efb3c47e8d9772ebe882791_f.jpg
7068636,https://recipe1.ezmember.co.kr/cache/recipe/2025/12/19/9a3ffe97bfe72d30a46c40ca9bb062931_f.jpg
6981880,https://recipe1.ezmember.co.kr/cache/recipe/2022/06/14/9ad0a6cb9bb91bb1ef8776048d4743751_f.jpg
6860040,https://recipe1.ezmember.co.kr/cache/recipe/2016/10/19/d47e4af5d0d06c52d63b6ce086101d521_f.jpg
4090829,https://recipe1.ezmember.co.kr/cache/recipe/2015/05/28/2796f3b8cf8e3d01601a3b76af1098991_f.jpg
6900147,https://recipe1.ezmember.co.kr/cache/recipe/2018/11/14/2b5c4a2280315e901cd2a79cdb5437531_f.jpg
6906787,https://recipe1.ezmember.co.kr/cache/recipe/2019/02/17/044d02b27e8fd3ca0e11996723797d4a1_f.jpg
6865162,https://recipe1.ezmember.co.kr/cache/recipe/2017/02/13/66d8b679b18105f4e11a3d166acc85d01_f.jpg
6779849,https://recipe1.ezmember.co.kr/cache/recipe/2015/05/19/808d4dc4c5d9ca179b1b68937c8fd6f01_f.jpg
6851971,https://recipe1.ezmember.co.kr/cache/recipe/2016/07/01/4f24a416482434102efb5c1da49cd7f51_f.jpg
6957367,https://recipe1.ezmember.co.kr/cache/recipe/2021/04/25/91c8be916c7841e5476d91b069b646601_f.jpg
6942987,https://recipe1.ezmember.co.kr/cache/recipe/2020/09/27/a0d2be650639dc710931ff53819875e71_f.jpg
6888132,https://recipe1.ezmember.co.kr/cache/recipe/2018/05/01/ee8cd905ce51bd2361ce5fa72b02c4661_f.jpg
4155214,https://recipe1.ezmember.co.kr/cache/recipe/2015/05/28/cadc8830b84e8f0cd2221d26a92c02371_f.jpg
6865762,https://recipe1.ezmember.co.kr/cache/recipe/2017/02/23/eeecd8d3223714f04d0b82154fd849b01_f.jpg
6905276,https://recipe1.ezmember.co.kr/cache/recipe/2019/01/26/e5032b2c1001c6cb5b05757b1fab77b11_f.jpg
6904203,https://recipe1.ezmember.co.kr/cache/recipe/2019/01/13/a990fcc817468956519032834a6eea031_f.jpg
6868357,https://recipe1.ezmember.co.kr/cache/recipe/2017/04/13/cab42c4a34388ab5c11e650cbe226a6e1_f.jpg
3923303,https://recipe1.ezmember.co.kr/cache/recipe/2015/06/26/5cba13c365f72eab44347b21d5a828dd_f.jpg
7054761,https://recipe1.ezmember.co.kr/cache/recipe/2025/06/08/2acffa85c8004cdb59e9eb864f21b2fa1_f.jpg
6954101,https://recipe1.ezmember.co.kr/cache/recipe/2021/02/24/cd5114deba4b4859a4a637c6ce8575d91_f.jpg
6927414,https://recipe1.ezmember.co.kr/cache/recipe/2020/02/28/c34c727fb3825e98d2ea3b3c0f22decc1_f.jpg
6938622,https://recipe1.ezmember.co.kr/cache/recipe/2020/08/06/2cfaebc6e366763d390e80ec8b49121a1_f.jpg
6835665,https://recipe1.ezmember.co.kr/cache/recipe/2015/10/01/38ced30612e84211f486eb6eecc502921_f.jpg
6917366,https://recipe1.ezmember.co.kr/cache/recipe/2019/08/13/c31c29369441ed01c8045d7f0adbd37c1_f.jpg
7074992,https://recipe1.ezmember.co.kr/cache/recipe/2026/04/20/a28de000eb6e651b738c3e4a6dd2b0ed1_f.jpg
6832897,https://recipe1.ezmember.co.kr/cache/recipe/2015/08/27/d2104e43b13737c0c2fd80cd0934d49f1_f.jpg
6871919,https://recipe1.ezmember.co.kr/cache/recipe/2017/06/28/b53b955699e75f919f1968d4ea2c0e681_f.jpg
6877051,https://recipe1.ezmember.co.kr/cache/recipe/2017/09/25/115f56499f49e784e727ec4b7e23adc91_f.jpg
6833758,https://recipe1.ezmember.co.kr/cache/recipe/2015/09/07/358dcce2692a702c2f91a2039776f1181_f.jpg
6847570,https://recipe1.ezmember.co.kr/cache/recipe/2016/05/04/8ad84e8db9a1d4780d5a0372eab95ec61_f.jpg
6858483,https://recipe1.ezmember.co.kr/cache/recipe/2016/10/16/230c226cb756d7518aa6e39d6a92e94b1_f.jpg
6872162,https://recipe1.ezmember.co.kr/cache/recipe/2017/07/03/7afabfae2057102aa1a713b61e9dbdb21_f.jpg
6976511,https://recipe1.ezmember.co.kr/cache/recipe/2022/03/21/a7381f4df9dcbb804fc2c864a9837ddb1_f.jpg
7038574,https://recipe1.ezmember.co.kr/cache/recipe/2024/11/14/2d57095ca61fa33206dd0b7f5c6c28031_f.jpg
6967940,https://recipe1.ezmember.co.kr/cache/recipe/2021/11/02/624e02d9976a2d8f2d2d06e850db56221_f.jpg
6882367,https://recipe1.ezmember.co.kr/cache/recipe/2018/01/16/9aeaa50755cdc8143b45afbaebcf2add1_f.jpg
6894367,https://recipe1.ezmember.co.kr/cache/recipe/2018/08/18/65009d66da91296ac8c2fcbf1173e7b81_f.jpg
6888819,https://recipe1.ezmember.co.kr/cache/recipe/2018/05/14/7db1d62a5014ca91737b7bbd598287121_f.jpg
6851096,https://recipe1.ezmember.co.kr/cache/recipe/2016/06/14/cc555981986db324c93745701184a91e1_f.jpg
6944562,https://recipe1.ezmember.co.kr/cache/recipe/2020/10/19/45cee6f21b45d096bee15042491973ee1_f.jpg
6848218,https://recipe1.ezmember.co.kr/cache/recipe/2016/05/16/d3112bc25e8b44bcca16166020ee2b611_f.jpg
7074039,https://recipe1.ezmember.co.kr/cache/recipe/2026/04/02/a0bd866e9b75788764d67c2ecec9195e1_f.jpg
6940886,https://recipe1.ezmember.co.kr/cache/recipe/2020/09/04/85e0783f57b94599838413c2a995557b1_f.jpg
7074090,https://recipe1.ezmember.co.kr/cache/recipe/2026/04/03/8b50bfdda38ea1c80e804630875560c61_f.jpg
6947966,https://recipe1.ezmember.co.kr/cache/recipe/2020/12/09/eb719ba83f592b5cb3f08fbfda06b0191_f.jpg
6881948,https://recipe1.ezmember.co.kr/cache/recipe/2018/01/08/701d13b26466f11d7627013de6a7c6a21_f.jpg
6916103,https://recipe1.ezmember.co.kr/cache/recipe/2019/07/19/a6fff1b6b2d76ad18d8f5abf1b544fc51_f.jpg
6980338,https://recipe1.ezmember.co.kr/cache/recipe/2022/05/31/2a3a8049eb24aa2cdc3a9661dd426b3e1_f.jpg
6963164,https://recipe1.ezmember.co.kr/cache/recipe/2021/08/06/84dc7728c5f9ea109dea1ec10366657f1_f.jpg
4035259,https://recipe1.ezmember.co.kr/cache/recipe/2015/04/22/2c8336db6c5977326bc9792b9b0b9f561_f.jpg
7008704,https://recipe1.ezmember.co.kr/cache/recipe/2023/08/24/f69b67f32a9037ea443bbf96196a33fe1_f.jpg
6946339,https://recipe1.ezmember.co.kr/cache/recipe/2020/11/15/fb6b685ede344e26eec7ed35cabf5b321_f.jpg
6935427,https://recipe1.ezmember.co.kr/cache/recipe/2020/07/01/5477c17b6ceae09361f51ea460ac7cb21_f.jpg
6845920,https://recipe1.ezmember.co.kr/cache/recipe/2016/04/05/bf1d6d136f9ab969994c44e484fbdf771_f.jpg
6933928,https://recipe1.ezmember.co.kr/cache/recipe/2020/06/07/0f37dff318ef221363d0ce9ba6920d5a1_f.jpg
6843369,https://recipe1.ezmember.co.kr/cache/recipe/2016/02/20/5556dabc89567a89a978e322978ef5361_f.jpg
6843193,https://recipe1.ezmember.co.kr/cache/recipe/2016/02/18/4e4e96a2073eb6d7ba5312316adc78391_f.jpg
6967724,https://recipe1.ezmember.co.kr/cache/recipe/2021/10/29/a7a0b233877fffce628aa62d45bf3c4c1_f.jpg
6870953,https://recipe1.ezmember.co.kr/cache/recipe/2017/06/09/089526d6870ea4873da833c5c6395beb1_f.jpg
6776644,https://recipe1.ezmember.co.kr/cache/recipe/2015/05/18/172dbefdec808f91521572adae34d3f11_f.jpg
6933775,https://recipe1.ezmember.co.kr/cache/recipe/2020/06/04/085d5c6e9f8df4bd615616eae73cfa851_f.jpg
6960810,https://recipe1.ezmember.co.kr/cache/recipe/2021/06/21/c95dffdb390fdfded51d958e4caa082a1_f.jpg
6929038,https://recipe1.ezmember.co.kr/cache/recipe/2020/03/22/433f32d597553ff161b39906644988381_f.jpg
7053899,https://recipe1.ezmember.co.kr/cache/recipe/2025/05/28/82899b676985f438797733a424ce7f591_f.jpg
6858991,https://recipe1.ezmember.co.kr/cache/recipe/2016/10/24/de7ca9f8351a0c26bc7ae1407ff957691_f.jpg
6958074,https://recipe1.ezmember.co.kr/cache/recipe/2021/05/09/5c094213de089bcc1f1574ec7d3b007b1_f.jpg
6965521,https://recipe1.ezmember.co.kr/cache/recipe/2021/09/20/ccdecfba529f0b715728c2d9ac26b5961_f.jpg
7046147,https://recipe1.ezmember.co.kr/cache/recipe/2025/02/27/1a07c6c59559bcfd37bc7e99355e28711_f.jpg
6940366,https://recipe1.ezmember.co.kr/cache/recipe/2020/08/29/bb9a7978540476bbc8985390c24ee30d1_f.jpg
7013569,https://recipe1.ezmember.co.kr/cache/recipe/2023/11/14/ecd7369805aa846fe12dd31ccb0adb2a1_f.jpg
6856696,https://recipe1.ezmember.co.kr/cache/recipe/2016/09/08/a6e5895ac3b25f1188f6ed227b8485071_f.jpg
6918954,https://recipe1.ezmember.co.kr/cache/recipe/2019/09/10/d53f5a79519b1547529d4a7c9613a80e1_f.jpg
4060779,https://recipe1.ezmember.co.kr/cache/recipe/2015/05/04/06a9fae42ab795749041bca90b34fabb1_f.jpg
6875346,https://recipe1.ezmember.co.kr/cache/recipe/2017/08/25/ba93229a77896b4c8f663ae3e31468971_f.jpg
6860476,https://recipe1.ezmember.co.kr/cache/recipe/2016/09/14/5e1c75bc6fb52f360e9e83e1b921c3f41_f.jpg
7071803,https://recipe1.ezmember.co.kr/cache/recipe/2026/02/19/8f296949f54a5432cfd9e34f01ee7d601_f.jpg
7073283,https://recipe1.ezmember.co.kr/cache/recipe/2026/03/19/38aae96fc5c55d9b2a9f764d3b6b3f521_f.jpg
7076774,https://recipe1.ezmember.co.kr/cache/recipe/2026/05/20/de77896641bf4c8230bd2121eb743eb61_f.jpg
6877875,https://recipe1.ezmember.co.kr/cache/recipe/2017/10/14/01a19cd306a1bccb73120c0ce888ac491_f.jpg
4291836,https://recipe1.ezmember.co.kr/cache/recipe/2015/05/26/4b9669515ebbe969ca91a204c809d8551_f.jpg
6876667,https://recipe1.ezmember.co.kr/cache/recipe/2017/09/18/9570b6e3f8abc7bfe6e0773c4c4d3fe91_f.jpg
6833227,https://recipe1.ezmember.co.kr/cache/recipe/2015/09/01/b80131883138dcdc4fd3782e0b639c221_f.jpg
6874753,https://recipe1.ezmember.co.kr/cache/recipe/2017/08/15/625462cf13b58f318a267b6a3c95af411_f.jpg
6836948,https://recipe1.ezmember.co.kr/cache/recipe/2015/10/27/acaa80d430343779d346c343fd9c6db51_f.jpg
6872933,https://recipe1.ezmember.co.kr/cache/recipe/2017/07/18/261f4e01d0f5d124967eac6522a1b4421_f.jpg
7072849,https://recipe1.ezmember.co.kr/cache/recipe/2026/03/10/ad0e0b869b256850ea154e18dd1f6f3e1_f.jpg
7074114,https://recipe1.ezmember.co.kr/cache/recipe/2026/04/04/a156f6057d79ced4987e2e72c9eec5531_f.jpg
6971933,https://recipe1.ezmember.co.kr/cache/recipe/2022/01/02/b05e708f540eb41ff090a4302ee8a5b51_f.jpg
7020389,https://recipe1.ezmember.co.kr/cache/recipe/2024/02/20/264d1c568139023b38bf045b610aed9b1_f.jpg
6918795,https://recipe1.ezmember.co.kr/cache/recipe/2019/09/06/4ccbc120a3662d3740f223d5475b80cf1_f.jpg
6892112,https://recipe1.ezmember.co.kr/cache/recipe/2018/07/06/cafcbb624da577a66ec2e0d78929a7ac1_f.jpg
6910926,https://recipe1.ezmember.co.kr/cache/recipe/2019/04/21/1509bd00547eb40f23cacc5294851dd71_f.jpg
6977471,https://recipe1.ezmember.co.kr/cache/recipe/2022/04/06/721a99e0821c20a51b756921b79ee78c1_f.jpg
6972019,https://recipe1.ezmember.co.kr/cache/recipe/2022/01/03/5df118011a42aab0529254a970cfa9611_f.jpg
4081526,https://recipe1.ezmember.co.kr/cache/recipe/2015/06/08/4bc839a28007e5d702c147e305abd357_f.jpg
6922083,https://recipe1.ezmember.co.kr/cache/recipe/2019/11/13/de93e7d9484d94cf2ddd990ca96418ce1_f.jpg
6872953,https://recipe1.ezmember.co.kr/cache/recipe/2017/07/19/f861db012f81b70ef14ace00de58a3321_f.jpg
6940325,https://recipe1.ezmember.co.kr/cache/recipe/2020/08/28/c37e0db0e0386d453eda2be45e26b9c01_f.jpg
6865521,https://recipe1.ezmember.co.kr/cache/recipe/2016/07/10/1c39897a1198a4dde50102042dcd3f281_f.jpg
6918595,https://recipe1.ezmember.co.kr/cache/recipe/2019/09/04/02d1b331131af7c3959eac746bf03c2d1_f.jpg
6955577,https://recipe1.ezmember.co.kr/cache/recipe/2021/03/21/cb808b2497e99d598f89be5c7a22c8331_f.jpg
6947238,https://recipe1.ezmember.co.kr/cache/recipe/2020/11/29/41055b2355adf176376ee0e18ad9a89c1_f.jpg
6834683,https://recipe1.ezmember.co.kr/cache/recipe/2015/09/18/ceda4da617f2f24736636fed6054c5091_f.jpg
6912602,https://recipe1.ezmember.co.kr/cache/recipe/2019/05/17/f45d69e02a6a34a3746ac37c9574795d1_f.jpg
6831873,https://recipe1.ezmember.co.kr/cache/recipe/2015/08/13/591400a74371e1138fe4289121aee2e11_f.png
6827655,https://recipe1.ezmember.co.kr/cache/recipe/2015/06/10/457d19b7055c8395adde7b83a102d6381_f.jpg
6893993,https://recipe1.ezmember.co.kr/cache/recipe/2018/08/09/9dcdc8bc41c0fd32e4693c64d29adfe41_f.jpg
6945221,https://recipe1.ezmember.co.kr/cache/recipe/2020/08/07/28a51e93fa150e185925368afed7d6bf1_f.jpg
6916412,https://recipe1.ezmember.co.kr/cache/recipe/2019/02/09/69ed1510c520d1ae8ef7540a6b5ef1711_f.jpg
7068580,https://recipe1.ezmember.co.kr/cache/recipe/2025/12/22/470cf020fd92e0a033652864ef2d2ad71_f.jpg
7070983,https://recipe1.ezmember.co.kr/cache/recipe/2026/02/03/7807bccfbf31f18b0c6d40c7c6b7e0111_f.jpg
6987671,https://recipe1.ezmember.co.kr/cache/recipe/2022/09/18/03d78c1f48cc249acf9092424d5ad4b71_f.jpg
6892339,https://recipe1.ezmember.co.kr/cache/recipe/2018/07/05/9b113fb8cbda5361c94baa84dfbb98d81_f.jpg
6945746,https://recipe1.ezmember.co.kr/cache/recipe/2020/11/06/99c6a4ab8466b1f2c9e8668de870c3421_f.jpg
6889196,https://recipe1.ezmember.co.kr/cache/recipe/2018/05/19/d0931c9c29baea1589de0c4ca8cbf4751_f.jpg
6944647,https://recipe1.ezmember.co.kr/cache/recipe/2020/10/20/dc4f13ddc3b049a546a24fc4c0f6e11b1_f.jpg
6883669,https://recipe1.ezmember.co.kr/cache/recipe/2018/02/08/1a696deecfd132f1130a69e79d2bbd6b1_f.jpg
6921894,https://recipe1.ezmember.co.kr/cache/recipe/2019/11/10/730f8efa1803eb82a02e35c254eab9571_f.jpg
7040730,https://recipe1.ezmember.co.kr/cache/recipe/2024/12/17/aff2eea0cf054d6ca278f31603c0d5e21_f.jpg
4047742,https://recipe1.ezmember.co.kr/cache/recipe/2015/05/28/ac9b762365579e73228da68f4e087e471_f.jpg
6903768,https://recipe1.ezmember.co.kr/cache/recipe/2019/01/07/f8e24e1591e05a1227a4de1dea52593c1_f.jpg
6907922,https://recipe1.ezmember.co.kr/cache/recipe/2019/03/07/2de2085ac9d6eef256a13e305dea3d621_f.jpg
6882885,https://recipe1.ezmember.co.kr/cache/recipe/2018/01/26/64f1764e5b6b1c5d27e56b9873f7a9e31_f.jpg
6838940,https://recipe1.ezmember.co.kr/cache/recipe/2015/12/01/93d4c4e1a4ca8a5baa58b9c7e47cc9ad1_f.jpg
6879907,https://recipe1.ezmember.co.kr/cache/recipe/2017/11/21/2d1a3757f3fa02c4dfdae6e97e3c51eb1_f.jpg
4009103,https://recipe1.ezmember.co.kr/cache/recipe/2015/06/24/159bbf5baee36506dcb4d5cf072e1ea8_f.jpg
7057160,https://recipe1.ezmember.co.kr/cache/recipe/2025/07/04/ee8ce982da50e052c855455d023986701_f.jpg
6969417,https://recipe1.ezmember.co.kr/cache/recipe/2021/11/21/e653eb2fc9a1c849a086614e79d295ea1_f.jpg
6986125,https://recipe1.ezmember.co.kr/cache/recipe/2022/08/22/9f39508bbc2c2ad715595025d54c9d491_f.jpg
6838447,https://recipe1.ezmember.co.kr/cache/recipe/2015/11/20/4742ca1dddee8102846fbd3fccab2b381_f.jpg
6877808,https://recipe1.ezmember.co.kr/cache/recipe/2017/10/14/988661cad8806fede661001a5e5ab36f1_f.jpg
6878310,https://recipe1.ezmember.co.kr/cache/recipe/2017/10/21/bc8771ca269775e38519cc0a10ba02041_f.jpg
6868118,https://recipe1.ezmember.co.kr/cache/recipe/2017/04/08/fd504097b0ff4b9958c2e59b5f9034911_f.jpg
6873085,https://recipe1.ezmember.co.kr/cache/recipe/2017/07/20/ec39d10207ea5b0f412c0c9052eada051_f.jpg
6830359,https://recipe1.ezmember.co.kr/cache/recipe/2015/07/18/dca316fc3b6f0fb8b13eba212fbb97391_f.jpg
6938865,https://recipe1.ezmember.co.kr/cache/recipe/2020/08/10/aeeb1e6d7d8adb9b397515a65d621c1b1_f.jpg
6914883,https://recipe1.ezmember.co.kr/cache/recipe/2019/06/27/ccdf1c0ac72b64e6b4862366c2912aae1_f.jpg
7070043,https://recipe1.ezmember.co.kr/cache/recipe/2026/01/17/9221a56ab2eb7f4da41d51a83adba9611_f.jpg
6969343,https://recipe1.ezmember.co.kr/cache/recipe/2021/11/19/63f4e0da7b73251723bc59558ccef8781_f.jpg
6925152,https://recipe1.ezmember.co.kr/cache/recipe/2020/01/31/586e25558da930261316c17242f33b1f1_f.jpg
6893635,https://recipe1.ezmember.co.kr/cache/recipe/2018/08/06/c8fe227d9ba90c06629e4a2bdcc25cd31_f.jpg
6900478,https://recipe1.ezmember.co.kr/cache/recipe/2018/11/20/287d5ffd28f84f7ddb8c5b5c45b03d3d1_f.jpg
2659680,https://recipe1.ezmember.co.kr/cache/recipe/2015/06/08/bb30ce0d0b4f70f8814454560c082768_f.jpg
6874054,https://recipe1.ezmember.co.kr/cache/recipe/2017/08/03/3a8684bb1ea74d4e80acb48b05e80a711_f.jpg
6956953,https://recipe1.ezmember.co.kr/cache/recipe/2021/04/17/c0ac03183d0f2479843328562adb37e31_f.jpg
6865097,https://recipe1.ezmember.co.kr/cache/recipe/2017/02/11/ff6291b6410f00681f2d1a34966135121_f.jpg
6856330,https://recipe1.ezmember.co.kr/cache/recipe/2016/09/02/aee53d170729fc58512197663f5bbffe1_f.jpg
6865363,https://recipe1.ezmember.co.kr/cache/recipe/2017/02/15/c35668a11023e80157dacb48ad247ed61_f.jpg
7008439,https://recipe1.ezmember.co.kr/cache/recipe/2023/08/21/e8f9e32f302ac12719513537e3b2078f1_f.jpg
6882477,https://recipe1.ezmember.co.kr/cache/recipe/2018/01/18/38f765c9a8eccc9657eee0d2320940651_f.jpg
6963368,https://recipe1.ezmember.co.kr/cache/recipe/2021/08/12/1cb9d166e1af54ee4ad71ebe0e9ec35f1_f.jpg
4245032,https://recipe1.ezmember.co.kr/cache/recipe/2015/04/02/a89452b0cd6926762db3d8bd2ae9206c1_f.jpg
6857278,https://recipe1.ezmember.co.kr/cache/recipe/2016/09/21/f0928fdb5a2905393e7d3880b0bf5d331_f.jpg
6908683,https://recipe1.ezmember.co.kr/cache/recipe/2019/03/18/5b14f089f1551cb29a7d84e6ee4972881_f.jpg
6720175,https://recipe1.ezmember.co.kr/cache/recipe/2015/04/21/fbfe9f1c29cbaa1f936925f313aabc3d1_f.jpg
6997127,https://recipe1.ezmember.co.kr/cache/recipe/2023/02/15/b60b4b05101ce16133fd6a21e9b7a1e91_f.jpg
6916163,https://recipe1.ezmember.co.kr/cache/recipe/2019/07/20/ef5763a5b4c3fd91e5e78bfaca7b62cc1_f.jpg
4014039,https://recipe1.ezmember.co.kr/cache/recipe/2015/08/05/fe4625ed81f3481e16128978bda205161_f.jpg
7070350,https://recipe1.ezmember.co.kr/cache/recipe/2026/01/23/bd0773a50f2ad81c97ed6d2696f163e21_f.jpg
6917064,https://recipe1.ezmember.co.kr/cache/recipe/2019/08/06/511c2911497dff95c5126726bfec74751_f.jpg
7055213,https://recipe1.ezmember.co.kr/cache/recipe/2025/06/14/86fe860db4093a0b20ce17a5f7d68b3c1_f.jpg
6920952,https://recipe1.ezmember.co.kr/cache/recipe/2019/10/19/ac5069aabd6752ae8019cdd74031b3531_f.jpg
6842043,https://recipe1.ezmember.co.kr/cache/recipe/2016/01/24/079eedf59c483097b948acb15dc5c7011_f.jpg
6837881,https://recipe1.ezmember.co.kr/cache/recipe/2015/11/10/ed5383a442848a0d14a00aeb91933f8f1_f.jpg
7074373,https://recipe1.ezmember.co.kr/cache/recipe/2026/04/07/80e0ea3d2cba9ce998714913829af7581_f.jpg
7058539,https://recipe1.ezmember.co.kr/cache/recipe/2025/07/22/2cd398b3d7d4f483c665c0a868b1eeb11_f.jpg
7017867,https://recipe1.ezmember.co.kr/cache/recipe/2024/01/16/ee630cdadce64908d9aedb33635390751_f.jpg
6832416,https://recipe1.ezmember.co.kr/cache/recipe/2015/08/21/31d36f6448e490f77b2265800e4a1e0e1_f.jpg
6914741,https://recipe1.ezmember.co.kr/cache/recipe/2019/06/26/5a9b63946a8f149326b39b3b48b485091_f.jpg
6872325,https://recipe1.ezmember.co.kr/cache/recipe/2017/07/05/d3c63908e03f65bf0178900ef0ead2cb1_f.jpg
6925166,https://recipe1.ezmember.co.kr/cache/recipe/2020/01/17/84b0cc620688ab520e746edfa12cd7791_f.jpg
6870270,https://recipe1.ezmember.co.kr/cache/recipe/2017/05/22/8262f8e17b34f1845ef811774aa480111_f.jpg
6864876,https://recipe1.ezmember.co.kr/cache/recipe/2017/02/07/ff426e9b0ba147eb2fe3ccb18234763d1_f.jpg
6903176,https://recipe1.ezmember.co.kr/cache/recipe/2018/12/30/cebf6392d1a617cee27a5c39c067c7641_f.jpg
6906441,https://recipe1.ezmember.co.kr/cache/recipe/2019/02/12/6bbb6fee809dc847f2d714d8a64a8c2a1_f.jpg
6990999,https://recipe1.ezmember.co.kr/cache/recipe/2022/11/04/0a8d312cd585d02b28aba5c4a1425a1c1_f.jpg
6907500,https://recipe1.ezmember.co.kr/cache/recipe/2019/02/28/91543ed53326c08c4384ad0ad751eef01_f.jpg
7044870,https://recipe1.ezmember.co.kr/cache/recipe/2025/02/14/a404819d2a9cf607b2fd206231fef3d31_f.jpg
6860647,https://recipe1.ezmember.co.kr/cache/recipe/2016/11/14/9035f79e1eba76db7ff04c015dc9d0e31_f.jpg
6949102,https://recipe1.ezmember.co.kr/cache/recipe/2020/12/23/b24a18e6674d0823fe083e1b1dca90871_f.jpg
6976035,https://recipe1.ezmember.co.kr/cache/recipe/2022/03/14/76a20375dd9dc447e312fab74e1a31151_f.jpg
6883358,https://recipe1.ezmember.co.kr/cache/recipe/2018/02/03/55373ad7ef182ec881f8804b667619351_f.jpg
7069361,https://recipe1.ezmember.co.kr/cache/recipe/2026/01/06/3dc64e1c2850c54a5dc900240752d5e51_f.jpg
6921040,https://recipe1.ezmember.co.kr/cache/recipe/2019/10/22/dde27878cd3107f040c82a7a917f9e431_f.jpg
6925847,https://recipe1.ezmember.co.kr/cache/recipe/2020/02/02/017639df40db52e57b18d3417b6d06e11_f.jpg
6919957,https://recipe1.ezmember.co.kr/cache/recipe/2019/10/01/539aca881ffd9f36d7f93c01e66e2ddd1_f.jpg
6898283,https://recipe1.ezmember.co.kr/cache/recipe/2018/10/20/c56315b520ea75b8ceda2decac155eee1_f.jpg
6989788,https://recipe1.ezmember.co.kr/cache/recipe/2022/10/18/af762153b4b7638ea0cb05e38ddfedd71_f.jpg
6957391,https://recipe1.ezmember.co.kr/cache/recipe/2021/04/26/6b1ecfeebb66c89dac103ad205a9323b1_f.jpg
6909215,https://recipe1.ezmember.co.kr/cache/recipe/2019/03/20/b15bc38165a201e3a973b63f3fd5ce5f1_f.jpg
6886466,https://recipe1.ezmember.co.kr/cache/recipe/2018/04/01/116decaed52e74e58db84405c8c017781_f.jpg
6972607,https://recipe1.ezmember.co.kr/cache/recipe/2022/01/09/557a80c4226e4faeb102a1f068a707191_f.jpg
6953969,https://recipe1.ezmember.co.kr/cache/recipe/2021/02/22/3412f8aea1b34cd2f9d8480ac6dd70ea1_f.jpg
7005238,https://recipe1.ezmember.co.kr/cache/recipe/2023/06/28/50c8dfe01810ebb0868a11e2b5423aaa1_f.jpg
6902744,https://recipe1.ezmember.co.kr/cache/recipe/2018/12/24/cdab818901f31eb91451310b280ac0201_f.jpg
6652702,https://recipe1.ezmember.co.kr/cache/recipe/2015/03/31/0522a5ce6abffd8b3fa8cbfa702e132a1_f.jpg
6945582,https://recipe1.ezmember.co.kr/cache/recipe/2020/11/03/b4b2ed6ab7bda96a2008d301eef879511_f.jpg
6853864,https://recipe1.ezmember.co.kr/cache/recipe/2016/08/01/64299642843c9969e7fc605557e2bc001_f.jpg
6831815,https://recipe1.ezmember.co.kr/cache/recipe/2015/08/13/f3255f0944cd7a698ee485c802bf4a761_f.jpg
6913219,https://recipe1.ezmember.co.kr/cache/recipe/2019/06/03/a5893212fd440b0ef0d0f91cffe8692e1_f.jpg
6990372,https://recipe1.ezmember.co.kr/cache/recipe/2022/10/25/4b5effeb3b0cc07500c0e0e36a6af1b01_f.jpg
6925264,https://recipe1.ezmember.co.kr/cache/recipe/2020/01/20/0e9c6660359b33c0a8fbfe784989f8111_f.jpg
4165359,https://recipe1.ezmember.co.kr/cache/recipe/2015/08/10/b91c1079f755dd312940f74eebf3a1b41_f.jpg
7036629,https://recipe1.ezmember.co.kr/cache/recipe/2024/10/17/b3fdadb2a54bee8e7505e46d3cf08afe1_f.jpg
4152406,https://recipe1.ezmember.co.kr/cache/recipe/2015/06/26/e0c695f146d2819d1eb759b0fa5ff18f_f.jpg
6795909,https://recipe1.ezmember.co.kr/cache/recipe/2015/05/27/afd661816361a4d95fd25027b7419fc41_f.jpg
6841609,https://recipe1.ezmember.co.kr/cache/recipe/2016/01/14/140d60cd6cd46709f5dd9720544be6b61_f.jpg
7070165,https://recipe1.ezmember.co.kr/cache/recipe/2026/01/19/f3221b652bb8a244e0832e61766af02c1_f.jpg
6915361,https://recipe1.ezmember.co.kr/cache/recipe/2019/07/06/6f0016a89ea1078a57a03a7fff7cf85e1_f.jpg
6841766,https://recipe1.ezmember.co.kr/cache/recipe/2016/01/18/9ab356883c031a11dd43714d57b4713f1_f.jpg
6922580,https://recipe1.ezmember.co.kr/cache/recipe/2019/11/24/4fba07ac6f7d0017035a9a0b853ffe4c1_f.jpg
6919794,https://recipe1.ezmember.co.kr/cache/recipe/2019/09/28/1c333e495f235892bf43129faab0faa51_f.jpg
6862023,https://recipe1.ezmember.co.kr/cache/recipe/2016/12/02/22103c17a6d60526fe4bfd190b82e8481_f.jpg
6841440,https://recipe1.ezmember.co.kr/cache/recipe/2016/01/12/834ecca8ded442982e3eeeb9bd94a2d61_f.jpg
6974030,https://recipe1.ezmember.co.kr/cache/recipe/2022/01/19/6e338a38f6bd0ab6fd66f8da6124b95a1_f.png
6937457,https://recipe1.ezmember.co.kr/cache/recipe/2020/07/24/f5b8553f0cdc5641b64032f22f4cbae91_f.jpg
6868827,https://recipe1.ezmember.co.kr/cache/recipe/2017/04/22/48572d6fb98b2e89f13aaaebfbae2ab11_f.jpg
6901726,https://recipe1.ezmember.co.kr/cache/recipe/2018/12/10/ed42115fe0bb80638f768606a2782bea1_f.jpg
6899246,https://recipe1.ezmember.co.kr/cache/recipe/2018/11/03/4d16c723f288672e1bf793c7a0b11e101_f.jpg
6845665,https://recipe1.ezmember.co.kr/cache/recipe/2016/03/30/1c16c59f5a0693a7755fa897af3b278f1_f.jpg
6862024,https://recipe1.ezmember.co.kr/cache/recipe/2016/12/02/ded654c0be6936b76840631453c311411_f.jpg
6910447,https://recipe1.ezmember.co.kr/cache/recipe/2019/04/14/ec35bb153d3aad742299852bd12f06671_f.jpg
6868923,https://recipe1.ezmember.co.kr/cache/recipe/2017/04/24/3b3dc9a3f2a0c87bd5479612f2d379591_f.jpg
5702113,https://recipe1.ezmember.co.kr/cache/recipe/2015/03/25/24cdd86a0ec33fbac55a91eb5ff1a2461_f.jpg
6882218,https://recipe1.ezmember.co.kr/cache/recipe/2018/01/10/5558cdba179bf51f4bcb87571f3a8e731_f.jpg
6883908,https://recipe1.ezmember.co.kr/cache/recipe/2018/02/13/b9409ed53101e4a56d7403906c66a96b1_f.jpg
6925672,https://recipe1.ezmember.co.kr/cache/recipe/2020/01/29/9d8183625804bcdab2bae5852e44971e1_f.jpg
6932805,https://recipe1.ezmember.co.kr/cache/recipe/2020/05/16/c676923138b04ec1d6815f7d54666e381_f.jpg
6871467,https://recipe1.ezmember.co.kr/cache/recipe/2017/06/15/56119aab1b4c994d10346e1bbbc898c71_f.jpg
6866362,https://recipe1.ezmember.co.kr/cache/recipe/2017/03/06/fc14bf2e422b0ba4f1c35d9e361e96041_f.jpg
6842812,https://recipe1.ezmember.co.kr/cache/recipe/2016/02/10/de79a6276381438d06be1572191296e61_f.jpg
6932039,https://recipe1.ezmember.co.kr/cache/recipe/2020/05/04/fc3a8c85aca8d48d8bb5c337c557ccd41_f.jpg
6930198,https://recipe1.ezmember.co.kr/cache/recipe/2020/04/08/c03021061b9b0e9d6b6cffe2451dbd011_f.jpg
6936683,https://recipe1.ezmember.co.kr/cache/recipe/2020/07/15/a9bb1add7cbdad2fb8659f3e2f657d7f1_f.jpg
6948307,https://recipe1.ezmember.co.kr/cache/recipe/2020/12/13/141d4164553e825a907a186fa9ab88be1_f.jpg
6857504,https://recipe1.ezmember.co.kr/cache/recipe/2016/09/26/e731df90e4de71a314cc7598cbcf8b8c1_f.jpg
6879137,https://recipe1.ezmember.co.kr/cache/recipe/2017/11/06/f90c6ca152c317f0b4ec4481d40e3af11_f.jpg
6622543,https://recipe1.ezmember.co.kr/cache/recipe/2015/05/25/086e34abc504d2a4f9f7b74e7ebd8c3a1_f.jpg
6891336,https://recipe1.ezmember.co.kr/cache/recipe/2018/06/22/8e8dceede0ff18064205b64730f504f61_f.jpg
6929197,https://recipe1.ezmember.co.kr/cache/recipe/2020/03/24/810c1fdfdf2e44dd0a65a6a05b627ec51_f.jpg
6692786,https://recipe1.ezmember.co.kr/cache/recipe/2015/04/10/252d9a18d30163b540172e5475120c431_f.jpg
6960375,https://recipe1.ezmember.co.kr/cache/recipe/2021/06/17/3a5aeef32f202abc03f2ed21609218491_f.jpg
3993704,https://recipe1.ezmember.co.kr/cache/recipe/2015/06/08/79dd76e26f4f68258064210adcfb68ae_f.jpg
6851808,https://recipe1.ezmember.co.kr/cache/recipe/2016/06/29/b0d5a9fec47f78a13dd377fc15dc2fec1_f.jpg
7015517,https://recipe1.ezmember.co.kr/cache/recipe/2023/12/11/f599c50860de60382039a3bc74b4f1cc1_f.jpg
7076970,https://recipe1.ezmember.co.kr/cache/recipe/2026/05/30/6702e778d8d7082478b2caca3cf741da1_f.jpg
6986163,https://recipe1.ezmember.co.kr/cache/recipe/2022/08/23/76d106917de31df59795c781721c499c1_f.jpg
7011511,https://recipe1.ezmember.co.kr/cache/recipe/2023/10/13/b8f8ec5e6b614d276e18b85095ac2d711_f.jpg
6872214,https://recipe1.ezmember.co.kr/cache/recipe/2017/07/04/ab53fca051c4288bb46ec84bf0b136a31_f.jpg
6926859,https://recipe1.ezmember.co.kr/cache/recipe/2020/02/19/90a252f888871c2f1fb417076c69e4181_f.jpg
6858524,https://recipe1.ezmember.co.kr/cache/recipe/2016/10/17/5625ab3fd0a8b1319978f0b2c9b991581_f.jpg
6905019,https://recipe1.ezmember.co.kr/cache/recipe/2019/01/22/681d9619e64d71071476cf6a9d625bfe1_f.jpg
7073873,https://recipe1.ezmember.co.kr/cache/recipe/2026/03/31/efec85cc959984045869d5f6f39e4bd71_f.jpg
6895963,https://recipe1.ezmember.co.kr/cache/recipe/2018/09/16/ea89e4c8fc2bcdb86f0a09e7fae2a4591_f.jpg
6907052,https://recipe1.ezmember.co.kr/cache/recipe/2019/02/21/b09960b2e89c11083fd7f56e0f08abad1_f.jpg
6868528,https://recipe1.ezmember.co.kr/cache/recipe/2017/04/16/d2cc46c2c5173fdbfac519ca7f961d7e1_f.jpg
6865170,https://recipe1.ezmember.co.kr/cache/recipe/2017/03/15/14280f76471afeb13bbea8709c5e30ab1_f.jpg
6894346,https://recipe1.ezmember.co.kr/cache/recipe/2018/08/17/b36d35de8213156d98eb950e73c297541_f.jpg
7032421,https://recipe1.ezmember.co.kr/cache/recipe/2024/08/13/b1f2d3260bb91009f8affaa66cb87b601_f.jpg
6833589,https://recipe1.ezmember.co.kr/cache/recipe/2015/09/05/b98477372aecbc4b37a7ff6e489f76a81_f.jpg
6879436,https://recipe1.ezmember.co.kr/cache/recipe/2017/11/11/6425e1ef451e1f73b8f716df5f2b84651_f.jpg
6915799,https://recipe1.ezmember.co.kr/cache/recipe/2019/07/14/81a698a6f8a65e50401781071a7ebb691_f.jpg
1516041,https://recipe1.ezmember.co.kr/cache/recipe/2015/09/23/4c3933432eb957836f8a32cfe88bd578_f.jpg
4579916,https://recipe1.ezmember.co.kr/cache/recipe/2015/06/04/f85a9f4edae67ef4f667d84a8b2308ce1_f.jpg
6912388,https://recipe1.ezmember.co.kr/cache/recipe/2019/05/19/5b312ef33f023b9655c6a711e03c65fc1_f.jpg
6941276,https://recipe1.ezmember.co.kr/cache/recipe/2020/09/08/3f8ec68b213daf3903348670afa18eed1_f.jpg
7016293,https://recipe1.ezmember.co.kr/cache/recipe/2023/12/22/918c6e3c77046c1f72e7bf3536f89f4f1_f.jpg
6902283,https://recipe1.ezmember.co.kr/cache/recipe/2018/12/18/8b28266dccd7702b556cec51722f9d321_f.jpg
4096521,https://recipe1.ezmember.co.kr/cache/recipe/2015/04/20/db8d9f7c51597728d857812504f807331_f.jpg
6951455,https://recipe1.ezmember.co.kr/cache/recipe/2021/01/19/2e70078036b5298b874f330534473b1d1_f.jpg
6866734,https://recipe1.ezmember.co.kr/cache/recipe/2017/03/13/6a036072709354edfaba5557a4b23a051_f.jpg
6746224,https://recipe1.ezmember.co.kr/cache/recipe/2015/05/04/b1f3ca2590eeac20458fe2f726d9ab6f1_f.JPG
6932214,https://recipe1.ezmember.co.kr/cache/recipe/2020/05/07/63bf2ffe0fc399e9964e02b536db97731_f.jpg
6869294,https://recipe1.ezmember.co.kr/cache/recipe/2017/05/04/6f7d152c65944186eb8373e758af0d841_f.jpg
6915873,https://recipe1.ezmember.co.kr/cache/recipe/2019/07/15/86a9bf8ff59efe33076a1991b388144b1_f.jpg
6905729,https://recipe1.ezmember.co.kr/cache/recipe/2019/02/01/b0541824af09d609531f08c742bfda431_f.jpg
7064185,https://recipe1.ezmember.co.kr/cache/recipe/2025/10/09/1a670b17ca60b054b2e82b8a993e4cbc1_f.jpg
6893212,https://recipe1.ezmember.co.kr/cache/recipe/2018/07/27/60dcf963d98bd3700022ebe953c5d33c1_f.JPG
7062284,https://recipe1.ezmember.co.kr/cache/recipe/2025/09/05/95e4ba334a87e1e7adb457d77027864b1_f.jpg
6999272,https://recipe1.ezmember.co.kr/cache/recipe/2023/03/20/73d465cfec1c65e33aa28fbdcbe497ed1_f.jpg
6935192,https://recipe1.ezmember.co.kr/cache/recipe/2020/06/28/a7c56c2f44feff634a858ef9bdab21341_f.jpg
6900119,https://recipe1.ezmember.co.kr/cache/recipe/2018/11/14/4ba9b40bc8e39d955be8a6b00a1fee1e1_f.jpg
4239361,https://recipe1.ezmember.co.kr/cache/recipe/2015/06/24/1dca4aee594d04c8164f8de3edb02166_f.jpg
6857986,https://recipe1.ezmember.co.kr/cache/recipe/2016/10/06/2aec883af1fd8db30b182c0287863e6f1_f.jpg
6922543,https://recipe1.ezmember.co.kr/cache/recipe/2019/11/23/314ea74d1d1e5d7547de0fcdb2f033e91_f.jpg
7070392,https://recipe1.ezmember.co.kr/cache/recipe/2026/01/24/bb1ca13a5fe45375043234514c7868e31_f.jpg
6871193,https://recipe1.ezmember.co.kr/cache/recipe/2017/06/14/931fc4b7a87cec9c38255cccc0de74151_f.jpg
7014545,https://recipe1.ezmember.co.kr/cache/recipe/2023/11/28/e4668f1bbc7f8c5187d7a7be196e44701_f.jpg
6838263,https://recipe1.ezmember.co.kr/cache/recipe/2015/11/18/952b38d0810dfc761a4214be2ced61531_f.jpg
6908257,https://recipe1.ezmember.co.kr/cache/recipe/2019/03/12/10f19d6b16a9d82d72248cf24b49c0981_f.jpg
6940763,https://recipe1.ezmember.co.kr/cache/recipe/2020/09/03/8d976a007912a1b8c49bac1f1523689a1_f.jpg
6899188,https://recipe1.ezmember.co.kr/cache/recipe/2018/11/02/563486153bdae45c567d61330f0b66361_f.jpg
6850134,https://recipe1.ezmember.co.kr/cache/recipe/2016/05/29/82a54fb4a9b59a7b2a603423b47bf27f1_f.jpg
6832483,https://recipe1.ezmember.co.kr/cache/recipe/2015/08/21/4900d3b6dc6a088da78f44e159cf7ed91_f.jpg
6233466,https://recipe1.ezmember.co.kr/cache/recipe/2015/03/31/7798286c6d480eb7980a220159e8cafc1_f.JPG
6907166,https://recipe1.ezmember.co.kr/cache/recipe/2019/02/23/34872a6a04e5a4b388dc5c3c0028ca2e1_f.jpg
6865727,https://recipe1.ezmember.co.kr/cache/recipe/2017/02/22/b2aeaa190b8b2251e76162bef70371b71_f.jpg
6865825,https://recipe1.ezmember.co.kr/cache/recipe/2017/02/24/fcc4bab944ddfd41add0fe955f05a19b1_f.jpg
6982353,https://recipe1.ezmember.co.kr/cache/recipe/2022/06/27/e9d0f0723ef623b72162fd807026bac21_f.jpg
6893065,https://recipe1.ezmember.co.kr/cache/recipe/2018/07/25/58d4fa42c964602aaa9ad520f781c8921_f.jpg
6902033,https://recipe1.ezmember.co.kr/cache/recipe/2018/12/15/d09216a0a6adb177cd95b1177f3dc2ca1_f.png
6829502,https://recipe1.ezmember.co.kr/cache/recipe/2015/06/27/5de5ef54e3a2246d85efda942bf9a0db1_f.jpg
4015267,https://recipe1.ezmember.co.kr/cache/recipe/2015/06/08/20a8163e2c8027bc1a5eba32bd3488c5_f.jpg
6913297,https://recipe1.ezmember.co.kr/cache/recipe/2019/06/04/f3832823636bfab62a4bfe50e7649fe91_f.jpg
6934215,https://recipe1.ezmember.co.kr/cache/recipe/2020/06/12/86e68f91201b81cfa68781705acd5e1c1_f.jpg
6919800,https://recipe1.ezmember.co.kr/cache/recipe/2019/09/28/e039d4d3e1181207a9d903fc733de5741_f.jpg
6904274,https://recipe1.ezmember.co.kr/cache/recipe/2019/01/13/9364a87d250c187cff365239c348022f1_f.jpg
6884084,https://recipe1.ezmember.co.kr/cache/recipe/2018/02/15/4e88f3b00c47174beb56cdf497fd9f2a1_f.jpg
6847918,https://recipe1.ezmember.co.kr/cache/recipe/2016/05/10/ffe57724f1bae0910428e05898b03c121_f.jpg
7029455,https://recipe1.ezmember.co.kr/cache/recipe/2024/07/01/7b7920dac14f1d5ffcc05a8c8f8d7a501_f.jpg
6919313,https://recipe1.ezmember.co.kr/cache/recipe/2019/09/18/ff99d7e0033331837610e5e0ca990f561_f.jpg
6952159,https://recipe1.ezmember.co.kr/cache/recipe/2021/01/27/bddc6ba133af34509b83eb54af4fd1631_f.jpg
6941992,https://recipe1.ezmember.co.kr/cache/recipe/2020/09/14/24c36618764708d3b065bc5b3b1a8db61_f.jpg
6859356,https://recipe1.ezmember.co.kr/cache/recipe/2016/10/27/74d967e0b1eae8e2aea627f7558404b11_f.jpg
6960189,https://recipe1.ezmember.co.kr/cache/recipe/2021/06/05/3f033009942d73506fe2cad2aa1950b21_f.jpg
6873487,https://recipe1.ezmember.co.kr/cache/recipe/2017/07/26/e63932df36db5277403a0fb284c4d3401_f.jpg
7043480,https://recipe1.ezmember.co.kr/cache/recipe/2025/01/26/e60d18f1d2f941555f3630de9bf940f91_f.jpg
6868404,https://recipe1.ezmember.co.kr/cache/recipe/2017/04/13/1a02dacfdc020ef28009c29b8cf855711_f.jpg
7074209,https://recipe1.ezmember.co.kr/cache/recipe/2026/04/04/6c87cf9216ee5c781d53c661850a286e1_f.jpg
6861412,https://recipe1.ezmember.co.kr/cache/recipe/2016/11/22/ef5b56da4a6da20ff9959bdb4b19c2211_f.jpg
6873624,https://recipe1.ezmember.co.kr/cache/recipe/2017/07/27/0561765efc75a2614f152a071e424f2f1_f.jpg
6997454,https://recipe1.ezmember.co.kr/cache/recipe/2023/02/21/98b76c6fc33a6b88d9704c54fa1001c51_f.jpg
6843739,https://recipe1.ezmember.co.kr/cache/recipe/2016/02/27/885dd8be3825c9b6028b4f51ee260d451_f.jpg
6937505,https://recipe1.ezmember.co.kr/cache/recipe/2020/07/25/efd16659272ecdb7332089f8adae07131_f.jpg
7036662,https://recipe1.ezmember.co.kr/cache/recipe/2024/10/09/0d2a3fd1b5306dce56f7656502bdbb771_f.jpg
6972436,https://recipe1.ezmember.co.kr/cache/recipe/2022/01/10/5984d74ea138136cac91f95b3f76ccd61_f.jpg
6901329,https://recipe1.ezmember.co.kr/cache/recipe/2018/12/05/930276bd69394b4f3c8511992385d5ab1_f.JPG
6923844,https://recipe1.ezmember.co.kr/cache/recipe/2019/12/21/3cbb84c6277092df918650992a4bda991_f.jpg
6966520,https://recipe1.ezmember.co.kr/cache/recipe/2021/10/07/8831c3aca760f3ad2b935de8d804b77b1_f.jpg
6914668,https://recipe1.ezmember.co.kr/cache/recipe/2019/06/24/5c7167de6a87c9058640565e5d93f6b51_f.jpg
6969170,https://recipe1.ezmember.co.kr/cache/recipe/2021/11/17/541fc6f82a769176da12990282f0c96c1_f.jpg
4045350,https://recipe1.ezmember.co.kr/cache/recipe/2015/06/17/ec43e1832a213cb07b86b18a588c7d48_f.jpg
4154606,https://recipe1.ezmember.co.kr/cache/recipe/2015/08/07/1459564a92eb3d099c01a10a151352621_f.jpg
6843560,https://recipe1.ezmember.co.kr/cache/recipe/2016/02/24/c58f2659cf569e4dc4ea0a22f173e8f91_f.jpg
6845844,https://recipe1.ezmember.co.kr/cache/recipe/2016/04/03/1bef83edd7ebb84673095da6af273b431_f.jpg
6833572,https://recipe1.ezmember.co.kr/cache/recipe/2015/09/04/3fafb9a820df2631c01a4cae1a273c501_f.jpg
6954539,https://recipe1.ezmember.co.kr/cache/recipe/2021/03/02/e63df339cb28b874f35e0bd98cbbbe2b1_f.jpg
6944373,https://recipe1.ezmember.co.kr/cache/recipe/2020/10/16/2aad90310540bf86ba697a389130bbf11_f.jpg
6927895,https://recipe1.ezmember.co.kr/cache/recipe/2020/03/06/f56fed4a04c3dfabf586ee0c697df0021_f.jpg
7072581,https://recipe1.ezmember.co.kr/cache/recipe/2026/03/04/29ed40a82d3bc45ce3791161f2533b1e1_f.jpg
6893417,https://recipe1.ezmember.co.kr/cache/recipe/2018/07/31/7edc1cef0f13017f2af93a62b75d36051_f.jpg
4075614,https://recipe1.ezmember.co.kr/cache/recipe/2015/06/16/594826ad5c21bb51d1e57f43ae094d94_f.jpg
6884022,https://recipe1.ezmember.co.kr/cache/recipe/2018/02/14/c263ff147756198af8dc1b49476a34d81_f.jpg
6865947,https://recipe1.ezmember.co.kr/cache/recipe/2017/02/27/cdc183570e104c7f30c2053daa2c8e191_f.jpg
7066175,https://recipe1.ezmember.co.kr/cache/recipe/2025/11/07/c95f45d4d90b85452499ecc12d90f2ca1_f.jpg
6869777,https://recipe1.ezmember.co.kr/cache/recipe/2017/05/15/37d788c2b6f345051293f30ae2f9040a1_f.jpg
4243352,https://recipe1.ezmember.co.kr/cache/recipe/2015/06/29/6716425779578fe816c03a04571e23cc_f.jpg
6969154,https://recipe1.ezmember.co.kr/cache/recipe/2021/11/17/cdcf25a3ff6c70633cc5b5263bcc5df31_f.jpg
6841582,https://recipe1.ezmember.co.kr/cache/recipe/2018/07/19/92371a596cf1e7a2d5c14fff1d204c331_f.jpg
6878807,https://recipe1.ezmember.co.kr/cache/recipe/2017/10/30/8606a9f100eccc3bd49ba3dac07ed2761_f.jpg
4012096,https://recipe1.ezmember.co.kr/cache/recipe/2015/06/08/00049d17ebc765ced0178eec69f64fb0_f.jpg
6944247,https://recipe1.ezmember.co.kr/cache/recipe/2020/10/15/e9a0dae482db1ef9030eb27fd154311e1_f.jpg
6994920,https://recipe1.ezmember.co.kr/cache/recipe/2023/01/05/5551b026e4085a130b3325d2a934edef1_f.jpg
6847686,https://recipe1.ezmember.co.kr/cache/recipe/2016/05/06/2eca64d70b55e1584cc2041e25fbe8451_f.jpg
6929334,https://recipe1.ezmember.co.kr/cache/recipe/2020/03/26/ab12201fda78b7e9d8a2fcd789058e6c1_f.jpg
7050704,https://recipe1.ezmember.co.kr/cache/recipe/2025/04/20/dfae03cc295891ddd0f62f5395b4c8b41_f.jpg
6884469,https://recipe1.ezmember.co.kr/cache/recipe/2018/02/24/848abbd00bb9dbdea1aa4e02848706f51_f.jpg
6867051,https://recipe1.ezmember.co.kr/cache/recipe/2017/03/18/29456bd485da03aa5a4b75cf3ec792f81_f.jpg
6907924,https://recipe1.ezmember.co.kr/cache/recipe/2019/03/07/aab70d6b5e8397df541b2ffad91e5d6d1_f.jpg
6909680,https://recipe1.ezmember.co.kr/cache/recipe/2019/04/02/47be3602987b74150d572b1f87a075921_f.jpg
6960458,https://recipe1.ezmember.co.kr/cache/recipe/2021/06/19/1f09c302c312ed49ed907d7d414f54271_f.jpg
6913758,https://recipe1.ezmember.co.kr/cache/recipe/2019/06/11/612d2f6022d4984eef27796a0ef8908e1_f.jpg
7065047,https://recipe1.ezmember.co.kr/cache/recipe/2025/10/24/ae8e3a90b84d13ca7289e1d7d8d4b2361_f.jpg
7073729,https://recipe1.ezmember.co.kr/cache/recipe/2026/03/27/a78d60071f75c68fc8b1a31462502f361_f.jpg
6848445,https://recipe1.ezmember.co.kr/cache/recipe/2016/05/19/1a75bf8b189b6cdce5d1428f4d1751bd1_f.jpg
6959295,https://recipe1.ezmember.co.kr/cache/recipe/2021/05/31/c23f661e6b4d00c14b02e7cc0237c4a61_f.jpg
6915721,https://recipe1.ezmember.co.kr/cache/recipe/2019/07/12/2ac34c72b469bb333b9e78af9f7b3a741_f.jpg
6895929,https://recipe1.ezmember.co.kr/cache/recipe/2018/09/16/1f3bde71d909b58a1b773b848aa0bf381_f.jpg
6923214,https://recipe1.ezmember.co.kr/cache/recipe/2019/12/08/26854dad55919c5ab3f00847d4092ec21_f.jpg
7066995,https://recipe1.ezmember.co.kr/cache/recipe/2025/11/22/afe5ea44482bc3fa938296ce85b246bf1_f.jpg
7056259,https://recipe1.ezmember.co.kr/cache/recipe/2025/06/25/72f550f54e27bcf9883aa7580a2accd71_f.png
6933628,https://recipe1.ezmember.co.kr/cache/recipe/2020/06/01/1070797c41e0926c123fa17ebb51fad31_f.jpg
6999755,https://recipe1.ezmember.co.kr/cache/recipe/2023/03/29/1b54389c86eaae2e416099039b20c5f61_f.jpg
6895883,https://recipe1.ezmember.co.kr/cache/recipe/2018/09/14/69cefccf4be5405c1d12dbcbc8af5f131_f.jpg
6490469,https://recipe1.ezmember.co.kr/cache/recipe/2015/05/31/c6235c08d97f5fd26761460231b2ec6f1_f.jpg
7067850,https://recipe1.ezmember.co.kr/cache/recipe/2025/12/09/e738dc2d23d957a624124e6168e64ca21_f.jpg
6900939,https://recipe1.ezmember.co.kr/cache/recipe/2018/11/28/1bb03c3b4269d17753cc02c0b7f254651_f.jpg
6956234,https://recipe1.ezmember.co.kr/cache/recipe/2021/04/03/efeffc0d66188a3ab739be1c3b1634731_f.jpg
6854292,https://recipe1.ezmember.co.kr/cache/recipe/2016/08/09/500316fab5981bf25bb405cc660267e91_f.jpg
6908805,https://recipe1.ezmember.co.kr/cache/recipe/2019/03/20/79d177fee9f8c5235285de388b09f26c1_f.jpg
6869651,https://recipe1.ezmember.co.kr/cache/recipe/2017/05/11/9764c0e33e1d19e138481088e7d7d40e1_f.jpg
7010953,https://recipe1.ezmember.co.kr/cache/recipe/2023/09/21/c18d073ac6c8b13b56bf6c655c5c19ef1_f.jpg
6935715,https://recipe1.ezmember.co.kr/cache/recipe/2020/07/02/ec3626c30ccdbf2ed427186a6739c1b51_f.jpg
6904476,https://recipe1.ezmember.co.kr/cache/recipe/2019/01/16/b339bb67980e8baa458ad3252ded29291_f.jpg
6915180,https://recipe1.ezmember.co.kr/cache/recipe/2019/07/03/a57032544bdcd0f0d97ffa5e4f3d78cb1_f.jpg
6864054,https://recipe1.ezmember.co.kr/cache/recipe/2017/01/18/69e4b5f6f2cf4fee9c8b7783463f44bf1_f.jpg
6832045,https://recipe1.ezmember.co.kr/cache/recipe/2015/08/16/e59585d9fa81348097db410024e1bf101_f.jpg
6854947,https://recipe1.ezmember.co.kr/cache/recipe/2016/08/19/8802aacc307444edc261a168fef72ebc1_f.jpg
6922571,https://recipe1.ezmember.co.kr/cache/recipe/2019/11/22/302d25f17ceb9459d31aa2c2c7dbab1a1_f.jpg
3892766,https://recipe1.ezmember.co.kr/cache/recipe/2015/04/21/af1af25ab2e670e1638a7e1f7fd3f4a11_f.jpg
6860668,https://recipe1.ezmember.co.kr/cache/recipe/2016/11/14/134173e20d244c811cfdda248544de251_f.jpg
6928801,https://recipe1.ezmember.co.kr/cache/recipe/2020/03/18/e4b9d71fd753d79b11884d6968aa75c81_f.jpg
6853508,https://recipe1.ezmember.co.kr/cache/recipe/2016/07/26/010b579d771424f9f188a0bbe3f66ad31_f.jpg
3999013,https://recipe1.ezmember.co.kr/cache/recipe/2015/06/26/527393a42a231f5d119524570fd595d8_f.jpg
6941177,https://recipe1.ezmember.co.kr/cache/recipe/2020/09/07/523a8fac71e024e6738c34608aca75371_f.jpg
6874153,https://recipe1.ezmember.co.kr/cache/recipe/2017/08/06/ef5413cb849ec2f707fe0b7e95e8b9481_f.jpg
6949048,https://recipe1.ezmember.co.kr/cache/recipe/2020/12/21/029fbca9e779a0637263cecc6adbd69c1_f.jpg
6928315,https://recipe1.ezmember.co.kr/cache/recipe/2020/03/12/c7de0c7563278b5e549f23bc42e08e9a1_f.jpg
6830864,https://recipe1.ezmember.co.kr/cache/recipe/2015/07/30/0e732a84ee67e80f159257f5a5a111661_f.jpg
6934137,https://recipe1.ezmember.co.kr/cache/recipe/2020/06/10/2d03d82b2cd904438645a642d517cd411_f.jpg
6928908,https://recipe1.ezmember.co.kr/cache/recipe/2020/03/20/31bc8b6b092752f39991b62698c5074f1_f.jpg
7068563,https://recipe1.ezmember.co.kr/cache/recipe/2025/12/22/90700e6f20449443634f8cfaf044439a1_f.jpg
4174259,https://recipe1.ezmember.co.kr/cache/recipe/2015/06/08/4cff89a7dbc71ab5d5dfd7e473ec753f_f.jpg
6865187,https://recipe1.ezmember.co.kr/cache/recipe/2017/02/13/932e29507c173aa6075f0f329b4cd8f41_f.jpg
6903689,https://recipe1.ezmember.co.kr/cache/recipe/2019/01/06/8bd00e1da696db23daacf82273d3530b1_f.jpg
6852493,https://recipe1.ezmember.co.kr/cache/recipe/2016/07/11/c29bb9e5c7aaa5b64dc7e9eefef5277a1_f.jpg
6867683,https://recipe1.ezmember.co.kr/cache/recipe/2017/03/29/d094ce07491184617d8b09b0429d06cc1_f.jpg
6847240,https://recipe1.ezmember.co.kr/cache/recipe/2016/04/27/57947338f9d0597de0d53447c80b59251_f.jpg
7074287,https://recipe1.ezmember.co.kr/cache/recipe/2026/04/06/1e45dbca97f84556bad68d8605a465ce1_f.jpg
6865570,https://recipe1.ezmember.co.kr/cache/recipe/2017/02/20/7406e3675cfd6996af97ee3198b5afc31_f.jpg
6887695,https://recipe1.ezmember.co.kr/cache/recipe/2018/04/22/d7e6688ff11b37b0e998411599f49f581_f.jpg
6952193,https://recipe1.ezmember.co.kr/cache/recipe/2021/01/25/a2e5e4713241210076f1957f3299ad341_f.jpg
6869760,https://recipe1.ezmember.co.kr/cache/recipe/2017/05/14/efda8cd16cf92c21615aef7d016131c11_f.jpg
6865312,https://recipe1.ezmember.co.kr/cache/recipe/2017/02/15/9602949fa31d48dfb5447fd5bc847e191_f.jpg
6915017,https://recipe1.ezmember.co.kr/cache/recipe/2019/07/01/53c2c7cde5cb49d6d7e58d1f4c9bea661_f.jpg
7047792,https://recipe1.ezmember.co.kr/cache/recipe/2025/03/18/abfe247bbacaabfbf15ee901658456061_f.jpg
6955119,https://recipe1.ezmember.co.kr/cache/recipe/2021/03/13/6457c20bb02cb3dfdb073e31c0be8ab51_f.jpg
6857983,https://recipe1.ezmember.co.kr/cache/recipe/2016/10/06/b293e06674d9e4be4142e0aa7d85e54a1_f.jpg
7033250,https://recipe1.ezmember.co.kr/cache/recipe/2024/08/26/d0836fabd4b4072c01c657b6b27e01c01_f.jpg
6834058,https://recipe1.ezmember.co.kr/cache/recipe/2015/09/10/18167ed1765e47c68aa999887d27bf701_f.jpg
6829474,https://recipe1.ezmember.co.kr/cache/recipe/2015/06/28/b7e8658303ba02e9d48871a7bddf5f481_f.jpg
6923542,https://recipe1.ezmember.co.kr/cache/recipe/2019/12/14/9c793f20d29c4274d4bf4e256d2fce7d1_f.jpg
4757767,https://recipe1.ezmember.co.kr/cache/recipe/2015/03/26/c99ca514777f48ae8ec3ae1ae78759ad1_f.jpg
6829144,https://recipe1.ezmember.co.kr/cache/recipe/2015/06/18/c27ba62d24ce46afc05b553261f327591_f.jpg
6856750,https://recipe1.ezmember.co.kr/cache/recipe/2018/07/17/c0fc8e8a7d5954193f9f3f70be8e27f71_f.jpg
6906403,https://recipe1.ezmember.co.kr/cache/recipe/2019/02/12/6a72d5d6f8b2f22ac2cae7291b5703711_f.jpg
7044276,https://recipe1.ezmember.co.kr/cache/recipe/2025/02/07/74ae5d127f6ead78713e93b5a1c624311_f.png
6882613,https://recipe1.ezmember.co.kr/cache/recipe/2018/01/20/bc9b005e229777a4474a78c3069767ed1_f.jpg
6900075,https://recipe1.ezmember.co.kr/cache/recipe/2018/11/13/43efc38e9c679b8d9aa628c2892ce4621_f.jpg
6836636,https://recipe1.ezmember.co.kr/cache/recipe/2015/10/22/c450d19234d1d53c0cb4d3e319332a651_f.jpg
6919960,https://recipe1.ezmember.co.kr/cache/recipe/2019/10/02/7bc59ca53db6e06f04e8abfc3eb295cf1_f.jpg
6922090,https://recipe1.ezmember.co.kr/cache/recipe/2019/11/13/0cdf9dd5c77e9429ce96c89a255364481_f.jpg
6990099,https://recipe1.ezmember.co.kr/cache/recipe/2022/10/19/bf890255a5333e04b9e416992c3d3b861_f.jpg
6833945,https://recipe1.ezmember.co.kr/cache/recipe/2015/09/09/dc80d72157dd91fb3eb2c5a6cba726fc1_f.jpg
6886093,https://recipe1.ezmember.co.kr/cache/recipe/2018/03/25/d45cef6714792a51fd63899fddaca90b1_f.jpg
6830331,https://recipe1.ezmember.co.kr/cache/recipe/2015/07/20/167a3eb48b7a22a11caac6b18eb723da1_f.jpg
6925221,https://recipe1.ezmember.co.kr/cache/recipe/2020/01/13/fd34f584f1363f5d1e5861ddf0c4f6b01_f.jpg
6900302,https://recipe1.ezmember.co.kr/cache/recipe/2018/11/16/8c804b634035e4aa160441af6511c4b91_f.jpg
6933035,https://recipe1.ezmember.co.kr/cache/recipe/2020/05/20/f70654c88fd92cefe1d1c079e07682351_f.jpg
6874425,https://recipe1.ezmember.co.kr/cache/recipe/2017/08/09/c335bea0a1f540f8602ad5c3378fe3c51_f.jpg
7071594,https://recipe1.ezmember.co.kr/cache/recipe/2026/02/14/ba74296ff507a3a3b3aef1ee9d4ef87b1_f.jpg
6832489,https://recipe1.ezmember.co.kr/cache/recipe/2015/08/21/378f5d207eb9d11c98a8e12d394700e21_f.jpg
6835771,https://recipe1.ezmember.co.kr/cache/recipe/2015/09/18/67b130e949baecc3eb9bb780445038b61_f.jpg
6910424,https://recipe1.ezmember.co.kr/cache/recipe/2019/04/13/d2189e1520b70ef549be698608f6fe8c1_f.jpg
6973756,https://recipe1.ezmember.co.kr/cache/recipe/2022/01/30/e3dac5f270c21fd4b04cea90c234bca71_f.jpg
6894319,https://recipe1.ezmember.co.kr/cache/recipe/2018/08/17/30c134dab06ffa26334a01991ddd56151_f.jpg
6881749,https://recipe1.ezmember.co.kr/cache/recipe/2018/01/04/609f4b165add54738d8ab27765f131da1_f.jpg
6956155,https://recipe1.ezmember.co.kr/cache/recipe/2021/04/01/133cf0638fe9b38055b5b44d67aec7c11_f.jpg
4180142,https://recipe1.ezmember.co.kr/cache/recipe/2015/04/16/dc5408a0c4d8161e8b4859d75c5363e11_f.jpg
3979404,https://recipe1.ezmember.co.kr/cache/recipe/2015/08/21/a7f24294738319bdc7659b90ffc36f661_f.jpg
7069898,https://recipe1.ezmember.co.kr/cache/recipe/2026/01/14/60deda050017f99b56c3e887dbbdc20f1_f.jpg
6836847,https://recipe1.ezmember.co.kr/cache/recipe/2015/10/25/e2d5ccfaf14f2f05653929ceaa027e4b1_f.jpg
6859646,https://recipe1.ezmember.co.kr/cache/recipe/2016/11/01/352e1c1963ebdd9805791e31c552597b1_f.jpg
6934125,https://recipe1.ezmember.co.kr/cache/recipe/2020/06/10/14e8901d919c3e2603dae42e1784e9ea1_f.jpg
6869407,https://recipe1.ezmember.co.kr/cache/recipe/2017/05/07/094a3bb5b1ed9bdd9cac7277a58d29a71_f.jpg
6882270,https://recipe1.ezmember.co.kr/cache/recipe/2018/01/13/002486385e1a862d0be9ab33354aea4d1_f.jpg
6951283,https://recipe1.ezmember.co.kr/cache/recipe/2021/01/17/58b5d6e54abdc793ee3e956120c2e90b1_f.jpg
6900475,https://recipe1.ezmember.co.kr/cache/recipe/2018/11/20/be0f8b2242645a835eae293abda9467a1_f.jpg
1797023,https://recipe1.ezmember.co.kr/cache/recipe/2015/08/25/c349d937665ae648a36a5333afb09f0a_f.jpg
7066917,https://recipe1.ezmember.co.kr/cache/recipe/2025/11/21/0d15894e9ab59bf6c1f7e4925eb30df71_f.jpg
6895339,https://recipe1.ezmember.co.kr/cache/recipe/2018/09/05/5fcc434552967b419cd2d2e31f2973a01_f.jpg
6880880,https://recipe1.ezmember.co.kr/cache/recipe/2017/12/12/77fbdb85e650fbfdb4282cd05e4f84f81_f.jpg
6835479,https://recipe1.ezmember.co.kr/cache/recipe/2015/10/02/bf717947bf8cc03f1271101bc9f953a21_f.jpg
6857261,https://recipe1.ezmember.co.kr/cache/recipe/2016/09/21/e7727ee82f72a103cf051742990368a51_f.jpg
7074765,https://recipe1.ezmember.co.kr/cache/recipe/2026/04/15/1f95ad003e7679867d4a8b92481df3f51_f.jpg
6984435,https://recipe1.ezmember.co.kr/cache/recipe/2022/07/29/9e6e955e8ba7f2f8d8e881595465c5521_f.jpg
6869220,https://recipe1.ezmember.co.kr/cache/recipe/2017/04/22/e97857beac86cc8b3047c21e9352da2a1_f.jpg
7074121,https://recipe1.ezmember.co.kr/cache/recipe/2026/04/04/43b42521ff94319876fc978074eed38c1_f.jpg
6920667,https://recipe1.ezmember.co.kr/cache/recipe/2019/10/14/0239f5e71550f0989827aec120db6dc91_f.jpg
6874560,https://recipe1.ezmember.co.kr/cache/recipe/2017/08/11/ab3bc170c993698fe4c8fe845dc47d171_f.jpg
6916469,https://recipe1.ezmember.co.kr/cache/recipe/2019/07/26/7f72452227cf7928d6dc0d86ede6b5441_f.jpg
6906462,https://recipe1.ezmember.co.kr/cache/recipe/2019/02/12/b10499536c17620ecb48dfb1878051771_f.jpg
6889200,https://recipe1.ezmember.co.kr/cache/recipe/2018/05/19/4726fb5be08ee18b24959a45fc65c1c01_f.jpg
6890306,https://recipe1.ezmember.co.kr/cache/recipe/2018/06/05/d1b7cf641a119e0f0abed074f45b2b021_f.jpg
6639742,https://recipe1.ezmember.co.kr/cache/recipe/2015/09/01/98989a3a5aa56d12d9390bc915a8df841_f.jpg
7031591,https://recipe1.ezmember.co.kr/cache/recipe/2024/08/01/63de138ab44157c307a18f404f9c4e471_f.jpg
6908212,https://recipe1.ezmember.co.kr/cache/recipe/2019/03/12/78df8d05e92f53b38db0aa7b0f81dcc41_f.jpg
6832851,https://recipe1.ezmember.co.kr/cache/recipe/2015/08/26/bf244450d31d374df6507092e7e7b2231_f.jpg
7075516,https://recipe1.ezmember.co.kr/cache/recipe/2026/04/25/730b62e52590a65c27cd026e9e9c73401_f.jpg
6860149,https://recipe1.ezmember.co.kr/cache/recipe/2016/11/07/b4465aaff1b7703df19525e025d7a2071_f.jpg
6855303,https://recipe1.ezmember.co.kr/cache/recipe/2016/08/25/7f4bac38bb9c78f9db037e62b4f5addd1_f.jpg
6829476,https://recipe1.ezmember.co.kr/cache/recipe/2015/06/26/c0e097ac68f836f309834407c01b74641_f.jpg
6903219,https://recipe1.ezmember.co.kr/cache/recipe/2018/12/31/2870293ae44f8c991881ec2f62bbde891_f.jpg
5243698,https://recipe1.ezmember.co.kr/cache/recipe/2015/04/18/801673db1b79de9775cd9ac1418f09e41_f.jpg
6961029,https://recipe1.ezmember.co.kr/cache/recipe/2021/07/01/e82be23be2c723872663c256f4c1141f1_f.jpg
6910850,https://recipe1.ezmember.co.kr/cache/recipe/2019/04/20/2521ea39d150916bd879e41c24c15bd41_f.jpg
7065813,https://recipe1.ezmember.co.kr/cache/recipe/2025/11/01/72112d49d988ca31b0c51216ea2174851_f.jpg
6870735,https://recipe1.ezmember.co.kr/cache/recipe/2017/06/03/eb6454fd32ea29d41a2cc48b5c4f7dda1_f.jpg
7053823,https://recipe1.ezmember.co.kr/cache/recipe/2025/05/27/6ca9484b96a177d4a13f15c35927f0871_f.jpg
7033609,https://recipe1.ezmember.co.kr/cache/recipe/2024/09/01/0486bb00b80dfc75ccfa1d037f900a911_f.jpg
6952393,https://recipe1.ezmember.co.kr/cache/recipe/2021/01/30/bb3a1cdbb7c29502983e938be23d9cca1_f.jpg
6830900,https://recipe1.ezmember.co.kr/cache/recipe/2015/07/30/23560cdf69b3f8eae7aa35454c110d741_f.jpg
6934360,https://recipe1.ezmember.co.kr/cache/recipe/2020/06/15/a82085d1d8332b70c4527647adff2c151_f.jpg
6941548,https://recipe1.ezmember.co.kr/cache/recipe/2020/09/11/925ec966f75eac018bb3bee4e0663a521_f.jpg
6943064,https://recipe1.ezmember.co.kr/cache/recipe/2020/09/28/4a7e2eaa1b351a1b4f79747f95f50f971_f.jpg
6854949,https://recipe1.ezmember.co.kr/cache/recipe/2016/08/19/51436308f06338f2c86c3907bef2a1891_f.jpg
7027163,https://recipe1.ezmember.co.kr/cache/recipe/2024/05/27/878b887da2b2603c2ea28f62bf2450341_f.jpg
6861735,https://recipe1.ezmember.co.kr/cache/recipe/2016/11/27/b99968797f14fe939036726b9ead09101_f.jpg
6887446,https://recipe1.ezmember.co.kr/cache/recipe/2018/04/17/e301f226e826e43a11e70a8f19cf8f3f1_f.jpg
6927758,https://recipe1.ezmember.co.kr/cache/recipe/2020/03/04/40bbbaf922ca6f1608d3229f94df67e71_f.jpg
6963110,https://recipe1.ezmember.co.kr/cache/recipe/2021/08/09/24b85da64bc678c4cee2122611a667841_f.jpg
6838369,https://recipe1.ezmember.co.kr/cache/recipe/2015/11/19/ccf474d1893bb7f22a1805e699dcd2451_f.jpg
6896168,https://recipe1.ezmember.co.kr/cache/recipe/2018/09/05/bbeed846b903b3bae779651a2ee684651_f.jpg
5775868,https://recipe1.ezmember.co.kr/cache/recipe/2015/06/01/25b245b0fcc3aa3781578e37b6100b291_f.jpg
4009155,https://recipe1.ezmember.co.kr/cache/recipe/2015/04/22/5afce22eb2a6685d1fe022d89b96ce871_f.jpg
6838094,https://recipe1.ezmember.co.kr/cache/recipe/2015/11/11/bc91fb8dbb081080d7162ce681e2a4da1_f.jpg
6838234,https://recipe1.ezmember.co.kr/cache/recipe/2015/11/17/11ad8c58d486992b2d15d4c50d2c38641_f.jpg
6837908,https://recipe1.ezmember.co.kr/cache/recipe/2015/11/10/e74794da0dbb50681847004db626c5b41_f.jpg
6800151,https://recipe1.ezmember.co.kr/cache/recipe/2015/05/29/8a1a415d31ef9936104d32969e66bb611_f.jpg
6931139,https://recipe1.ezmember.co.kr/cache/recipe/2020/04/20/7a9e124fee9cd0d071ba6366b89a9f701_f.jpg
6880629,https://recipe1.ezmember.co.kr/cache/recipe/2017/12/07/a60645470f211e4191ecc76c5460c6311_f.jpg
4780959,https://recipe1.ezmember.co.kr/cache/recipe/2015/04/02/8ebe9c7e171c7417875d39c470d0cf171_f.jpg
4509336,https://recipe1.ezmember.co.kr/cache/recipe/2015/06/03/93b1823edb4e43eb52625b34e6f7b7e11_f.jpg
6858191,https://recipe1.ezmember.co.kr/cache/recipe/2016/10/10/712a7841b299047cb6ab28cf6b072db61_f.jpg
6883227,https://recipe1.ezmember.co.kr/cache/recipe/2018/01/24/ccbcf4659ef3789ce568910adc9fbd1d1_f.jpg
7068449,https://recipe1.ezmember.co.kr/cache/recipe/2025/12/20/6c3020a9f9427b4b40cba879c414350e1_f.jpg
7035836,https://recipe1.ezmember.co.kr/cache/recipe/2024/10/05/1cafaf9290c94aa802de641982d0d0141_f.jpg
6891445,https://recipe1.ezmember.co.kr/cache/recipe/2018/06/25/62b8c78d8e273a77241b1a3c7d09f36b1_f.jpg
6867562,https://recipe1.ezmember.co.kr/cache/recipe/2017/03/28/d5dc6c0e053439ba4f9bfcc5fd7f5c8a1_f.jpg
6953824,https://recipe1.ezmember.co.kr/cache/recipe/2021/02/20/2d819817002f5c6cd9b34cbab80039791_f.jpg
6983575,https://recipe1.ezmember.co.kr/cache/recipe/2022/07/15/9676ae31a49f14cd09968ad1327dff831_f.jpg
7067839,https://recipe1.ezmember.co.kr/cache/recipe/2025/12/08/1c349c48fa9994217b3bc22151b549fd1_f.jpg
7074035,https://recipe1.ezmember.co.kr/cache/recipe/2026/04/02/4aed064cf4a5b356563e332200df4c2c1_f.jpg
6909229,https://recipe1.ezmember.co.kr/cache/recipe/2019/03/26/cc320ce3bf4477b514b8b4edb7dca9521_f.jpg
6833879,https://recipe1.ezmember.co.kr/cache/recipe/2015/09/08/ab8b07f0ef3b5ed2d5b53d06cb3ec3d61_f.jpg
6855417,https://recipe1.ezmember.co.kr/cache/recipe/2016/08/26/906281be6ab8d882417524049c6fad701_f.jpg
6839694,https://recipe1.ezmember.co.kr/cache/recipe/2015/12/10/910cfaf1cdb8ae1fd9aeef13f2bf25b51_f.jpg
6902747,https://recipe1.ezmember.co.kr/cache/recipe/2018/12/24/138a7241f9083bbdb40d0e87c95071731_f.jpg
7069665,https://recipe1.ezmember.co.kr/cache/recipe/2025/12/25/4405dc394db57462104c091c9b9be36e1_f.jpg
6945566,https://recipe1.ezmember.co.kr/cache/recipe/2020/11/03/8a20d226c37905e4c95c676f264c59481_f.jpg
6949348,https://recipe1.ezmember.co.kr/cache/recipe/2020/12/11/19510cb9846d0d929b8db3019538564e1_f.jpg
7072885,https://recipe1.ezmember.co.kr/cache/recipe/2026/03/11/2181faa56ed9fabb0a28f2cb74b8cdeb1_f.jpg
7035101,https://recipe1.ezmember.co.kr/cache/recipe/2024/09/24/e2cf8e3e5fb79190e8a971f052b2967f1_f.jpg
6878128,https://recipe1.ezmember.co.kr/cache/recipe/2017/10/18/0d5ef252008833f92376fe4be14e2d3c1_f.jpg
3976865,https://recipe1.ezmember.co.kr/cache/recipe/2015/06/24/a6e798e4d62638d6ae6edc48ddb8a7da_f.jpg
6931196,https://recipe1.ezmember.co.kr/cache/recipe/2020/04/20/c8de57167d83a452fd57853c327daf721_f.jpg
4101045,https://recipe1.ezmember.co.kr/cache/recipe/2015/06/08/b63c6f711598778e7fdb38edfc8d7f75_f.jpg
6897041,https://recipe1.ezmember.co.kr/cache/recipe/2018/10/03/e71735b4be84f3f83e809b2329fbfa801_f.jpg
6885843,https://recipe1.ezmember.co.kr/cache/recipe/2020/08/25/6eed8b9648f5868c93ca140a467a97b81_f.png
6885761,https://recipe1.ezmember.co.kr/cache/recipe/2018/03/19/0596656e0bf2f763050c7e14c04b04e01_f.jpg
6970430,https://recipe1.ezmember.co.kr/cache/recipe/2021/12/07/d73b4325888b1d9988d741e5d3df879c1_f.jpg
6919530,https://recipe1.ezmember.co.kr/cache/recipe/2019/09/23/c8419ab005630d8055ff2939ec36a5fe1_f.jpg
6829028,https://recipe1.ezmember.co.kr/cache/recipe/2015/06/16/fb3e296dca395ea9a71cea1e15cf6b2b1_f.jpg
6871321,https://recipe1.ezmember.co.kr/cache/recipe/2017/06/16/5e2fd75be06732842a17d903de2b1c431_f.jpg
6918604,https://recipe1.ezmember.co.kr/cache/recipe/2019/09/03/c91588f08cb0b63a0875b1042736b3dc1_f.jpg
6913617,https://recipe1.ezmember.co.kr/cache/recipe/2019/06/09/7c3b91cf24499fa8b08d9083b08a988c1_f.jpg
6887328,https://recipe1.ezmember.co.kr/cache/recipe/2018/04/15/57147d81c00dca92dd84abc46a35da371_f.jpg
6881701,https://recipe1.ezmember.co.kr/cache/recipe/2018/01/03/6d3178b0f55faa8d868240261f7548851_f.jpg
6930087,https://recipe1.ezmember.co.kr/cache/recipe/2020/04/10/109dda7af8671c40ff165622f2606f101_f.jpg
6917856,https://recipe1.ezmember.co.kr/cache/recipe/2019/08/20/7ac2793829b694ab3690898cb98d50fd1_f.jpg
7024005,https://recipe1.ezmember.co.kr/cache/recipe/2024/04/09/12e087f8a7676ee2af596d8436a641ff1_f.jpg
2521323,https://recipe1.ezmember.co.kr/cache/recipe/2015/07/24/6f6bcf62c3e38d5cb5009a27f3d864f4_f.jpg
6956026,https://recipe1.ezmember.co.kr/cache/recipe/2021/03/28/386066caef256c8af7b82631bb9114d11_f.jpg
6884133,https://recipe1.ezmember.co.kr/cache/recipe/2018/02/18/dcee12c85e59b79ceb8f02427ca43eb41_f.jpg
6934676,https://recipe1.ezmember.co.kr/cache/recipe/2020/06/21/ac54320c7b040fb511b004de75029a2a1_f.jpg
6914054,https://recipe1.ezmember.co.kr/cache/recipe/2019/06/13/941a0b7711a21b6e538225b9e94e58f01_f.jpg
1979100,https://recipe1.ezmember.co.kr/cache/recipe/2015/07/27/5aa801c4ff7d4a58bba587b1a9252928_f.jpg
6869823,https://recipe1.ezmember.co.kr/cache/recipe/2017/05/15/9084d8af488c5d0ed28cf7943907393b1_f.jpg
6875865,https://recipe1.ezmember.co.kr/cache/recipe/2017/09/05/9d582212f8c070d919a76dc4b30da74c1_f.jpg
6908857,https://recipe1.ezmember.co.kr/cache/recipe/2019/03/21/081018947021a6748dd4a155273e20d31_f.jpg
6928586,https://recipe1.ezmember.co.kr/cache/recipe/2020/03/16/597908e2e75c115eea9b3bc26b670c251_f.jpg
6909472,https://recipe1.ezmember.co.kr/cache/recipe/2019/04/14/9d8332420f3a9950daac0f2d1d45ffb51_f.jpg
6922749,https://recipe1.ezmember.co.kr/cache/recipe/2019/11/27/3f4a36df645276dbc72094ae32dfa8661_f.jpg
6879698,https://recipe1.ezmember.co.kr/cache/recipe/2017/11/17/2246fe0f0712632cac440297a34552711_f.jpg
6885445,https://recipe1.ezmember.co.kr/cache/recipe/2018/03/14/ba90579c0a8fd6f0bf1fad5d2b226d271_f.jpg
7066350,https://recipe1.ezmember.co.kr/cache/recipe/2025/11/14/a8477fe28fc68edc57c24a25b5578dbc1_f.jpg
6897060,https://recipe1.ezmember.co.kr/cache/recipe/2018/09/30/b565170f9143d2c6521403b3777bdabe1_f.jpg
6777439,https://recipe1.ezmember.co.kr/cache/recipe/2015/05/18/3a370c68b3813fc04511b95a3bdf99601_f.jpg
7074374,https://recipe1.ezmember.co.kr/cache/recipe/2026/04/07/72f279694c5e28fd64b5004a08685d131_f.jpg
6918870,https://recipe1.ezmember.co.kr/cache/recipe/2019/09/08/f5deb3ed5a3864b0ed9186272de684031_f.jpg
6927382,https://recipe1.ezmember.co.kr/cache/recipe/2020/02/28/82e8d4e0912d14fb7d147c41292f7dea1_f.jpg
6995426,https://recipe1.ezmember.co.kr/cache/recipe/2023/01/14/7d7fcd4dcec5f28862ee7d31f76955c11_f.jpg
6831131,https://recipe1.ezmember.co.kr/cache/recipe/2015/08/04/dc744ed6b99cc04881ae2d6cee2f0ba91_f.jpg
6843798,https://recipe1.ezmember.co.kr/cache/recipe/2016/02/29/59710f49478a13b96ad2d68a67a862c01_f.jpg
6871754,https://recipe1.ezmember.co.kr/cache/recipe/2017/06/23/edff9addd7f2169107f65dd4001bf0cd1_f.jpg
6970451,https://recipe1.ezmember.co.kr/cache/recipe/2021/12/08/732eecd2f809028f587d427a6159d99c1_f.jpg
7039745,https://recipe1.ezmember.co.kr/cache/recipe/2024/12/02/0a02b3c6dd6fcb877734b3c5451587d61_f.jpg
7064618,https://recipe1.ezmember.co.kr/cache/recipe/2025/10/11/8928b15fbf9f6077de7fa9e1af176f621_f.jpg
7004106,https://recipe1.ezmember.co.kr/cache/recipe/2023/06/15/b6c06499517e9588dae52157ed1c61791_f.jpg
6874711,https://recipe1.ezmember.co.kr/cache/recipe/2017/08/14/0592f1f10d136b509b453cd030ea0ad71_f.jpg
6931547,https://recipe1.ezmember.co.kr/cache/recipe/2020/04/25/4a91848850d985877ac33ce6aee261641_f.jpg
6928243,https://recipe1.ezmember.co.kr/cache/recipe/2020/03/11/6b2697b079333298c91f76f309fe7d601_f.jpg
6865750,https://recipe1.ezmember.co.kr/cache/recipe/2017/02/23/4068a2caa3b0d8ebad16a40172fbea3a1_f.jpg
6872290,https://recipe1.ezmember.co.kr/cache/recipe/2017/07/04/5d4d5967f61a9ea7a96117100a8129f91_f.jpg
7067589,https://recipe1.ezmember.co.kr/cache/recipe/2025/11/28/5cda5e4e864e55d7bd2f14869458752e1_f.jpg
6876301,https://recipe1.ezmember.co.kr/cache/recipe/2017/09/12/d06c4a6a3d064952e41c43850cfdbbc61_f.jpg
6929119,https://recipe1.ezmember.co.kr/cache/recipe/2020/03/23/5479e614a7e5799623df0b76385ef7af1_f.jpg
6935288,https://recipe1.ezmember.co.kr/cache/recipe/2020/06/29/9349b1e553d16b6045106c2ece2c37a01_f.jpg
7066237,https://recipe1.ezmember.co.kr/cache/recipe/2025/11/07/b9e27aa36d5163a3bedbc702e8a55da31_f.jpg
6936118,https://recipe1.ezmember.co.kr/cache/recipe/2020/07/09/9547165920e382956de73757030288e41_f.jpg
6837454,https://recipe1.ezmember.co.kr/cache/recipe/2015/11/02/5d17466cb215cbe248c4a1b8a80762f61_f.jpg
6995768,https://recipe1.ezmember.co.kr/cache/recipe/2023/01/20/ccbce203e9b2edee4ceb303c5d776d6c1_f.png
6859611,https://recipe1.ezmember.co.kr/cache/recipe/2016/11/01/ea357e634abc3e22e009dcc0b3df21ae1_f.jpg
7067452,https://recipe1.ezmember.co.kr/cache/recipe/2025/11/28/cb4bb4974be96426c750249a8c497c091_f.jpg
6889778,https://recipe1.ezmember.co.kr/cache/recipe/2018/05/28/9968fbf275b34cd4eef5b427e5cfba1f1_f.jpg
6937420,https://recipe1.ezmember.co.kr/cache/recipe/2020/07/24/f935e15f309ec59320b0665ced423f4d1_f.jpg
7076198,https://recipe1.ezmember.co.kr/cache/recipe/2026/05/16/5e6626304d0ea8d5849c9ed215ea889a1_f.jpg
6860060,https://recipe1.ezmember.co.kr/cache/recipe/2016/11/07/eaeb8a615b9e4b2dfaf5b0986e5a6dcd1_f.jpg
7044413,https://recipe1.ezmember.co.kr/cache/recipe/2025/02/09/24c04bfeed7fb9208ab007606e3f07791_f.jpg
6858626,https://recipe1.ezmember.co.kr/cache/recipe/2016/10/18/b1eace6c18a649b503594f417a5ac1fa1_f.jpg
3553637,https://recipe1.ezmember.co.kr/cache/recipe/2015/04/21/850acf09716ab1dea7a2197578df28961_f.jpg
6954980,https://recipe1.ezmember.co.kr/cache/recipe/2021/03/11/f398f5ae45f30a4e08c53586683107b81_f.jpg
6982947,https://recipe1.ezmember.co.kr/cache/recipe/2022/07/06/d24d6e6e2a0a218455dd887b0add5ab31_f.jpg
6832082,https://recipe1.ezmember.co.kr/cache/recipe/2015/08/17/700df05f800967bed1e777a626a125841_f.jpg
6974471,https://recipe1.ezmember.co.kr/cache/recipe/2022/02/13/1322ff78c2d16f7aeb7ec93baba129ee1_f.jpg
5375808,https://recipe1.ezmember.co.kr/cache/recipe/2015/04/02/d43b8ce871b44911b432dbb3093d8c071_f.jpg
6912929,https://recipe1.ezmember.co.kr/cache/recipe/2019/05/29/4a0d2c6d024564ab967a41efc273f81b1_f.jpg
6931104,https://recipe1.ezmember.co.kr/cache/recipe/2020/04/20/f51ecce0d4d38504eb51700c03ee02e81_f.jpg
6837208,https://recipe1.ezmember.co.kr/cache/recipe/2015/11/09/b9178c6496fe085fb1aedcf953ab5fc91_f.jpg
6935495,https://recipe1.ezmember.co.kr/cache/recipe/2020/07/01/fbc60854acbc8635e3e43e164d6b74f31_f.jpg
6977577,https://recipe1.ezmember.co.kr/cache/recipe/2022/04/09/b8b5ad1c5bc473c3f381452b740ae0c41_f.jpg
6974935,https://recipe1.ezmember.co.kr/cache/recipe/2022/02/21/b3d3150fee32eeb271c61eea7ff7f4bf1_f.jpg
6981358,https://recipe1.ezmember.co.kr/cache/recipe/2022/06/14/2b3653f49d5d43b391e24230154b38331_f.jpg
6940238,https://recipe1.ezmember.co.kr/cache/recipe/2020/08/27/94a98ddce2f52513aca270ebd194a9b91_f.jpg
6832102,https://recipe1.ezmember.co.kr/cache/recipe/2018/07/19/44b8cead66e278cb18f240efff0402341_f.jpg
6879920,https://recipe1.ezmember.co.kr/cache/recipe/2017/11/22/991060f92c783e374f0ca726366294821_f.jpg
6884068,https://recipe1.ezmember.co.kr/cache/recipe/2018/02/15/3f268983a5daf8cb85118330f18d7d221_f.jpg
6955357,https://recipe1.ezmember.co.kr/cache/recipe/2021/03/17/b25784b1215402045567acb1d12b35461_f.jpg
6879393,https://recipe1.ezmember.co.kr/cache/recipe/2017/11/10/3df5eca4c44037911b282bc85956cffa1_f.jpg
6928135,https://recipe1.ezmember.co.kr/cache/recipe/2020/03/09/dc0eaea69f100c50ccef26db81233bef1_f.jpg
6972062,https://recipe1.ezmember.co.kr/cache/recipe/2022/01/03/6acbd61ee7fc47d66e914d487864f7561_f.jpg
7021110,https://recipe1.ezmember.co.kr/cache/recipe/2024/03/01/120539d1241833125b4e0901abaabec01_f.jpg
6854034,https://recipe1.ezmember.co.kr/cache/recipe/2016/08/04/284d444201d7df3fd31aefac1e9f32181_f.jpg
6868776,https://recipe1.ezmember.co.kr/cache/recipe/2017/04/21/a3714d4d5ca343b5dbed0b676ab7ff2b1_f.jpg
6949514,https://recipe1.ezmember.co.kr/cache/recipe/2020/12/28/f75c2bdbde67cd6f08cdec97a4e279521_f.jpg
6872448,https://recipe1.ezmember.co.kr/cache/recipe/2017/06/15/48f171b8cba98aab76de85fa0115434d1_f.jpg
6781834,https://recipe1.ezmember.co.kr/cache/recipe/2015/05/20/0a475dd705aaa7f40df464f089d960f81_f.jpg
6893364,https://recipe1.ezmember.co.kr/cache/recipe/2018/07/30/d6d6d4171d1597849559a4e5a01a66281_f.jpg
6949828,https://recipe1.ezmember.co.kr/cache/recipe/2021/01/02/de6148a89d86c3a9b4fa44574481e71e1_f.jpg
6862637,https://recipe1.ezmember.co.kr/cache/recipe/2016/12/14/06d661e0b1d3dea12e5cae23732289111_f.jpg
6825191,https://recipe1.ezmember.co.kr/cache/recipe/2015/06/09/0f2bd09b4ea06ef389fce67eb57affab1_f.jpg
6907814,https://recipe1.ezmember.co.kr/cache/recipe/2019/03/05/8dd0f7beef439aa89b73793bceb7d0db1_f.jpg
1808201,https://recipe1.ezmember.co.kr/cache/recipe/2015/08/22/afce7c824e877447abc13d778c7b25d5_f.jpg
6975013,https://recipe1.ezmember.co.kr/cache/recipe/2022/02/23/d1fd582e67f09dabcae08c9db5327aac1_f.jpg
6930877,https://recipe1.ezmember.co.kr/cache/recipe/2020/04/16/86eb4444db50b6222111748f5fa9a1181_f.png
7048820,https://recipe1.ezmember.co.kr/cache/recipe/2025/03/29/9db2adeb6ac55d9bda79da3a692fa7f11_f.jpg
6869163,https://recipe1.ezmember.co.kr/cache/recipe/2017/05/01/af31d86b8b9876a12434f5338dfb371a1_f.jpg
6947570,https://recipe1.ezmember.co.kr/cache/recipe/2020/12/04/770d2ef4ca9b0af8b1cab50bb876b4981_f.jpg
6955971,https://recipe1.ezmember.co.kr/cache/recipe/2021/03/30/71b7759511db7f1c345251b7868d3e0e1_f.jpg
6830194,https://recipe1.ezmember.co.kr/cache/recipe/2015/07/13/556f10f71c6c9f08b7ffb893fb4e2b9e1_f.jpg
6840605,https://recipe1.ezmember.co.kr/cache/recipe/2015/12/23/27889a964516277bdbd8964b1fff03251_f.jpg
6942745,https://recipe1.ezmember.co.kr/cache/recipe/2020/09/24/e80e457c51a630bd5f0405b087ec1b381_f.jpg
6879004,https://recipe1.ezmember.co.kr/cache/recipe/2017/11/03/7e343e97ba5f096976e0dfa77881d2751_f.jpg
6833078,https://recipe1.ezmember.co.kr/cache/recipe/2015/08/29/b61651ce1da1149dc1bfd89974678d0e1_f.jpg
7067122,https://recipe1.ezmember.co.kr/cache/recipe/2025/11/22/f87357df11a3277a2403d4da09939fa91_f.jpg
6904270,https://recipe1.ezmember.co.kr/cache/recipe/2019/01/13/d819d46cf3f669c267456dd70051d8751_f.jpg
6917234,https://recipe1.ezmember.co.kr/cache/recipe/2019/08/10/7b14dc01474e4ee31e821a9c1254bfa41_f.jpg
6857658,https://recipe1.ezmember.co.kr/cache/recipe/2016/09/29/7ee093a52604a4b887c39edc9cd2b34f1_f.jpg
6878720,https://recipe1.ezmember.co.kr/cache/recipe/2017/10/28/b83cd8175f01ed36507553ec633470521_f.jpg
6902694,https://recipe1.ezmember.co.kr/cache/recipe/2018/12/24/7b97dd0f69d4f3445630e62ab8bf7f471_f.jpg
6842245,https://recipe1.ezmember.co.kr/cache/recipe/2016/01/27/bda2a50b54219a6ce2c4c32fb516d4361_f.jpg
6869584,https://recipe1.ezmember.co.kr/cache/recipe/2017/05/10/65378484b5fa45265602907588202d2e1_f.jpg
6929865,https://recipe1.ezmember.co.kr/cache/recipe/2020/04/03/2506980fc75bdb3fd354b462d02131d21_f.jpg
3993622,https://recipe1.ezmember.co.kr/cache/recipe/2015/06/08/edf23693da72823af5f3c0322aeb1c1f_f.jpg
7066706,https://recipe1.ezmember.co.kr/cache/recipe/2025/11/21/3bd472a95f8684082a499786094385071_f.jpg
6889551,https://recipe1.ezmember.co.kr/cache/recipe/2018/05/25/4927a05c96bd85435964993799ed8cf01_f.jpg
6945399,https://recipe1.ezmember.co.kr/cache/recipe/2020/10/13/4064a4fb08c52b8be10233b2dc620ad41_f.jpg
6863846,https://recipe1.ezmember.co.kr/cache/recipe/2017/01/12/c374168a6afadbe040b0d3b69d666f171_f.jpg
7005451,https://recipe1.ezmember.co.kr/cache/recipe/2023/07/05/c29709a8ff6c94c73ca677cbbcbc37721_f.jpg
7016177,https://recipe1.ezmember.co.kr/cache/recipe/2023/12/19/66ce9224892ddefc2e9bbdb0a759f68c1_f.jpg
6852617,https://recipe1.ezmember.co.kr/cache/recipe/2016/07/12/27ae5c3633cd539a5fa381657d8716a71_f.jpg
4663491,https://recipe1.ezmember.co.kr/cache/recipe/2015/06/02/8f561018c322314c49874a5b8295b2511_f.jpg
6909646,https://recipe1.ezmember.co.kr/cache/recipe/2019/03/30/b4580a71afdb9c34851a12ef838e07d61_f.jpg
6951245,https://recipe1.ezmember.co.kr/cache/recipe/2021/01/17/3996af9084848884de4516dcbb88bbfe1_f.jpg
6924154,https://recipe1.ezmember.co.kr/cache/recipe/2019/12/28/a2db0b74215a334b65ace9c3ec5afcb31_f.jpg
6918263,https://recipe1.ezmember.co.kr/cache/recipe/2019/08/27/835a73296fbb1a537fcebcd44a87ab491_f.jpg
7017512,https://recipe1.ezmember.co.kr/cache/recipe/2024/01/10/44daac778e9362d69e2ddcd8f94265a51_f.jpg
6913853,https://recipe1.ezmember.co.kr/cache/recipe/2019/06/12/362714e851a6ffcf23fcdc63b01b6b121_f.jpg
6875280,https://recipe1.ezmember.co.kr/cache/recipe/2017/08/24/b22fbc4b8e3f1e5b51c69b3bd8953eba1_f.jpg
6832063,https://recipe1.ezmember.co.kr/cache/recipe/2018/07/19/f575be7219989035ecf8589b7cef63ca1_f.jpg
6924434,https://recipe1.ezmember.co.kr/cache/recipe/2020/01/03/e12fa453ab0159c48cdb8f22198503751_f.jpg
6871285,https://recipe1.ezmember.co.kr/cache/recipe/2017/06/15/02c16da231c6f915726349a24f8af8df1_f.jpg
6711683,https://recipe1.ezmember.co.kr/cache/recipe/2015/05/14/c1566363f204af1808c8ad215342d5601_f.jpg
6871272,https://recipe1.ezmember.co.kr/cache/recipe/2017/06/14/ad2728870d720e09512f61aa921ed8ab1_f.jpg
6864786,https://recipe1.ezmember.co.kr/cache/recipe/2017/02/04/15ebaf6a1758d12374ddfdc7bf11528c1_f.jpg
3991555,https://recipe1.ezmember.co.kr/cache/recipe/2015/04/16/ce96643c0d33eb5f6539209b426015571_f.jpg
6890913,https://recipe1.ezmember.co.kr/cache/recipe/2018/06/14/ef8cfe15016c0257aae75b89a5a561121_f.jpg
6837887,https://recipe1.ezmember.co.kr/cache/recipe/2015/11/10/9d676c496a65aeb27c1f9258383f6e061_f.jpg
6951263,https://recipe1.ezmember.co.kr/cache/recipe/2021/01/17/274cadfe4b862b26d7ad5c38ad4a85d71_f.jpg
6885674,https://recipe1.ezmember.co.kr/cache/recipe/2018/03/02/d55f6b74c054be763263ed64e64d65e11_f.jpg
7062219,https://recipe1.ezmember.co.kr/cache/recipe/2025/09/09/84e2878d7f9ed82a8006e093c9dcf48d1_f.jpg
7060676,https://recipe1.ezmember.co.kr/cache/recipe/2025/08/19/f09e7b8bd62c01e9275c0512f23817231_f.jpg
6950540,https://recipe1.ezmember.co.kr/cache/recipe/2021/01/10/e5c7dc405ce22442c47e31fa3a6c7df91_f.jpg
7057341,https://recipe1.ezmember.co.kr/cache/recipe/2025/06/24/60fae3b5dcfc87626ecb5c8b8b15d5201_f.jpg
6906272,https://recipe1.ezmember.co.kr/cache/recipe/2019/02/10/15eb1a461b6f6ad8accdf713fa34333a1_f.jpg
3687411,https://recipe1.ezmember.co.kr/cache/recipe/2015/06/22/2e5996b6aabafd3d78729d57501d1250_f.jpg
6848051,https://recipe1.ezmember.co.kr/cache/recipe/2016/05/13/b883a92a09b56cd6ce82515985777c531_f.jpg
6924274,https://recipe1.ezmember.co.kr/cache/recipe/2019/12/31/5620d5dfba5aafdb29b03ece5d7620431_f.jpg
6929581,https://recipe1.ezmember.co.kr/cache/recipe/2020/03/30/31c96d85aa36d8bc24677f9bbe6925ee1_f.jpg
7066843,https://recipe1.ezmember.co.kr/cache/recipe/2025/11/21/64790a293633ba3c6c2af0c077c49e751_f.jpg
6893869,https://recipe1.ezmember.co.kr/cache/recipe/2018/08/09/7a5ceba8311ef90511ad0f0714ef37ec1_f.jpg
6841642,https://recipe1.ezmember.co.kr/cache/recipe/2016/01/15/bb5f0eec6b4c413d08279a22ee3a76ba1_f.jpg
6865420,https://recipe1.ezmember.co.kr/cache/recipe/2017/02/17/7074d1b6ce78ab323be3f5b3bce63be31_f.jpg
6900875,https://recipe1.ezmember.co.kr/cache/recipe/2018/11/27/cbceb7599136357eee26bcc1a32738221_f.jpg
6901843,https://recipe1.ezmember.co.kr/cache/recipe/2018/12/12/7d450c9f058312b89f0846a98dd8e87c1_f.jpg
6964036,https://recipe1.ezmember.co.kr/cache/recipe/2021/08/26/b0d131f807f0df9152d6e648e25444e81_f.jpg
6953031,https://recipe1.ezmember.co.kr/cache/recipe/2021/02/08/5c92d1505c8a5b50d97e5495f37e35091_f.jpg
6928012,https://recipe1.ezmember.co.kr/cache/recipe/2020/03/08/0865c8d8a5c6e939447c6df8e43026b51_f.jpg
5908102,https://recipe1.ezmember.co.kr/cache/recipe/2015/04/10/bcfccb43017bf8045a68a6a7212718a41_f.jpg
6949297,https://recipe1.ezmember.co.kr/cache/recipe/2020/12/26/8a8a849674eed4e78d3805d39ed7df041_f.jpg
6957738,https://recipe1.ezmember.co.kr/cache/recipe/2021/05/03/c2e2066a642d0148d4d26903ec051fe31_f.jpg
6831097,https://recipe1.ezmember.co.kr/cache/recipe/2015/08/03/3d5b4f02f3a232dd240b67da4d2917371_f.jpg
6879259,https://recipe1.ezmember.co.kr/cache/recipe/2017/11/08/1a58ed924d45021a6d76942bc7cd39441_f.jpg
4157688,https://recipe1.ezmember.co.kr/cache/recipe/2015/04/30/ca1b73a2039935af63d3efea84a61b5d1_f.jpg
6873677,https://recipe1.ezmember.co.kr/cache/recipe/2017/07/28/2f8daa8d8362fcf0d7c2a8cfd0fa60651_f.jpg
6843118,https://recipe1.ezmember.co.kr/cache/recipe/2016/02/16/69d892dfeed8405b0a38537baff74f811_f.jpg
6900525,https://recipe1.ezmember.co.kr/cache/recipe/2018/11/21/464c58fb0c349a4cbc8e02e0d09480f41_f.jpg
6938874,https://recipe1.ezmember.co.kr/cache/recipe/2020/08/11/780f62c2c0f3c24ad1109661d2dde1ca1_f.jpg
6925042,https://recipe1.ezmember.co.kr/cache/recipe/2020/01/15/55da68d5af79fa437d1a4a3819c875e91_f.jpg
6936789,https://recipe1.ezmember.co.kr/cache/recipe/2020/07/16/e0298fafdeddc17fd99bb6f10c6162a61_f.jpg
6948688,https://recipe1.ezmember.co.kr/cache/recipe/2020/12/17/28043e649feeb6413bbb8a5285fddd1b1_f.jpg
3993753,https://recipe1.ezmember.co.kr/cache/recipe/2015/05/29/04b503c07ff65541a9317cc82c2190431_f.jpg
6988705,https://recipe1.ezmember.co.kr/cache/recipe/2022/10/05/d3cc1b79796b701d56dbfbe146c9e4c31_f.jpg
6860332,https://recipe1.ezmember.co.kr/cache/recipe/2016/11/09/f879593e439d9d7853c5f5e27f5218c31_f.jpg
6811319,https://recipe1.ezmember.co.kr/cache/recipe/2015/06/03/e2f2d96116eb2c384becba9868adbf3f1_f.jpg
6928051,https://recipe1.ezmember.co.kr/cache/recipe/2020/03/04/559c574506fcb6260e0a26c988e24f061_f.jpg
6903974,https://recipe1.ezmember.co.kr/cache/recipe/2019/01/10/0daaf59156833293f76637df2b5bb32a1_f.jpg
6931042,https://recipe1.ezmember.co.kr/cache/recipe/2020/04/19/769d4cfb1b2ec31dec20ceafce5a81661_f.jpg
6931074,https://recipe1.ezmember.co.kr/cache/recipe/2020/04/19/b6f2d90e86779bc1ff66878bd217827a1_f.jpg
7064755,https://recipe1.ezmember.co.kr/cache/recipe/2025/10/19/3d9b3e690ce2fa4181ae2e454b98989f1_f.jpg
7065016,https://recipe1.ezmember.co.kr/cache/recipe/2025/10/19/151735a3201c79fdef9641e2f87b17bd1_f.jpg
6890020,https://recipe1.ezmember.co.kr/cache/recipe/2018/06/01/1037df2053cd05531c8e09b9bc0fd90b1_f.jpg
6924845,https://recipe1.ezmember.co.kr/cache/recipe/2020/01/12/01518cdbd60d4baae49d61d99e2fe6841_f.jpg
6942478,https://recipe1.ezmember.co.kr/cache/recipe/2020/09/21/e2d8b6a54cd05631dc7523c50da831a81_f.jpg
6830411,https://recipe1.ezmember.co.kr/cache/recipe/2015/07/20/8f333b3b52d223c175f601eec23dddd11_f.jpg
6922667,https://recipe1.ezmember.co.kr/cache/recipe/2019/11/26/459460f108f19e99999c6e9705db2de61_f.jpg
7013899,https://recipe1.ezmember.co.kr/cache/recipe/2023/11/19/a591279fc57280608ae937ba17f3a7061_f.jpg
6891713,https://recipe1.ezmember.co.kr/cache/recipe/2018/06/29/ffb9ceeebb9386b020bf3e6884423cbc1_f.jpg
6840149,https://recipe1.ezmember.co.kr/cache/recipe/2015/12/16/f20ad648ebd7974e6d5d2dcd44dc27691_f.jpg
6884009,https://recipe1.ezmember.co.kr/cache/recipe/2018/02/14/c6677df0ebe263e3b91ffe5233c6216f1_f.jpg
6998713,https://recipe1.ezmember.co.kr/cache/recipe/2023/03/12/5488281316dd461bc966ae56cb3263c01_f.jpg
6868174,https://recipe1.ezmember.co.kr/cache/recipe/2017/04/10/9c58a84868e5d6a1bcbe8b83e316a99f1_f.jpg
6879374,https://recipe1.ezmember.co.kr/cache/recipe/2017/11/10/e29747be292a87d7c85d15ea5373f9291_f.jpg
3999005,https://recipe1.ezmember.co.kr/cache/recipe/2015/04/22/8a5c2cec5ca0bdb54ab0f7d39617f42e1_f.jpg
6951407,https://recipe1.ezmember.co.kr/cache/recipe/2021/01/19/6cab9bed6a30f464a1952272b9c5a3641_f.jpg
6848470,https://recipe1.ezmember.co.kr/cache/recipe/2018/07/18/30a02fcbadeb882bce83e6ade76ff7761_f.jpg
6940061,https://recipe1.ezmember.co.kr/cache/recipe/2020/08/25/09c145996d7cea706b14fb94afd9170a1_f.jpg
6952128,https://recipe1.ezmember.co.kr/cache/recipe/2021/01/26/c45cccd2dc0ac4ee4b75b0e4fbaffb231_f.jpg
7005875,https://recipe1.ezmember.co.kr/cache/recipe/2023/07/11/216fabe02e0308833e1b3a907ff3454b1_f.jpg
6831960,https://recipe1.ezmember.co.kr/cache/recipe/2015/11/24/d03d82013b6d0f325fc751dc9bbea1381_f.jpg
3927413,https://recipe1.ezmember.co.kr/cache/recipe/2015/06/20/9aafde7b974069d6525f8564d19116b1_f.jpg
4089186,https://recipe1.ezmember.co.kr/cache/recipe/2015/06/08/6916b6c812f601de19c857438c92fc88_f.jpg
6926695,https://recipe1.ezmember.co.kr/cache/recipe/2020/02/16/7aec42a6ea6c0b63bcf4a306c4d6d83b1_f.jpg
6930102,https://recipe1.ezmember.co.kr/cache/recipe/2020/04/07/e480bf753df69d094f8d4bc25856c9801_f.jpg
6841536,https://recipe1.ezmember.co.kr/cache/recipe/2018/07/18/29c852d8089bcb70cc914f95bac8dc461_f.jpg
6913295,https://recipe1.ezmember.co.kr/cache/recipe/2019/06/04/4f7f87b47bcceb5717903dd708c86dcc1_f.jpg
6862033,https://recipe1.ezmember.co.kr/cache/recipe/2016/12/02/6c004a6341bafef9cdd3a1527b04134d1_f.jpg
6929265,https://recipe1.ezmember.co.kr/cache/recipe/2020/03/18/9e2456c28dd85b4c57e7b8620ebf241c1_f.jpg
7072063,https://recipe1.ezmember.co.kr/cache/recipe/2026/02/24/42145e60de4ef75f0a442449942e38891_f.jpg
6906439,https://recipe1.ezmember.co.kr/cache/recipe/2019/02/12/6fd66719d4f72fca8aab846c050fd5ab1_f.jpg
6983718,https://recipe1.ezmember.co.kr/cache/recipe/2022/07/17/fccef7d83a155275a48a3d272e5d21361_f.jpg
6981692,https://recipe1.ezmember.co.kr/cache/recipe/2022/06/18/37c8dd5c6067dcb28e65c2e3914decb91_f.jpg
7057090,https://recipe1.ezmember.co.kr/cache/recipe/2025/07/04/43af43d0f9e7f3bfd779e52cb42d32e01_f.jpg
6940912,https://recipe1.ezmember.co.kr/cache/recipe/2020/09/04/cffb082c766b7b73fa8e2cd0f3dddd5e1_f.jpg
6836499,https://recipe1.ezmember.co.kr/cache/recipe/2015/10/20/bc367919ee9ee6ef02165fab53630beb1_f.jpg
6864830,https://recipe1.ezmember.co.kr/cache/recipe/2017/02/06/d8a28fabd81b9455f65457c4fbc1ac0c1_f.jpg
2003078,https://recipe1.ezmember.co.kr/cache/recipe/2015/08/10/21925e7fe6e228865e263a94e8ef7066_f.jpg
6938837,https://recipe1.ezmember.co.kr/cache/recipe/2020/08/10/73e3aa5eda66e016ce2fc6761aef4c141_f.jpg
6916569,https://recipe1.ezmember.co.kr/cache/recipe/2019/07/28/7207b45b578595330f9feb6a3484a1a71_f.jpg
7052101,https://recipe1.ezmember.co.kr/cache/recipe/2025/05/07/b6c1f3db422baaa37dcd4ea090bed94a1_f.jpg
6872531,https://recipe1.ezmember.co.kr/cache/recipe/2017/07/11/0f91d1e38cd003bb74325f5257e33fe71_f.jpg
6907487,https://recipe1.ezmember.co.kr/cache/recipe/2019/02/28/b66b94d0f16e8da160dda3f8bdb7c6921_f.jpg
6890446,https://recipe1.ezmember.co.kr/cache/recipe/2018/06/07/f24b76448711c547356fb73aee9760051_f.jpg
7062760,https://recipe1.ezmember.co.kr/cache/recipe/2025/09/13/048bf966e00613d3486907e097d243231_f.jpg
3984196,https://recipe1.ezmember.co.kr/cache/recipe/2015/06/08/99d45fec5c65a0e857a71105c8e0c425_f.jpg
6895677,https://recipe1.ezmember.co.kr/cache/recipe/2018/08/18/4d55935b6fd62e611d1a775e951209401_f.jpg
6928341,https://recipe1.ezmember.co.kr/cache/recipe/2020/03/12/6eb788a0238a1e7c1f4bb7d7073a841b1_f.jpg
6941445,https://recipe1.ezmember.co.kr/cache/recipe/2020/09/10/3037e839bdef6cafbbcccf04d5bd92961_f.jpg
6894914,https://recipe1.ezmember.co.kr/cache/recipe/2018/08/28/d622b7ebf12bb4a0b7feef15b9af30e11_f.jpg
7074067,https://recipe1.ezmember.co.kr/cache/recipe/2026/04/03/967292706de1769e898101508778be0f1_f.jpg
6964808,https://recipe1.ezmember.co.kr/cache/recipe/2021/09/09/e5d83af65a4150a64fe8e045a89d82e21_f.jpg
6863110,https://recipe1.ezmember.co.kr/cache/recipe/2016/12/26/3f2755903edd15ec9bcf850295ed6f721_f.jpg
7030859,https://recipe1.ezmember.co.kr/cache/recipe/2024/07/20/065068f10042e36e66200852a0a326461_f.jpg
6978451,https://recipe1.ezmember.co.kr/cache/recipe/2022/04/27/4dc888e50bc3a6bcaba64d4f051fa0d91_f.jpg
6902303,https://recipe1.ezmember.co.kr/cache/recipe/2018/12/18/48e234d8dbbdca8a9d605848aa54f5e91_f.jpg
6843884,https://recipe1.ezmember.co.kr/cache/recipe/2016/03/01/35c47c6210f2a75915d9625213702f661_f.jpg
6909912,https://recipe1.ezmember.co.kr/cache/recipe/2019/04/05/6b2733f8958604658c230f9f40de11d81_f.jpg
6830301,https://recipe1.ezmember.co.kr/cache/recipe/2015/07/17/245aca6f25ba9747aae7a53d156284c11_f.jpg
6865021,https://recipe1.ezmember.co.kr/cache/recipe/2017/02/09/6d111d9c3914c7913b09265b0b7f2ba81_f.jpg
6901073,https://recipe1.ezmember.co.kr/cache/recipe/2018/11/30/85acde76a2d0bc7b1694cea0613911211_f.jpg
6838594,https://recipe1.ezmember.co.kr/cache/recipe/2015/11/30/ac0a689af9fd92855dfcc4fcc0310ce81_f.jpg
6829862,https://recipe1.ezmember.co.kr/cache/recipe/2015/07/08/7e33641f79bfd78a70efda5dc321ae7a1_f.jpg
6929414,https://recipe1.ezmember.co.kr/cache/recipe/2020/03/27/48c89b3790d2bdadc7757a7eb7194f591_f.jpg
6831686,https://recipe1.ezmember.co.kr/cache/recipe/2015/08/11/60e172ff8e0f2781c24524a4460236eb1_f.jpg
7017024,https://recipe1.ezmember.co.kr/cache/recipe/2024/01/03/2e05cfb0b7554ae47f98cc8a4fd20e841_f.jpg
6831070,https://recipe1.ezmember.co.kr/cache/recipe/2015/08/06/90de5c522bd774717e45dc90393400ca1_f.jpg
6953924,https://recipe1.ezmember.co.kr/cache/recipe/2021/02/21/6a38ee5cb4378f388844b81d445121321_f.jpg
6821828,https://recipe1.ezmember.co.kr/cache/recipe/2015/09/02/b179e626cf0757fb148ecba3c6fd46d91_f.jpg
6854858,https://recipe1.ezmember.co.kr/cache/recipe/2016/08/18/21bf96e9e05948fe8b67cc24816badef1_f.jpg
6921550,https://recipe1.ezmember.co.kr/cache/recipe/2019/11/02/a4f23ea8cd0704dedd02d1f8f91332a51_f.jpg
6911250,https://recipe1.ezmember.co.kr/cache/recipe/2019/04/28/ef204dfcb2d072a09115dc343f82223e1_f.jpg
6923852,https://recipe1.ezmember.co.kr/cache/recipe/2019/12/21/d4e75d8f64f848c1adb55591585446a11_f.jpg
6924057,https://recipe1.ezmember.co.kr/cache/recipe/2019/12/25/3c49b116b0455bd48b9dd1573f565bc51_f.jpg
6830408,https://recipe1.ezmember.co.kr/cache/recipe/2015/07/20/3a1ac9ff1ccc75afcf46863fba60212f1_f.jpg
6918196,https://recipe1.ezmember.co.kr/cache/recipe/2019/08/26/65b4590c0b415a89f19507da79e5be8f1_f.jpg
6887713,https://recipe1.ezmember.co.kr/cache/recipe/2018/04/22/e965286fc3f14d207d870cf1ffcf560e1_f.jpg
6876933,https://recipe1.ezmember.co.kr/cache/recipe/2017/09/03/7f66e00e52a85e048f6929dae417f3481_f.jpg
6925094,https://recipe1.ezmember.co.kr/cache/recipe/2020/01/16/94ea0f88e63e9cb1153878172a04039f1_f.jpg
6904360,https://recipe1.ezmember.co.kr/cache/recipe/2019/01/14/88ae6327e082a56d98ef7280df1c6d2d1_f.jpg
6905101,https://recipe1.ezmember.co.kr/cache/recipe/2019/01/23/374b3dfcbe2b3d9b2c1bb231f71156e81_f.jpg
7000473,https://recipe1.ezmember.co.kr/cache/recipe/2023/04/11/dc12e4c3c539fa3d0ea5deb32d2eba851_f.jpg
6947677,https://recipe1.ezmember.co.kr/cache/recipe/2020/12/04/b05002306024c3c38078e9838863e8ec1_f.jpg
6882181,https://recipe1.ezmember.co.kr/cache/recipe/2018/01/12/52da915a9bcd5d53390b27da638c81851_f.jpg
5203234,https://recipe1.ezmember.co.kr/cache/recipe/2015/06/08/4c7a30af4728ebc9d09dd846b6daabb6_f.jpg
6829461,https://recipe1.ezmember.co.kr/cache/recipe/2015/06/26/6ba3d7ff2890929153cc05309c401a5f1_f.jpg
6892853,https://recipe1.ezmember.co.kr/cache/recipe/2018/07/20/f1e479737e244a8ba1313609cf68f4781_f.jpg
6953836,https://recipe1.ezmember.co.kr/cache/recipe/2021/02/19/0198dfabad8b1f8b7a21f62843ae7a911_f.jpg
6936955,https://recipe1.ezmember.co.kr/cache/recipe/2020/07/18/dfd4e93c09197f979aad0b76cfba82f81_f.jpg
6887081,https://recipe1.ezmember.co.kr/cache/recipe/2018/04/11/9bae408237728e88cc9aa3e49a8ab2ad1_f.jpg
6837957,https://recipe1.ezmember.co.kr/cache/recipe/2018/07/19/bea1e35bd3df748c2b36fe87e2fb4b911_f.jpg
4195367,https://recipe1.ezmember.co.kr/cache/recipe/2015/04/20/7e3eafe01a8c38364c0782ab57d411481_f.jpg
6977981,https://recipe1.ezmember.co.kr/cache/recipe/2022/04/17/863bf29b060c81c338b997da9316df4f1_f.jpg
6867010,https://recipe1.ezmember.co.kr/cache/recipe/2017/03/17/cb32265fb4466d7a9024ff1d7877101e1_f.jpg
6830500,https://recipe1.ezmember.co.kr/cache/recipe/2015/07/22/f7bc6d49d63a8535f2f16d7123939af01_f.jpg
6941374,https://recipe1.ezmember.co.kr/cache/recipe/2020/09/09/14619d75f5f7957184bdf09a1b20a7ae1_f.jpg
6904454,https://recipe1.ezmember.co.kr/cache/recipe/2019/01/15/37c8604ecbc79fe0c92be668418c57721_f.jpg
6886754,https://recipe1.ezmember.co.kr/cache/recipe/2018/04/05/cde97f8e1fec54d2afcd8dce89ec8a431_f.jpg
6927040,https://recipe1.ezmember.co.kr/cache/recipe/2020/02/22/9b1b48dcc4ad3edc0d6f10abd43ba5f51_f.jpg
6870879,https://recipe1.ezmember.co.kr/cache/recipe/2017/06/06/ad2969d73216e38378ee2c1938908ba31_f.jpg
6877054,https://recipe1.ezmember.co.kr/cache/recipe/2017/09/25/35c52d512ca04787c39da220d34797a11_f.jpg
6837953,https://recipe1.ezmember.co.kr/cache/recipe/2015/11/11/d74d6ee84f5f5b77e697645eabcfd1621_f.jpg
6969190,https://recipe1.ezmember.co.kr/cache/recipe/2021/11/17/dbda06e5c3ba7472bc896972d99e83581_f.jpg
7012668,https://recipe1.ezmember.co.kr/cache/recipe/2023/10/24/38822d4aac03fcda53047edc7e90b4551_f.jpg
6874882,https://recipe1.ezmember.co.kr/cache/recipe/2017/08/17/9c3de2cc2a94a4a9aadb5eac535a764d1_f.jpg
6901024,https://recipe1.ezmember.co.kr/cache/recipe/2018/11/29/3a808bc6903502eabee8409d456355a01_f.jpg
6920843,https://recipe1.ezmember.co.kr/cache/recipe/2019/10/18/d2dee1be0d5a94f45e133f85aac0baf21_f.jpg
6920849,https://recipe1.ezmember.co.kr/cache/recipe/2019/10/18/40621799e62f0923a4d585919fd38cf41_f.jpg
6903923,https://recipe1.ezmember.co.kr/cache/recipe/2019/01/09/8306db82d2072bf9c8680662341eab5c1_f.jpg
6830590,https://recipe1.ezmember.co.kr/cache/recipe/2015/07/23/4e9550998f479b68a0b9f780a7b7f2921_f.jpg
6944744,https://recipe1.ezmember.co.kr/cache/recipe/2020/10/22/e66c79208fcd6201807d31cdd86373491_f.jpg
6968823,https://recipe1.ezmember.co.kr/cache/recipe/2021/11/11/07940692f2bc7b87cac4fe8657ef30f11_f.jpg
6834540,https://recipe1.ezmember.co.kr/cache/recipe/2015/09/17/094296467f1515db3faabea531cd7ff41_f.jpg
6904744,https://recipe1.ezmember.co.kr/cache/recipe/2019/01/19/09904f789e119449f5e12432b22ce3641_f.jpg
6835897,https://recipe1.ezmember.co.kr/cache/recipe/2015/10/09/b58cc0d1bc1543392bde8aba1ad4920d1_f.jpg
6866075,https://recipe1.ezmember.co.kr/cache/recipe/2017/03/01/b42e871fd202078df7355253c58639bd1_f.jpg
6947059,https://recipe1.ezmember.co.kr/cache/recipe/2020/11/26/86b31a35fbfe1cd20871434d603b33191_f.jpg
6874500,https://recipe1.ezmember.co.kr/cache/recipe/2017/08/09/a812e9764dc431d9ff32de422634ef891_f.jpg
6873641,https://recipe1.ezmember.co.kr/cache/recipe/2017/07/27/570eaf06f2e8cffffc72c2f90d8fab221_f.jpg
6955732,https://recipe1.ezmember.co.kr/cache/recipe/2021/03/24/980de5a2b23857d943b33147f15f29ee1_f.jpg
6996851,https://recipe1.ezmember.co.kr/cache/recipe/2023/02/11/8df7f043394134ca5002b83f125d5db81_f.jpg
6949067,https://recipe1.ezmember.co.kr/cache/recipe/2020/12/23/acd7abd94c0b6d6f5d5c9540688fe50a1_f.jpg
6905987,https://recipe1.ezmember.co.kr/cache/recipe/2019/02/06/092e31a10afa061930298f9045bfa7a11_f.jpg
6937840,https://recipe1.ezmember.co.kr/cache/recipe/2020/07/27/7b83477e3e0f6649e5c9435946d45c971_f.jpg
6863032,https://recipe1.ezmember.co.kr/cache/recipe/2016/12/25/5f1850b7db368b84fdb898c0b929233f1_f.jpg
6867114,https://recipe1.ezmember.co.kr/cache/recipe/2017/03/20/36275f84de5856ae76b508775ad0fcb41_f.jpg
6943705,https://recipe1.ezmember.co.kr/cache/recipe/2020/10/08/1f9eec8f8ba8da3594178557965cc8161_f.jpg
6833358,https://recipe1.ezmember.co.kr/cache/recipe/2015/09/02/1e80bdc581db4b9f96cf3e4479da91991_f.jpg
6933798,https://recipe1.ezmember.co.kr/cache/recipe/2020/06/04/09219d69bbd98725b04378a74bc410bb1_f.jpg
6842098,https://recipe1.ezmember.co.kr/cache/recipe/2016/01/25/71cd24ca5e506583ab78797ccdb09c501_f.jpg
6865555,https://recipe1.ezmember.co.kr/cache/recipe/2017/02/20/67189ee9cca844f5e41d0de72258f9601_f.jpg
6895409,https://recipe1.ezmember.co.kr/cache/recipe/2018/09/06/77f5706cbfc57b48a10330a54303498b1_f.jpg
6832634,https://recipe1.ezmember.co.kr/cache/recipe/2015/08/23/fec10ac631a9e1bb3f65d5d5a0d90bb81_f.jpg
6866485,https://recipe1.ezmember.co.kr/cache/recipe/2017/03/08/b6560d390ef70771aa6dfa41c1d30ee51_f.jpg
7061362,https://recipe1.ezmember.co.kr/cache/recipe/2025/08/28/befc72e7eca45cf54100309afce05cad1_f.jpg
4900066,https://recipe1.ezmember.co.kr/cache/recipe/2015/06/18/82d60a7f3ba0e0ed20988b5bd5757444_f.jpg
6865434,https://recipe1.ezmember.co.kr/cache/recipe/2017/02/17/b620b44c012150d38db2cd223ba78d791_f.jpg
6856615,https://recipe1.ezmember.co.kr/cache/recipe/2016/09/07/5b3bacdf36862d3ddfaeb32299e7fedb1_f.jpg
6829272,https://recipe1.ezmember.co.kr/cache/recipe/2015/06/22/04847a6b6315db1104994a9a8a04928a1_f.jpg
6868261,https://recipe1.ezmember.co.kr/cache/recipe/2017/04/11/22f272fce50be36c1b81ab429ff766fa1_f.jpg
6969291,https://recipe1.ezmember.co.kr/cache/recipe/2021/11/18/a6dd15b93f366377b585a41577f2e11f1_f.jpg
6900284,https://recipe1.ezmember.co.kr/cache/recipe/2018/11/16/3c703a2d6f3f0aafb750af3e8319646a1_f.jpg
6876723,https://recipe1.ezmember.co.kr/cache/recipe/2017/09/18/34f2ace4fa6a2d76ce3cfc60c33698d51_f.jpg
6840769,https://recipe1.ezmember.co.kr/cache/recipe/2015/12/28/e926818dc640262ae2071788c4530a2a1_f.jpg
6956499,https://recipe1.ezmember.co.kr/cache/recipe/2021/04/08/c61500a1b57726c6a3c11c57f5d182fa1_f.jpg
7076384,https://recipe1.ezmember.co.kr/cache/recipe/2026/05/20/b9d353b9ba7cc2bc2d317ec1a78bf3251_f.jpg
6955991,https://recipe1.ezmember.co.kr/cache/recipe/2021/03/30/41865015a5adeb75d560d2026f8349871_f.jpg
6773969,https://recipe1.ezmember.co.kr/cache/recipe/2015/05/16/a6c7e0532c356e64ab34742a8ff1530a1_f.jpg
7036790,https://recipe1.ezmember.co.kr/cache/recipe/2024/10/21/b5d974521d0e710527e031d5f83b17211_f.jpg
6926119,https://recipe1.ezmember.co.kr/cache/recipe/2020/02/06/e8bdb3832066b8bc592760905270dda31_f.jpg
6913272,https://recipe1.ezmember.co.kr/cache/recipe/2019/06/04/f691584bafb7853733ff1efd4a22fe351_f.jpg
7067664,https://recipe1.ezmember.co.kr/cache/recipe/2025/12/05/b295567caa214a7457d3b9bc7e4f31cd1_f.jpg
6835921,https://recipe1.ezmember.co.kr/cache/recipe/2015/10/10/69c53a53078c1fbe88f5164980c8b4bf1_f.jpg
7006602,https://recipe1.ezmember.co.kr/cache/recipe/2023/07/22/1fe0107aa939e335fb9e8c1e7f78a8ec1_f.jpg
6918322,https://recipe1.ezmember.co.kr/cache/recipe/2019/08/28/915f512165b0921b4835d0c0b50bc4b71_f.jpg
6949677,https://recipe1.ezmember.co.kr/cache/recipe/2020/12/30/5017d65ca676192b2c90571b102c94b91_f.jpg
6932059,https://recipe1.ezmember.co.kr/cache/recipe/2020/05/02/b48596e42c65d053c10d0ea253af2a231_f.jpg
6904934,https://recipe1.ezmember.co.kr/cache/recipe/2019/01/18/f3e153814af536805ff4db9b1c1fdaa21_f.jpg
6936499,https://recipe1.ezmember.co.kr/cache/recipe/2020/07/13/264ba8affc6e00b5310ed317a31082621_f.jpg
6844157,https://recipe1.ezmember.co.kr/cache/recipe/2016/03/08/4a52d1fc7f30a33db6f72b4fafbaa1621_f.jpg
6892025,https://recipe1.ezmember.co.kr/cache/recipe/2018/07/05/9cc47d7a0d559bd48e577a4e408ad3df1_f.jpg
7056011,https://recipe1.ezmember.co.kr/cache/recipe/2025/06/21/0a52ed8f531ff3a26f2bcb30ce0661a01_f.jpg
6914042,https://recipe1.ezmember.co.kr/cache/recipe/2019/06/12/22fa8fd2db5da469cf0751b6ad0deebd1_f.jpg
7060587,https://recipe1.ezmember.co.kr/cache/recipe/2025/08/15/67afe989b8c9a4506247da32e84a4d921_f.jpg
6866234,https://recipe1.ezmember.co.kr/cache/recipe/2017/03/04/f1abea6e9daf8ae7b6c751dd3aff5ea11_f.jpg
6911174,https://recipe1.ezmember.co.kr/cache/recipe/2019/04/26/0f4f704e75bc0d2765c5abd5512495bc1_f.jpg
6980370,https://recipe1.ezmember.co.kr/cache/recipe/2022/06/01/de3fa148d304931038eae84998c1b5d61_f.png
6837209,https://recipe1.ezmember.co.kr/cache/recipe/2015/11/09/e0d1a060d7346f89998a75ee72b3d7bf1_f.jpg
6832403,https://recipe1.ezmember.co.kr/cache/recipe/2015/08/20/c9f784775e317f15e84a20ee178000de1_f.jpg
6912682,https://recipe1.ezmember.co.kr/cache/recipe/2019/05/24/a2861f9914944419418c937def633a171_f.jpg
6916624,https://recipe1.ezmember.co.kr/cache/recipe/2019/07/29/63d9e0ac78c341c44de72074df89f9f81_f.jpg
6879175,https://recipe1.ezmember.co.kr/cache/recipe/2017/11/06/5b383f1834dff24e03d6c393e1fd930b1_f.jpg
6832711,https://recipe1.ezmember.co.kr/cache/recipe/2015/08/24/69e8e8a900c06c6ed414c09edffee1091_f.jpg
6833897,https://recipe1.ezmember.co.kr/cache/recipe/2015/09/08/eb9a1e77ad94fa38a4dfbabdaf37dde81_f.jpg
7063750,https://recipe1.ezmember.co.kr/cache/recipe/2025/09/29/3ced7ae31c27ad30ac1e50959d6f00c61_f.jpg
4187342,https://recipe1.ezmember.co.kr/cache/recipe/2015/05/28/09363eca6e2f0991db5d20c975b3fb841_f.jpg
6947236,https://recipe1.ezmember.co.kr/cache/recipe/2020/11/29/50c1f9b13c4cf36f4464627f22cfd19b1_f.jpg
6839103,https://recipe1.ezmember.co.kr/cache/recipe/2015/12/03/1ab48047fccdc8198efd88a3d0dff4581_f.jpg
6889038,https://recipe1.ezmember.co.kr/cache/recipe/2018/05/17/14ead1a9538352088df6bb13f066504f1_f.jpg
6907485,https://recipe1.ezmember.co.kr/cache/recipe/2019/02/28/3fe3fde095eca6f90887edcd378142ef1_f.jpg
6879873,https://recipe1.ezmember.co.kr/cache/recipe/2017/11/21/7283709bbee896b292bbbc335e43871e1_f.jpg
6884950,https://recipe1.ezmember.co.kr/cache/recipe/2018/03/05/4765cc197b4707339ed2df4eb9792fcd1_f.jpg
6947179,https://recipe1.ezmember.co.kr/cache/recipe/2020/11/28/5f99a83938c30b1278a1f7a0f44cd83f1_f.jpg
6901822,https://recipe1.ezmember.co.kr/cache/recipe/2018/12/12/57ee955477765269ab191e76095d68191_f.jpg
6926342,https://recipe1.ezmember.co.kr/cache/recipe/2020/02/10/e31c973098599945eed3b63cf83c1dc71_f.jpg
6925726,https://recipe1.ezmember.co.kr/cache/recipe/2020/01/30/e17dfe24cc7af583398741338bf896e61_f.jpg
6845249,https://recipe1.ezmember.co.kr/cache/recipe/2016/03/23/86000e1b390d91c637414001a6faad531_f.jpg
6842702,https://recipe1.ezmember.co.kr/cache/recipe/2016/02/06/5518ebdcc2a73fc40df77888a8b684b51_f.jpg
6911281,https://recipe1.ezmember.co.kr/cache/recipe/2019/04/28/2948effa726d29a6ae493d209419e7321_f.jpg
6956207,https://recipe1.ezmember.co.kr/cache/recipe/2021/04/03/26eb70b7c22884df136f244cc1bd9a2a1_f.jpg
6838394,https://recipe1.ezmember.co.kr/cache/recipe/2015/11/19/1bef0776a1aa94acc5a91893e61531661_f.jpg
7029150,https://recipe1.ezmember.co.kr/cache/recipe/2024/06/26/dde95c5ecd59bdaee8a091454aaa8f831_f.jpg
7000187,https://recipe1.ezmember.co.kr/cache/recipe/2023/04/06/a7a60c1f98223d5b2b74ff31311ade281_f.jpg
6905869,https://recipe1.ezmember.co.kr/cache/recipe/2019/02/03/62a72082df56a6e219c2bd5f67618b5f1_f.jpg
4672417,https://recipe1.ezmember.co.kr/cache/recipe/2015/06/08/94a9a78a8a5137c2858e9530f8faa71c_f.jpg
6834412,https://recipe1.ezmember.co.kr/cache/recipe/2015/09/15/d5940a1d7370b8448233ff29cebfa6b41_f.jpg
6899099,https://recipe1.ezmember.co.kr/cache/recipe/2018/10/31/cf4ab60c2e10547642e57a7ebab751a81_f.jpg
5123985,https://recipe1.ezmember.co.kr/cache/recipe/2015/06/15/7e8addb4467e1272357fdc21106415e3_f.jpg
6923036,https://recipe1.ezmember.co.kr/cache/recipe/2019/12/04/33439a7eccdae4ff0c1edd6fa4b9d4001_f.jpg
5122649,https://recipe1.ezmember.co.kr/cache/recipe/2015/06/15/c949fe348d2903a2c8af2c5ccd84bb23_f.jpg
6838908,https://recipe1.ezmember.co.kr/cache/recipe/2015/11/30/fd126e2bc73d689e0510c31addd94fe61_f.jpg
6857412,https://recipe1.ezmember.co.kr/cache/recipe/2016/09/24/1d4c951aca78caca2cf1aa106d9f89a21_f.jpg
6841176,https://recipe1.ezmember.co.kr/cache/recipe/2016/01/06/4baf251d4ec8fb6b21fef517995147561_f.jpg
6882593,https://recipe1.ezmember.co.kr/cache/recipe/2018/01/19/9477cf69a98328bf59c5c864b159f0411_f.jpg
7021154,https://recipe1.ezmember.co.kr/cache/recipe/2024/03/02/049b00a11990725ef5d4409b9b002ff21_f.jpg
6964867,https://recipe1.ezmember.co.kr/cache/recipe/2021/09/09/6a5dc29311568660f67b7ab64afc5a2e1_f.jpg
6830922,https://recipe1.ezmember.co.kr/cache/recipe/2015/07/30/c87457dbe9c2c0cd0c49d580350349431_f.jpg
6830520,https://recipe1.ezmember.co.kr/cache/recipe/2015/07/24/472a6ff1b345b25e5dae58a05404f8151_f.jpg
6954974,https://recipe1.ezmember.co.kr/cache/recipe/2021/03/11/da4624cdb5942a451688f4f5037aade31_f.jpg
6882223,https://recipe1.ezmember.co.kr/cache/recipe/2018/01/12/4324223ec03b167859abfc157cde38e71_f.jpg
6942135,https://recipe1.ezmember.co.kr/cache/recipe/2020/09/18/6e2ead4ea9670aa95f6abf33465953d11_f.jpg
6980531,https://recipe1.ezmember.co.kr/cache/recipe/2022/06/03/6a76215214814db44740476edd9cd5671_f.jpg
6883108,https://recipe1.ezmember.co.kr/cache/recipe/2018/01/31/4db8b56fe9b8b317a7a7f84364cf1a701_f.jpg
6859909,https://recipe1.ezmember.co.kr/cache/recipe/2016/11/05/a8d883fb6852fcbe09666d86ffd50ff51_f.jpg
6880362,https://recipe1.ezmember.co.kr/cache/recipe/2017/12/01/8612d13ec9a91363e27d196cce15f4631_f.jpg
4624198,https://recipe1.ezmember.co.kr/cache/recipe/2015/04/18/77f987a4719e831b66b990d1ef37ecdc1_f.jpg
6910763,https://recipe1.ezmember.co.kr/cache/recipe/2019/04/10/3d6cd73079c1d78eb82dc45939f6b58e1_f.jpg
7015387,https://recipe1.ezmember.co.kr/cache/recipe/2023/12/10/fd502adf401a8bfe8ed0cc83b9a04c771_f.jpg
6836566,https://recipe1.ezmember.co.kr/cache/recipe/2015/10/21/7b0c70b3782fcfee9c2fe8b892f0d9dc1_f.jpg
6943706,https://recipe1.ezmember.co.kr/cache/recipe/2020/10/09/4cb8e78302ab1383ac1a48a5159af7051_f.jpg
6903188,https://recipe1.ezmember.co.kr/cache/recipe/2018/12/30/556f559edc7a2f1a0f3ce383a69edced1_f.jpg
6919802,https://recipe1.ezmember.co.kr/cache/recipe/2019/09/28/93b6551cee7ef863bda95e0d23ca1bb71_f.jpg
6909649,https://recipe1.ezmember.co.kr/cache/recipe/2019/04/01/f438c87b581170cd4a7e69b98aa6c1ea1_f.jpg
6864694,https://recipe1.ezmember.co.kr/cache/recipe/2017/01/31/3683674adab8d2b7f75b95fd27498c2d1_f.jpg
6961633,https://recipe1.ezmember.co.kr/cache/recipe/2021/07/12/54ffd64c5b536f5b964a7da33a7f9b0d1_f.jpg
7072492,https://recipe1.ezmember.co.kr/cache/recipe/2026/03/02/5a5e945fee0dffcc99c4a59ddc6eb6301_f.jpg
6968713,https://recipe1.ezmember.co.kr/cache/recipe/2021/11/10/39c39d9e2db5d8c479c42252ab4874731_f.jpg
6893983,https://recipe1.ezmember.co.kr/cache/recipe/2018/08/11/bdb63a3168adfde06b9b70c7028b40de1_f.jpg
6883962,https://recipe1.ezmember.co.kr/cache/recipe/2018/02/13/2f02d3f7b079f68913334b9f3243e2581_f.jpg
4340628,https://recipe1.ezmember.co.kr/cache/recipe/2015/06/27/6413fe641435e748048347488d86b8c5_f.jpg
6837146,https://recipe1.ezmember.co.kr/cache/recipe/2015/10/29/c3bad59b31dce1efb85ab87bda0b04db1_f.jpg
6876731,https://recipe1.ezmember.co.kr/cache/recipe/2017/09/19/74b190fa0114818877e33a59635edcc51_f.jpg
6882198,https://recipe1.ezmember.co.kr/cache/recipe/2018/01/12/7a71a3f867abb7b9aaea833f3d8fc95c1_f.jpg
7068390,https://recipe1.ezmember.co.kr/cache/recipe/2025/12/18/49fbb61d07f514aa73efa5afa96491f91_f.jpg
6899604,https://recipe1.ezmember.co.kr/cache/recipe/2018/11/07/026e274c0488fff1da894e32d04e33e01_f.jpg
6834608,https://recipe1.ezmember.co.kr/cache/recipe/2015/09/17/d8272fc7f3de1c78e52f9cef4a7eb0f41_f.jpg
6912006,https://recipe1.ezmember.co.kr/cache/recipe/2019/05/12/cd1239cda12f7fa25736068d8d5cbee51_f.jpg
6856772,https://recipe1.ezmember.co.kr/cache/recipe/2016/09/09/7ce3131d5409100b80d537091517e9bf1_f.jpg
6895725,https://recipe1.ezmember.co.kr/cache/recipe/2018/09/12/d7cb1fd2ea4d8039cae67c2c409ca5371_f.jpg
6925808,https://recipe1.ezmember.co.kr/cache/recipe/2020/02/02/fbfbe4b8bfb78046953925be55f541891_f.jpg
6959585,https://recipe1.ezmember.co.kr/cache/recipe/2021/06/04/656fc846672a17a1631290fde5486f4c1_f.jpg
6935085,https://recipe1.ezmember.co.kr/cache/recipe/2020/06/26/7834fdc998625730dea468acabc012a71_f.jpg
6939740,https://recipe1.ezmember.co.kr/cache/recipe/2020/08/21/4f80e2426760fbd00f0d6b33e018a45f1_f.png
6923152,https://recipe1.ezmember.co.kr/cache/recipe/2019/12/06/dbf2ed3407333c391fa02838127a2ec31_f.jpg
6908129,https://recipe1.ezmember.co.kr/cache/recipe/2019/03/11/a59c1e778e143e21010e1db2624b181e1_f.png
6979549,https://recipe1.ezmember.co.kr/cache/recipe/2022/05/18/3a561d035f277028219ccb06ee28a3d71_f.jpg
6928507,https://recipe1.ezmember.co.kr/cache/recipe/2020/03/05/5f83ec97069b7e4cd57d2da706abf9561_f.jpg
6893509,https://recipe1.ezmember.co.kr/cache/recipe/2018/08/03/e1496a7cfe5135e7f44ceb9c2273ee9c1_f.jpg
563115,https://recipe1.ezmember.co.kr/cache/recipe/2015/10/21/00e55dd738481605eb1c32df1994d53f_f.jpg
6832050,https://recipe1.ezmember.co.kr/cache/recipe/2015/08/17/caf60ca9d7d9b946ffe1408629d614df1_f.jpg
6870013,https://recipe1.ezmember.co.kr/cache/recipe/2017/05/19/81a05635e856c34f92f1632bfffbb34d1_f.jpg
7041672,https://recipe1.ezmember.co.kr/cache/recipe/2025/01/01/21931bb6935217a2bef85c5b5bacda731_f.jpg
6907695,https://recipe1.ezmember.co.kr/cache/recipe/2019/03/04/edf868d7eead2790a57750ea93f36ba41_f.jpg
6905109,https://recipe1.ezmember.co.kr/cache/recipe/2019/01/24/023c59b6cf263e02db433b7492c133f41_f.JPG
6840561,https://recipe1.ezmember.co.kr/cache/recipe/2015/12/23/e2ae17b6fb29c0f2b8ab814a45c1e9f41_f.jpg
6900690,https://recipe1.ezmember.co.kr/cache/recipe/2018/11/23/4f0fbc8ba7751c42cfb20556ba329b301_f.jpg
6889106,https://recipe1.ezmember.co.kr/cache/recipe/2018/05/18/b0fc897704b64174ec5e0bcd56c7dc761_f.jpg
6864167,https://recipe1.ezmember.co.kr/cache/recipe/2017/01/21/edd1e39ba1ed726526b81136059fc5511_f.jpg
6858625,https://recipe1.ezmember.co.kr/cache/recipe/2016/10/18/4a80c1a9e206985cd5370dcb85cb61811_f.jpg
6882783,https://recipe1.ezmember.co.kr/cache/recipe/2018/01/24/835420df19285f684021f902bdab14601_f.jpg
6921521,https://recipe1.ezmember.co.kr/cache/recipe/2019/07/14/f4e8c0d94fffe08b08c6c542bce9e2461_f.jpg
3991300,https://recipe1.ezmember.co.kr/cache/recipe/2015/03/26/b2a756c8363b75272d8ba79c47ae87181_f.jpg
6914700,https://recipe1.ezmember.co.kr/cache/recipe/2019/06/25/17dddd0aa6ff3cf2191a8bdc3050c9901_f.jpg
6868277,https://recipe1.ezmember.co.kr/cache/recipe/2017/04/12/07641d2738f4d854fca019f46e999dde1_f.jpg
6948206,https://recipe1.ezmember.co.kr/cache/recipe/2020/12/12/3057f849941b1d0f1f5ec9e97bafdcd61_f.jpg
6915614,https://recipe1.ezmember.co.kr/cache/recipe/2019/07/10/e3a53bfd55f6424b7827355f79624b6a1_f.jpg
6946188,https://recipe1.ezmember.co.kr/cache/recipe/2020/11/12/25bb64ed66d190dc38fb85e3ebca282a1_f.jpg
6940500,https://recipe1.ezmember.co.kr/cache/recipe/2020/08/31/0ea41def6cfa42e9e0aa41dde1c589d01_f.jpg
6900483,https://recipe1.ezmember.co.kr/cache/recipe/2018/11/20/a78a36cc09d72308c7ed7969233ba21d1_f.jpg
4849392,https://recipe1.ezmember.co.kr/cache/recipe/2015/04/18/58d384a7e382f01bd18ff5e9fd08d8ca1_f.jpg
6896089,https://recipe1.ezmember.co.kr/cache/recipe/2018/09/18/bedac2f08265370b9cdc6672ee346ad91_f.jpg
6838900,https://recipe1.ezmember.co.kr/cache/recipe/2015/11/30/3d2822de7199d1bc1919ea50801d58a51_f.jpg
6896224,https://recipe1.ezmember.co.kr/cache/recipe/2018/09/20/33572932729104eb8b9bea25836219b51_f.jpg
6926405,https://recipe1.ezmember.co.kr/cache/recipe/2020/02/11/7645b6c3478a9ef5d22ee6f6a01f05fa1_f.jpg
6901357,https://recipe1.ezmember.co.kr/cache/recipe/2018/12/05/a9a34a0150e097007bfd66a6054244b21_f.jpg
6864918,https://recipe1.ezmember.co.kr/cache/recipe/2017/02/06/7ff6992317e37090f9120bd9c013c8cd1_f.jpg
6868402,https://recipe1.ezmember.co.kr/cache/recipe/2017/04/13/a0ebb30bce0ccd1b7652758afca2cd5f1_f.jpg
6882232,https://recipe1.ezmember.co.kr/cache/recipe/2018/01/13/eac1f69268a9857fad944e7653d9c1ad1_f.jpg
6894937,https://recipe1.ezmember.co.kr/cache/recipe/2018/08/29/da0e0271aa850c8e6514a75b3442d2551_f.jpg
6877131,https://recipe1.ezmember.co.kr/cache/recipe/2017/09/26/a50a1d66442a6f347a112a37fb9d88781_f.jpg
6898225,https://recipe1.ezmember.co.kr/cache/recipe/2018/10/19/3d22e6a4c209ccd9cbf356f90b3f08fe1_f.jpg
4171772,https://recipe1.ezmember.co.kr/cache/recipe/2015/03/26/5faf545e388b76bae29dc2af0b1d3da41_f.jpg
6863123,https://recipe1.ezmember.co.kr/cache/recipe/2016/12/26/9a4aa0936509d4c0e6212d17c9cefa1b1_f.jpg
6914772,https://recipe1.ezmember.co.kr/cache/recipe/2019/06/26/6237b05cf6e13d4862dc0e9fec6e59fc1_f.jpg
6890394,https://recipe1.ezmember.co.kr/cache/recipe/2018/06/06/c47777c1c8fffcae53efee6acac7514c1_f.jpg
3977058,https://recipe1.ezmember.co.kr/cache/recipe/2015/06/08/88a77fcb90cba1879f31c5543c5d12b9_f.jpg
6884535,https://recipe1.ezmember.co.kr/cache/recipe/2018/02/25/26200025c3879b95b6485a90accc23b71_f.jpg
6946421,https://recipe1.ezmember.co.kr/cache/recipe/2020/11/16/be3d3a722ff2cbd5ea7e31b4b83bb21c1_f.jpg
6852571,https://recipe1.ezmember.co.kr/cache/recipe/2016/07/12/59fb27b06d81dd6f9e34e2ec16b29d941_f.jpg
7072520,https://recipe1.ezmember.co.kr/cache/recipe/2026/01/06/46a94fca5603a18efae50f4b349672ac1_f.jpg
6892314,https://recipe1.ezmember.co.kr/cache/recipe/2018/07/10/be4bcaa20c8d356388365988686348b31_f.jpg
6944851,https://recipe1.ezmember.co.kr/cache/recipe/2020/10/22/342eb423d4592ffce41886765f4fbd711_f.jpg
6857624,https://recipe1.ezmember.co.kr/cache/recipe/2016/09/28/efdc373dfde42c9290967c19cb341adf1_f.jpg
6837933,https://recipe1.ezmember.co.kr/cache/recipe/2015/11/11/8defb64c9a561a19d614b575c923a5a11_f.jpg
6952439,https://recipe1.ezmember.co.kr/cache/recipe/2021/01/31/ab0447b2c12c89833f1a70968b0f6adf1_f.jpg
6874956,https://recipe1.ezmember.co.kr/cache/recipe/2017/08/18/d264694932a18e11c0a1d868a1da9a281_f.jpg
6876201,https://recipe1.ezmember.co.kr/cache/recipe/2017/09/11/165a7139707314f46daa1833630e97351_f.jpg
6907497,https://recipe1.ezmember.co.kr/cache/recipe/2019/02/28/20e36ef297dd4cf75b12e80afc10ea161_f.jpg
6891937,https://recipe1.ezmember.co.kr/cache/recipe/2018/07/04/d4b5f96ee0e8a2f66fe198f2566024a51_f.jpg
6913029,https://recipe1.ezmember.co.kr/cache/recipe/2019/05/31/7df8fc2549a7e9514629ed8bcc4c69801_f.jpg
6839370,https://recipe1.ezmember.co.kr/cache/recipe/2015/12/07/9671d628c77f1cedb1d3638f842e54ce1_f.jpg
6882902,https://recipe1.ezmember.co.kr/cache/recipe/2018/01/26/9a5b017f80610d584c5428c658bbe0c81_f.jpg
6863091,https://recipe1.ezmember.co.kr/cache/recipe/2016/12/25/86405f270dcdce15c960ea8eca9a80161_f.jpg
7066503,https://recipe1.ezmember.co.kr/cache/recipe/2025/11/17/6653138da93918c1a1695a6596892e8c1_f.jpg
6932068,https://recipe1.ezmember.co.kr/cache/recipe/2020/05/04/cf310098b273d6038799833d2715f1ac1_f.jpg
6939691,https://recipe1.ezmember.co.kr/cache/recipe/2020/08/20/be9e4d99b65b94acd2837e6f2bd3d7841_f.jpg
7067988,https://recipe1.ezmember.co.kr/cache/recipe/2025/12/11/1d13347f22e985cca3d8d56e9192ecec1_f.jpg
7066643,https://recipe1.ezmember.co.kr/cache/recipe/2025/11/15/9b20e3f191b8e849481624cd205124a81_f.jpg
3673946,https://recipe1.ezmember.co.kr/cache/recipe/2015/07/07/6a02f6d194c90ab253050d862c28f84d_f.jpg
6906662,https://recipe1.ezmember.co.kr/cache/recipe/2019/02/15/06028eef3687f2add257c3062f6916481_f.jpg
6847174,https://recipe1.ezmember.co.kr/cache/recipe/2016/04/26/a6f56a387ab2965c258bdedf6ec33da41_f.jpg
6894714,https://recipe1.ezmember.co.kr/cache/recipe/2018/08/24/44c796f5b3a25636db2311ff72b787781_f.jpg
6908295,https://recipe1.ezmember.co.kr/cache/recipe/2019/03/13/f88bfbd870150166a46c6fbe8537ae521_f.jpg
6887063,https://recipe1.ezmember.co.kr/cache/recipe/2018/04/08/61a209d2221cd0574ff3bb73b64f43e51_f.jpg
6949980,https://recipe1.ezmember.co.kr/cache/recipe/2021/01/03/22197bcd97e82aa5d392e4e2c9068dd41_f.jpg
6898178,https://recipe1.ezmember.co.kr/cache/recipe/2018/10/07/1a7a91f18931855142dd829b9a8ab2251_f.jpg
6882854,https://recipe1.ezmember.co.kr/cache/recipe/2018/01/26/174912615261942ae56e135f95eb449d1_f.jpg
6923571,https://recipe1.ezmember.co.kr/cache/recipe/2019/12/15/39a264d28bead975f5c4df4b04e7ffea1_f.jpg
6888589,https://recipe1.ezmember.co.kr/cache/recipe/2018/05/10/dcb6e75a70f172c16691ada8e3d7e62a1_f.jpg
6948756,https://recipe1.ezmember.co.kr/cache/recipe/2020/12/18/d278c4fa9f81e83ecd1ad57e77d4b06a1_f.jpg
6841295,https://recipe1.ezmember.co.kr/cache/recipe/2016/01/08/729964d1fa9b2721d87d40bcffd115131_f.jpg
6895162,https://recipe1.ezmember.co.kr/cache/recipe/2018/09/03/f311b0d126545d5629c6a95a6be4da7a1_f.jpg
7043778,https://recipe1.ezmember.co.kr/cache/recipe/2025/01/31/7239fd4272d5b4623a097227e598a4b91_f.jpg
6858306,https://recipe1.ezmember.co.kr/cache/recipe/2016/10/12/7ee4e4e9eff9bcaedbd4465f20bcf7131_f.jpg
7074073,https://recipe1.ezmember.co.kr/cache/recipe/2026/04/03/2fe0c7ff2c1e8975f561a4b406fdd3361_f.jpg
6930645,https://recipe1.ezmember.co.kr/cache/recipe/2020/04/14/6f1db28482dd1456545b6a78f564b7fc1_f.jpg
6907592,https://recipe1.ezmember.co.kr/cache/recipe/2019/03/02/fb0f23c725292de5811aff08b02dfe711_f.jpg
6957362,https://recipe1.ezmember.co.kr/cache/recipe/2021/04/24/e54f98195af527c1a610ee0b01db19551_f.jpg
5623934,https://recipe1.ezmember.co.kr/cache/recipe/2015/04/09/184fdb8994fe247f75743b1d9da5d35b1_f.jpg
6889062,https://recipe1.ezmember.co.kr/cache/recipe/2018/05/18/bfa9a1ca0018057a99b3b758464c4eef1_f.jpg
6975722,https://recipe1.ezmember.co.kr/cache/recipe/2022/03/09/6f1d5cc38fbef6c9dc3c51b938d7352d1_f.jpg
6867803,https://recipe1.ezmember.co.kr/cache/recipe/2017/04/02/192f7273f3bdc52e32fe03ea125331ba1_f.jpg
6898343,https://recipe1.ezmember.co.kr/cache/recipe/2018/10/21/7b5ce3e69acd6eeb201a571eee60c48d1_f.jpg
6838665,https://recipe1.ezmember.co.kr/cache/recipe/2015/11/27/96d92459011591441b80610fddf463af1_f.jpg
6875324,https://recipe1.ezmember.co.kr/cache/recipe/2017/08/24/0b80b35d5272ba3b6599838d560cbc181_f.jpg
6726075,https://recipe1.ezmember.co.kr/cache/recipe/2015/04/24/590d1ba0d11ca14439c5096087e76e901_f.jpg
6880069,https://recipe1.ezmember.co.kr/cache/recipe/2017/11/25/7732f242842dd5229b415bcd72ba42ab1_f.jpg
6868103,https://recipe1.ezmember.co.kr/cache/recipe/2017/04/07/b9c3b8d4b7ee026c732794d64f6401fd1_f.jpg
3897605,https://recipe1.ezmember.co.kr/cache/recipe/2015/03/26/d373efdfd9fec933ae4ca01634276f8e1_f.jpg
4520223,https://recipe1.ezmember.co.kr/cache/recipe/2015/06/24/f575c57df63880d9a9dff2749955fbab_f.jpg
6916784,https://recipe1.ezmember.co.kr/cache/recipe/2019/08/01/4621b1a25ab4cb1746566a62e198b6161_f.jpg
3899095,https://recipe1.ezmember.co.kr/cache/recipe/2015/04/02/be65110370d9857428f4128df03c35ca1_f.jpg
7013626,https://recipe1.ezmember.co.kr/cache/recipe/2023/11/15/4318e84253250dbb28cfb05074f2af1c1_f.jpg
6928353,https://recipe1.ezmember.co.kr/cache/recipe/2020/03/12/559ce4e884dcb3d141c5ad1c7d0a265d1_f.jpg
6937586,https://recipe1.ezmember.co.kr/cache/recipe/2020/07/27/eef4172826c16422bccbd37d3fa03c6e1_f.jpg
6798404,https://recipe1.ezmember.co.kr/cache/recipe/2015/05/30/47d45eab5dfe3515f7c578cc1263e4e91_f.jpg
7056962,https://recipe1.ezmember.co.kr/cache/recipe/2025/06/20/5145a42c30b5d9d80c4676bfe52d24c91_f.jpg
6871510,https://recipe1.ezmember.co.kr/cache/recipe/2017/06/17/855f37b606af6173150a26da742258f21_f.jpg
6893396,https://recipe1.ezmember.co.kr/cache/recipe/2018/07/30/c5f8a211e8a0b51e95739dd6344de1ce1_f.jpg
6937827,https://recipe1.ezmember.co.kr/cache/recipe/2020/07/29/a8e526a00c2626dcd3e3396ecdec66021_f.jpg
6895791,https://recipe1.ezmember.co.kr/cache/recipe/2018/09/13/b474fca57fa791b5bc8b96fa964469dc1_f.jpg
6888418,https://recipe1.ezmember.co.kr/cache/recipe/2018/05/07/e035ee4412478454911eb194ad2129bc1_f.jpg
6906389,https://recipe1.ezmember.co.kr/cache/recipe/2019/02/12/bddbcdfca6802b0da7ade745141808921_f.jpg
6925023,https://recipe1.ezmember.co.kr/cache/recipe/2020/01/15/d0bf81db8edcf276c71e383507bdf6a31_f.jpg
6943455,https://recipe1.ezmember.co.kr/cache/recipe/2020/10/06/84e8ef5046d08ff0f4bc5339ea76bb681_f.jpg
6908834,https://recipe1.ezmember.co.kr/cache/recipe/2019/03/20/b136a5d39c6832d58477f84e112547861_f.jpg
6837629,https://recipe1.ezmember.co.kr/cache/recipe/2015/11/06/076961c0ef630f9c2f3d2d73714a08441_f.jpg
6908090,https://recipe1.ezmember.co.kr/cache/recipe/2019/03/10/78ad667fa75705bc6158d352d9c9d1831_f.jpg
6980298,https://recipe1.ezmember.co.kr/cache/recipe/2022/05/31/24a11e9c694fc5386281e433047d650d1_f.jpg
4181058,https://recipe1.ezmember.co.kr/cache/recipe/2015/06/19/bffb12c81d5b1a3f4071b4b5d2c83757_f.jpg
6906010,https://recipe1.ezmember.co.kr/cache/recipe/2019/02/06/2e0a87722ff11af1d1c99baa1de431611_f.jpg
765783,https://recipe1.ezmember.co.kr/cache/recipe/2015/09/03/475205c3280676d6d965e0585c065797_f.jpg
6967279,https://recipe1.ezmember.co.kr/cache/recipe/2021/10/19/af0715e3c8d4169b64baecebe42a09131_f.jpg
6879481,https://recipe1.ezmember.co.kr/cache/recipe/2017/11/12/7acbaef34eff913dcdeb3db252dab30a1_f.jpg
6959010,https://recipe1.ezmember.co.kr/cache/recipe/2021/05/25/1c88c38cc7c5c58e8ccf1a85cc56497f1_f.jpg
6861917,https://recipe1.ezmember.co.kr/cache/recipe/2016/11/30/6472600e9be440e8d9be737b4aa42f381_f.jpg
6913392,https://recipe1.ezmember.co.kr/cache/recipe/2019/06/06/83be057f557814414bd289657be9b5961_f.jpg
6832407,https://recipe1.ezmember.co.kr/cache/recipe/2015/08/20/a73f2b6cd930f9a36c7a3569d8b873e41_f.jpg
6900187,https://recipe1.ezmember.co.kr/cache/recipe/2018/11/15/8a4b22ad5142b7e72bcfcd9ecaec33db1_f.jpg
6896756,https://recipe1.ezmember.co.kr/cache/recipe/2018/09/29/304ebd02226f107371925fe3f2d83bbf1_f.jpg
6875956,https://recipe1.ezmember.co.kr/cache/recipe/2017/09/06/e8c4d84a2d82528207c7a949e7a5fd621_f.jpg
6887258,https://recipe1.ezmember.co.kr/cache/recipe/2018/04/13/119ebbd326c0f1333bcfefd971b186bb1_f.jpg
6881229,https://recipe1.ezmember.co.kr/cache/recipe/2017/12/21/59f6bb949186175a01dc6a2a2e81b2621_f.jpg
6947263,https://recipe1.ezmember.co.kr/cache/recipe/2020/11/30/3d23a17d7859ca85692a9ffd5ba4d6fd1_f.jpg
7005426,https://recipe1.ezmember.co.kr/cache/recipe/2023/07/05/3684ee915350ad153b131edf8b3c3be91_f.jpg
6858201,https://recipe1.ezmember.co.kr/cache/recipe/2016/10/06/c2bb385ddc3a8ccd4cdf7eabfc5de4921_f.jpg
7044903,https://recipe1.ezmember.co.kr/cache/recipe/2025/02/14/e7204157907c49f37f5a2e49852808541_f.jpg
6904096,https://recipe1.ezmember.co.kr/cache/recipe/2019/01/11/da1d2d97f6bef55192b42a72162328531_f.jpg
6970236,https://recipe1.ezmember.co.kr/cache/recipe/2021/12/04/61c92b4284b9d2285cf034b3500364971_f.jpg
6890944,https://recipe1.ezmember.co.kr/cache/recipe/2018/06/15/39121204d8d351b56fd65d78a71ca3ab1_f.png
6883432,https://recipe1.ezmember.co.kr/cache/recipe/2018/02/05/e2f5de09f1e936e0faa59d3ef17f53e81_f.jpg
4863391,https://recipe1.ezmember.co.kr/cache/recipe/2015/06/03/aa2dc236c7e80eed7087061aece545cd1_f.jpg
6896471,https://recipe1.ezmember.co.kr/cache/recipe/2018/09/24/c87d1510c1d2ce52a71b93365e38ce8f1_f.jpg
6918274,https://recipe1.ezmember.co.kr/cache/recipe/2019/08/26/60d52c12d6a474600ec4a3d0668f90b71_f.jpg
6838708,https://recipe1.ezmember.co.kr/cache/recipe/2015/11/27/5d00d778eb91fe739337a4a667f61dec1_f.jpg
6864133,https://recipe1.ezmember.co.kr/cache/recipe/2017/01/20/cebce50323c3d5316185de52efe0f8dc1_f.jpg
6927024,https://recipe1.ezmember.co.kr/cache/recipe/2020/02/22/40caba2f9efbb94c0b356f8a9e5d5ca81_f.jpg
7069352,https://recipe1.ezmember.co.kr/cache/recipe/2026/01/06/53664f2d53542309f7f57d82d75b41bb1_f.jpg
6868840,https://recipe1.ezmember.co.kr/cache/recipe/2017/04/22/f2d02489544f340f161c5a97fcf462f61_f.jpg
6866373,https://recipe1.ezmember.co.kr/cache/recipe/2017/03/06/41024f11416c63a4305d5da555c6ff391_f.jpg
6875119,https://recipe1.ezmember.co.kr/cache/recipe/2017/08/21/2f3e3d46d56dc6695b8f2e2219c8100b1_f.jpg
6881969,https://recipe1.ezmember.co.kr/cache/recipe/2018/01/09/1e29596d17023401b706b7c6c7553dc11_f.jpg
6830711,https://recipe1.ezmember.co.kr/cache/recipe/2015/07/28/c94b36add3fd3aa62d446e0e02a4f9551_f.jpg
6855484,https://recipe1.ezmember.co.kr/cache/recipe/2016/08/29/4b59b8410452f56f380dfe4a91ba72f21_f.jpg
6887805,https://recipe1.ezmember.co.kr/cache/recipe/2018/04/24/d8c1d82714c833604997e605d847bc3d1_f.jpg
6911201,https://recipe1.ezmember.co.kr/cache/recipe/2019/04/26/7d36c0ac8ef9e07167bc843ed48e62c11_f.jpg
6664678,https://recipe1.ezmember.co.kr/cache/recipe/2015/05/13/a15551d464f4ea9b643eea458f26543e1_f.jpg
7023517,https://recipe1.ezmember.co.kr/cache/recipe/2024/04/03/0b517201a06ac98293f36f7a9a9e90971_f.jpg
6881576,https://recipe1.ezmember.co.kr/cache/recipe/2017/12/30/8af235ac4b49eb5248e505b8151fb3cf1_f.jpg
6935832,https://recipe1.ezmember.co.kr/cache/recipe/2020/07/06/04c03ebd01e72fa40ff4547f7b0a93231_f.jpg
6891424,https://recipe1.ezmember.co.kr/cache/recipe/2018/06/25/62f86951391b82bbaec39eb9173848b51_f.jpg
6906648,https://recipe1.ezmember.co.kr/cache/recipe/2019/02/15/2903b78254a486549a4bed3cb5b770811_f.jpg
6923466,https://recipe1.ezmember.co.kr/cache/recipe/2019/12/12/ca40ef7378c9b4ea5e3dd31673cdc32c1_f.jpg
6872174,https://recipe1.ezmember.co.kr/cache/recipe/2017/07/03/95d7a0ba50fcd7d126383b02b4eb53531_f.jpg
6909165,https://recipe1.ezmember.co.kr/cache/recipe/2019/03/25/a5aa86755d8022a765c26ccaf555d2791_f.jpg
7073178,https://recipe1.ezmember.co.kr/cache/recipe/2026/03/17/b22034d86613feec81bc8cfc40f3ac7b1_f.jpg
6992883,https://recipe1.ezmember.co.kr/cache/recipe/2022/11/29/779968a1973d5f50889c301dcfbce2e01_f.jpg
3849788,https://recipe1.ezmember.co.kr/cache/recipe/2015/07/03/ae6e8cbc166910178145ce4b7945d5ce_f.jpg
6928043,https://recipe1.ezmember.co.kr/cache/recipe/2020/03/09/38031ad91864744830685fef4a1251811_f.jpg
6966366,https://recipe1.ezmember.co.kr/cache/recipe/2021/10/05/80a6721ed216e2e3ab8d4266ff6792021_f.jpg
6833211,https://recipe1.ezmember.co.kr/cache/recipe/2015/08/31/d2e3591f4dc7059b8924f38ce408b25e1_f.jpg
6866059,https://recipe1.ezmember.co.kr/cache/recipe/2017/02/28/8b0a0d5ee57e9152052ae7c64aca70c51_f.jpg
6871104,https://recipe1.ezmember.co.kr/cache/recipe/2017/06/12/caa8f9eb6b89b8105bf2f88dc1ca07ed1_f.jpg
6881459,https://recipe1.ezmember.co.kr/cache/recipe/2017/12/28/f654a360961dc361def27c160b046b671_f.jpg
5725842,https://recipe1.ezmember.co.kr/cache/recipe/2015/05/02/2712a6668da1dd44973210e635e4b5431_f.jpg
6929074,https://recipe1.ezmember.co.kr/cache/recipe/2020/03/22/74e7d739f9fc09a0140376ee282f2fdd1_f.jpg
6983141,https://recipe1.ezmember.co.kr/cache/recipe/2022/07/09/8c6a7209670dc3e4442759d7c405b6e11_f.jpg
7065142,https://recipe1.ezmember.co.kr/cache/recipe/2025/10/26/ae201f38e815621200a5432e3ac73c381_f.jpg
6863580,https://recipe1.ezmember.co.kr/cache/recipe/2017/01/06/991f662da0500a5b71f08d5ec418b10a1_f.jpg
6837414,https://recipe1.ezmember.co.kr/cache/recipe/2015/11/03/3cbba4e2f64e41fd4a760c6f3d6ab7761_f.jpg
6845876,https://recipe1.ezmember.co.kr/cache/recipe/2016/04/04/8ad64b64a3c5415ef6626276cdb2db2b1_f.jpg
6850895,https://recipe1.ezmember.co.kr/cache/recipe/2016/06/13/48268513fc1e2bb23d3258d3a6cc41db1_f.jpg
6901452,https://recipe1.ezmember.co.kr/cache/recipe/2018/12/06/7055b3b9cb3eb2df3b607316d9f568981_f.jpg
5260102,https://recipe1.ezmember.co.kr/cache/recipe/2015/04/02/97b6770b906a51c1ee0a852b5ac632e91_f.jpg
7067613,https://recipe1.ezmember.co.kr/cache/recipe/2025/12/04/82db402c16aadededfc81fd0fb552e381_f.jpg
6875750,https://recipe1.ezmember.co.kr/cache/recipe/2017/08/24/916e3e293cc950c5cbe8f93c651479421_f.jpg
6923539,https://recipe1.ezmember.co.kr/cache/recipe/2019/12/14/f98ca8c79557fdec30790f3a595ef7a11_f.jpg
6910827,https://recipe1.ezmember.co.kr/cache/recipe/2019/04/20/0a79c800a52ba76ab4dd6af0e08dfca11_f.jpg
6883627,https://recipe1.ezmember.co.kr/cache/recipe/2018/02/05/14e5bf60b2e773080c4c8973f7e828191_f.jpg
4077002,https://recipe1.ezmember.co.kr/cache/recipe/2015/04/20/81b69d82e1082fa4b9c5d92e0b971c6b1_f.jpg
6973758,https://recipe1.ezmember.co.kr/cache/recipe/2022/01/30/ec0a201f83d642956bbce8113797fb1e1_f.jpg
6877606,https://recipe1.ezmember.co.kr/cache/recipe/2017/09/08/91930e5608a66d1eaf316ecab3d927331_f.jpg
6832048,https://recipe1.ezmember.co.kr/cache/recipe/2015/08/16/82876a19522a01e7b80df27f1e32ec921_f.jpg
7012026,https://recipe1.ezmember.co.kr/cache/recipe/2023/10/22/5fb2a2801bbf016db66a2b1e3209d2a11_f.jpg
6869807,https://recipe1.ezmember.co.kr/cache/recipe/2017/05/15/f54f2c01d51609864fdcaf65b005ecb61_f.jpg
6768245,https://recipe1.ezmember.co.kr/cache/recipe/2015/05/13/20d6cd5b9c722277627558db5db5fde81_f.jpg
6864535,https://recipe1.ezmember.co.kr/cache/recipe/2017/01/31/709919d93b69ffd999e5fed933e26e9f1_f.jpg
6854439,https://recipe1.ezmember.co.kr/cache/recipe/2016/08/11/eb49af8e8a5f5332dd3d6e751df6cf321_f.jpg
6836527,https://recipe1.ezmember.co.kr/cache/recipe/2015/10/20/4076ffd0b3b2aea7237944123cdec7f41_f.jpg
7035515,https://recipe1.ezmember.co.kr/cache/recipe/2024/09/24/30746d829272b64d1260313f9e68ebed1_f.jpg
7028339,https://recipe1.ezmember.co.kr/cache/recipe/2024/06/15/859c7c312f6244aa3c95bef77b139c511_f.jpg
6831522,https://recipe1.ezmember.co.kr/cache/recipe/2015/08/11/ec10e2bf316de52f5fe40f1962ec4d901_f.jpg
6972442,https://recipe1.ezmember.co.kr/cache/recipe/2022/01/10/16be87f1b3c3b735ca66f966fc0a50781_f.jpg
6870826,https://recipe1.ezmember.co.kr/cache/recipe/2017/06/06/025adf9a6098484812510051faa94b1d1_f.jpg
6921802,https://recipe1.ezmember.co.kr/cache/recipe/2019/11/07/ea40b472463011819d2b9edc7624bd961_f.jpg
6878644,https://recipe1.ezmember.co.kr/cache/recipe/2017/10/27/73a6f194d1c57fcc2f910067bc49df5b1_f.jpg
6977315,https://recipe1.ezmember.co.kr/cache/recipe/2022/04/05/c7b3ee319c5d650478453f7b29201bad1_f.jpg
6873894,https://recipe1.ezmember.co.kr/cache/recipe/2017/08/01/a2c930fa8de602b13ae62c014d35ab961_f.jpg
7063279,https://recipe1.ezmember.co.kr/cache/recipe/2025/09/20/b4c7f228d716afb7f002889293001da11_f.jpg
6863928,https://recipe1.ezmember.co.kr/cache/recipe/2017/01/14/aa55ff1fdfb03f6a87de0eaa820f0a501_f.jpg
6912701,https://recipe1.ezmember.co.kr/cache/recipe/2019/05/24/2a0594a63c9008c1b3f77e37677ebc311_f.jpg
6928061,https://recipe1.ezmember.co.kr/cache/recipe/2020/03/07/4c2d0968165a293d907a7cafcae990191_f.jpg
6938845,https://recipe1.ezmember.co.kr/cache/recipe/2020/08/08/1a1195072f00b7b6288b1f619625a1411_f.jpg
6950207,https://recipe1.ezmember.co.kr/cache/recipe/2021/01/06/613b475f214bcc9a64910c55981e53951_f.jpg
6948988,https://recipe1.ezmember.co.kr/cache/recipe/2020/12/22/faf7b5971f4c18bfca3b7ed9709749d31_f.jpg
6958202,https://recipe1.ezmember.co.kr/cache/recipe/2021/05/11/13ed2eda9ff64187ec82520c72ede1a01_f.jpg
6806692,https://recipe1.ezmember.co.kr/cache/recipe/2015/06/01/e9c02feed66b37b66bbb7673831b48621_f.jpg
6967851,https://recipe1.ezmember.co.kr/cache/recipe/2021/11/01/5837ea967b00029034b8322380ab25fe1_f.jpg
6898457,https://recipe1.ezmember.co.kr/cache/recipe/2018/10/22/ffe0e9b03828419daabbc04ed7895c521_f.png
6840436,https://recipe1.ezmember.co.kr/cache/recipe/2015/12/22/d709063f31172d74633c90d07640eed81_f.jpg
6945436,https://recipe1.ezmember.co.kr/cache/recipe/2020/11/01/28c766340d4c396fe38e9a444e82a13a1_f.jpg
6924844,https://recipe1.ezmember.co.kr/cache/recipe/2020/01/12/9449b0cdd10a6de14f46e6256af983141_f.jpg
6883814,https://recipe1.ezmember.co.kr/cache/recipe/2018/02/11/c6f0104fd0c0c7b54aa7bf15d9f5d8291_f.jpg
6697217,https://recipe1.ezmember.co.kr/cache/recipe/2015/05/13/726af09e211767a190cf3d540d7cdc8a1_f.jpg
7033764,https://recipe1.ezmember.co.kr/cache/recipe/2024/09/04/4027263a87b5c0f99fae752cb9e73c111_f.jpg
6845535,https://recipe1.ezmember.co.kr/cache/recipe/2016/03/29/5c33091112cbeecaf068f8f0fbd33e5c1_f.jpg
6865449,https://recipe1.ezmember.co.kr/cache/recipe/2017/02/17/03db876fa44a6a34d31234a97e18ba051_f.jpg
6878386,https://recipe1.ezmember.co.kr/cache/recipe/2017/10/23/b70bf8fc1efdca6f8ea0c09e605129001_f.jpg
6832637,https://recipe1.ezmember.co.kr/cache/recipe/2015/08/24/859af5ab78070c99e2c16859b914a9901_f.jpg
6885226,https://recipe1.ezmember.co.kr/cache/recipe/2018/03/10/25dba7a24788afd078dc65b0a5e1a8991_f.jpg
6901900,https://recipe1.ezmember.co.kr/cache/recipe/2018/12/13/dee7cfd91391dbf129863409b82890541_f.jpg
6588714,https://recipe1.ezmember.co.kr/cache/recipe/2015/05/26/201c405ac4804848a0d2e5e5dcefaf531_f.jpg
6916306,https://recipe1.ezmember.co.kr/cache/recipe/2019/07/22/a8193748b70d7a7ff98afcf16bdc46c11_f.jpg
6898293,https://recipe1.ezmember.co.kr/cache/recipe/2018/10/20/023dc9925cc0fdf33f314f20227a4ee21_f.JPG
6946572,https://recipe1.ezmember.co.kr/cache/recipe/2020/11/18/b77f5d1bb133a988c75ff820f96fd09b1_f.jpg
5308915,https://recipe1.ezmember.co.kr/cache/recipe/2015/03/26/c64871966fb1206f1d97066f37135dbc1_f.jpg
7056871,https://recipe1.ezmember.co.kr/cache/recipe/2025/06/19/af80ff6f55a834d1f726fca1457069fb1_f.jpg
6978351,https://recipe1.ezmember.co.kr/cache/recipe/2022/04/25/c23f078c6e1bb7b83dc931207706ca7a1_f.jpg
4063569,https://recipe1.ezmember.co.kr/cache/recipe/2015/06/19/8869ae21a82039067070e64181e15182_f.jpg
6864035,https://recipe1.ezmember.co.kr/cache/recipe/2017/01/17/56612167086c6aace7743b038f03b1741_f.jpg
6864685,https://recipe1.ezmember.co.kr/cache/recipe/2017/02/02/8843c456356d84e3114040e51c21864b1_f.jpg
6845045,https://recipe1.ezmember.co.kr/cache/recipe/2016/03/21/b9884ed4e077294930568738940677051_f.jpg
6942211,https://recipe1.ezmember.co.kr/cache/recipe/2020/09/18/df0cea3525b116da9cdcdd14bc0a90bf1_f.jpg
7016204,https://recipe1.ezmember.co.kr/cache/recipe/2023/12/20/44ee64dd33b83b74bb549bb9052278e11_f.jpg
7044411,https://recipe1.ezmember.co.kr/cache/recipe/2025/01/31/d9b7d000e413f1a1b4ee59dba01082601_f.jpg
7003248,https://recipe1.ezmember.co.kr/cache/recipe/2023/06/01/ab57242f104f802b66bd72bb9794224c1_f.jpg
6899700,https://recipe1.ezmember.co.kr/cache/recipe/2018/11/08/514e330a134fc7d7521241e74a7da69a1_f.jpg
6870901,https://recipe1.ezmember.co.kr/cache/recipe/2017/06/07/6064f905213222e26e80aaa79b29ebda1_f.jpg
6986317,https://recipe1.ezmember.co.kr/cache/recipe/2022/08/26/e7194c3d57a0e52684b690073178fc1a1_f.jpg
6936946,https://recipe1.ezmember.co.kr/cache/recipe/2020/07/18/4d596b18ffffc72e3b3e0619a8919d6a1_f.jpg
7060731,https://recipe1.ezmember.co.kr/cache/recipe/2025/08/15/aa7d7085eb0fe8b5d5a2b153c17ece431_f.jpg
6926109,https://recipe1.ezmember.co.kr/cache/recipe/2020/02/06/3650c6849bcf3b9a31f439221f485c841_f.jpg
6902049,https://recipe1.ezmember.co.kr/cache/recipe/2018/12/15/50f45127f7e1e57ce736c656bc8ba6c11_f.jpg
6901393,https://recipe1.ezmember.co.kr/cache/recipe/2018/12/05/994f7e1f71e12a066b2a9c4e98e1b6191_f.jpg
7020719,https://recipe1.ezmember.co.kr/cache/recipe/2024/02/24/78567c05cc375fec5cfabe1b17fb01421_f.jpg
6868152,https://recipe1.ezmember.co.kr/cache/recipe/2017/04/03/8665a4426fbeb79fa5aa81efbea434f51_f.jpg
6934092,https://recipe1.ezmember.co.kr/cache/recipe/2020/06/09/5b8ca7084a030695fb6b11285e1043141_f.jpg
6877593,https://recipe1.ezmember.co.kr/cache/recipe/2017/10/08/a38b62c39a8ccc11e8611dc5433e31761_f.jpg
6860623,https://recipe1.ezmember.co.kr/cache/recipe/2016/11/14/2f6ece8647f3669ca819eec8231e062c1_f.jpg
6885083,https://recipe1.ezmember.co.kr/cache/recipe/2018/03/03/45359b7c4f26f0e166917e979d51caa21_f.jpg
6928699,https://recipe1.ezmember.co.kr/cache/recipe/2020/03/17/5d0dad338b2fbd3959e06e54998c067a1_f.jpg
6900658,https://recipe1.ezmember.co.kr/cache/recipe/2018/11/23/7affaaf985602b50c81f5b23420576ae1_f.jpg
6988535,https://recipe1.ezmember.co.kr/cache/recipe/2022/10/03/fdb99fc2846ad1c51ab2a74134053a571_f.jpg
6751996,https://recipe1.ezmember.co.kr/cache/recipe/2015/05/07/4d6f9f92801b9083ea5f454248f6d3501_f.jpg
6926455,https://recipe1.ezmember.co.kr/cache/recipe/2020/02/12/ef7889338b8d7a7751b32c64c8db7d1c1_f.jpg
6911498,https://recipe1.ezmember.co.kr/cache/recipe/2019/05/02/d26177a030750aa9d32b2545c8cc30ad1_f.jpg
4092636,https://recipe1.ezmember.co.kr/cache/recipe/2015/06/20/3b1311b1f093f8598c837f94cfeefc47_f.jpg
6903663,https://recipe1.ezmember.co.kr/cache/recipe/2019/01/06/00a1d0998e827b54c155ceba7d0ec2361_f.jpg
7033977,https://recipe1.ezmember.co.kr/cache/recipe/2024/09/06/cc6f53a3e44a5ad415cc7863854f11391_f.jpg
6893010,https://recipe1.ezmember.co.kr/cache/recipe/2018/07/24/cb22192588d8baec45bc7516f08210d51_f.JPG
6948216,https://recipe1.ezmember.co.kr/cache/recipe/2020/12/12/5d2a1f71ad465a34d788fddd7035f0461_f.jpg
6710269,https://recipe1.ezmember.co.kr/cache/recipe/2015/04/18/91edd4fbb50320475ea5f9a477f865a31_f.jpg
4530245,https://recipe1.ezmember.co.kr/cache/recipe/2015/06/26/f276854c81e0307e21d79ccc1b327a21_f.jpg
6875386,https://recipe1.ezmember.co.kr/cache/recipe/2017/08/25/96c797c7c505c121e6a65c052d6b17f81_f.jpg
6950637,https://recipe1.ezmember.co.kr/cache/recipe/2021/01/11/e24707dfd7d4d3ee9ab5d91702dab0e81_f.jpg
6912121,https://recipe1.ezmember.co.kr/cache/recipe/2019/05/14/a94b40112849b6d937d1829c372f94e01_f.jpg
6952504,https://recipe1.ezmember.co.kr/cache/recipe/2020/12/29/2fa074cecdd1d81f219383b82c39ad481_f.jpg
6883732,https://recipe1.ezmember.co.kr/cache/recipe/2018/02/09/5e70fa5cc36dccf0edf6b711117ec9881_f.jpg
6859037,https://recipe1.ezmember.co.kr/cache/recipe/2016/10/25/b74348af8cca603c1db64c75d20fe4cc1_f.jpg
6855155,https://recipe1.ezmember.co.kr/cache/recipe/2016/08/22/c97bd0d7c46867d60740781b1e1af91a1_f.jpg
6838740,https://recipe1.ezmember.co.kr/cache/recipe/2015/11/26/ecbaf7ce36ec6684c97fe1b2190f06811_f.jpg
6994962,https://recipe1.ezmember.co.kr/cache/recipe/2023/01/06/7abceca08682d532024f9929417685151_f.jpg
6870827,https://recipe1.ezmember.co.kr/cache/recipe/2017/06/06/5e08ff2af886068f57b49a42901a6c2c1_f.jpg
7069697,https://recipe1.ezmember.co.kr/cache/recipe/2026/01/11/12ab94c5e8458656146df2bd9ae143991_f.jpg
6963856,https://recipe1.ezmember.co.kr/cache/recipe/2021/08/23/27e43a1dd26c2fac1b6afa1ee08d3d4e1_f.jpg
4027030,https://recipe1.ezmember.co.kr/cache/recipe/2015/04/08/42fb2fa9a801424e4a146cfdd8f15a541_f.jpg
4912607,https://recipe1.ezmember.co.kr/cache/recipe/2015/06/08/66ac28b1e165eda8535fc6720ef49f1b_f.jpg
6908646,https://recipe1.ezmember.co.kr/cache/recipe/2019/03/18/280ce68fd1c366b9e1bb0967d1066b461_f.jpg
6878583,https://recipe1.ezmember.co.kr/cache/recipe/2017/10/26/5ff4627a58ffbb2c7a8ae9c470f24c801_f.jpg
6919300,https://recipe1.ezmember.co.kr/cache/recipe/2019/09/17/71114aaef926ee69980457129ea910781_f.jpg
6841807,https://recipe1.ezmember.co.kr/cache/recipe/2016/01/19/ca3e25595978aaf56245d959cca12bac1_f.jpg
6955023,https://recipe1.ezmember.co.kr/cache/recipe/2021/03/11/93843dd8602e07d0ad5a6a467e3a34f21_f.jpg
6878910,https://recipe1.ezmember.co.kr/cache/recipe/2017/11/01/3efe195767e92274648b975aae50dce91_f.jpg
6909479,https://recipe1.ezmember.co.kr/cache/recipe/2019/04/14/2bc9157e6cd75fcc081c6dc8c272b6331_f.jpg
6851689,https://recipe1.ezmember.co.kr/cache/recipe/2016/06/27/38b5a07b920c758c4a5d244be9f8574a1_f.jpg
6886643,https://recipe1.ezmember.co.kr/cache/recipe/2018/04/03/c678b404e4adf5c1b8ec973aa00b56a01_f.jpg
6900135,https://recipe1.ezmember.co.kr/cache/recipe/2018/11/14/fd32cdd486651867fbc4e316e414b5e31_f.jpg
6946462,https://recipe1.ezmember.co.kr/cache/recipe/2020/11/17/da99922489b8326d6a9fc16919e55cb81_f.jpg
7004348,https://recipe1.ezmember.co.kr/cache/recipe/2023/06/19/57051cb107362fb994d3f1dc0d9f108e1_f.jpg
6842836,https://recipe1.ezmember.co.kr/cache/recipe/2015/11/11/71a7b822ad76c71820ebab9d465df3301_f.jpg
6929332,https://recipe1.ezmember.co.kr/cache/recipe/2020/03/26/1231b3d9509ce5b5a77cad288fe254271_f.jpg
6921849,https://recipe1.ezmember.co.kr/cache/recipe/2019/11/09/3b42fa3e6f502b99f2e9584fdefe9e511_f.jpg
6876013,https://recipe1.ezmember.co.kr/cache/recipe/2017/09/07/529919c58cd2d45e6530297272fc572a1_f.jpg
6889069,https://recipe1.ezmember.co.kr/cache/recipe/2018/05/18/993cd1e2fe350bead2102a3cb8e7e17c1_f.jpg
6881771,https://recipe1.ezmember.co.kr/cache/recipe/2018/01/04/6ae7902ff78fa50f0d37ff3206cb3d2b1_f.jpg
6834910,https://recipe1.ezmember.co.kr/cache/recipe/2015/09/23/a92e8f9b7892ad325c84c3775f1eea431_f.jpg
6940686,https://recipe1.ezmember.co.kr/cache/recipe/2020/09/02/a859f9dc55a92a6486e3759fee745bed1_f.jpg
6961412,https://recipe1.ezmember.co.kr/cache/recipe/2021/07/07/8d80823fcbabb349c84a8629b33154121_f.jpg
6932313,https://recipe1.ezmember.co.kr/cache/recipe/2020/05/08/02411d246747ff85e475442f3b564ab81_f.jpg
4005204,https://recipe1.ezmember.co.kr/cache/recipe/2015/06/08/5119408b20342bb836e503900feaf54a_f.jpg
6707704,https://recipe1.ezmember.co.kr/cache/recipe/2015/04/16/0ad23a8aa52850c16ce0a914632033f21_f.jpg
6830781,https://recipe1.ezmember.co.kr/cache/recipe/2015/07/28/d2596dfcaf1a563aa00fd1952b6a5f831_f.jpg
6944868,https://recipe1.ezmember.co.kr/cache/recipe/2020/10/23/9fc381d0bf1b08f6697593974a8f282e1_f.jpg
6869948,https://recipe1.ezmember.co.kr/cache/recipe/2017/05/18/e46fb22a64297a656310e57012ae59d81_f.jpg
6901629,https://recipe1.ezmember.co.kr/cache/recipe/2018/12/10/4321105e31127ff198dd7a504bfc31fb1_f.jpg
3975588,https://recipe1.ezmember.co.kr/cache/recipe/2015/04/22/d999b98d74754b419830fbe2d9db4a531_f.jpg
6923529,https://recipe1.ezmember.co.kr/cache/recipe/2019/12/14/f150ae0226f4f2e05b713a67d4c8b0d21_f.jpg
7055938,https://recipe1.ezmember.co.kr/cache/recipe/2025/06/22/a1c1c54b4d0c601d4ef83172b621bf3a1_f.jpg
6854567,https://recipe1.ezmember.co.kr/cache/recipe/2016/08/13/71cd803dfeeaecd1b33fa10965ea838f1_f.jpg
7042638,https://recipe1.ezmember.co.kr/cache/recipe/2025/01/14/262889c5ccd6eb4d5eaabb3e7d732c5d1_f.jpg
7054975,https://recipe1.ezmember.co.kr/cache/recipe/2025/06/11/a1c7bac5231328cca650ca72735d8a2b1_f.jpg
3746581,https://recipe1.ezmember.co.kr/cache/recipe/2015/06/08/da9daa252de4155a2c61b7810650aa1e_f.jpg
6896112,https://recipe1.ezmember.co.kr/cache/recipe/2018/09/19/67d3d2742cfd6ef9bbaf8bc1e4ab28971_f.jpg
6869972,https://recipe1.ezmember.co.kr/cache/recipe/2017/05/18/2c88f6524f12aec9103314e5368ba0251_f.jpg
6833248,https://recipe1.ezmember.co.kr/cache/recipe/2015/09/03/114710c32f827c6c90ecb4e9393378741_f.jpg
6930544,https://recipe1.ezmember.co.kr/cache/recipe/2020/04/13/b84698bc8bd58220a5cd1ae2ca8305e91_f.jpg
6961145,https://recipe1.ezmember.co.kr/cache/recipe/2021/07/03/abe64c97c0ae6946df3fbc8a1ec72fa81_f.jpg
7073715,https://recipe1.ezmember.co.kr/cache/recipe/2026/03/27/6533a85f683b32a3c830110f03e4d5331_f.jpg
6906189,https://recipe1.ezmember.co.kr/cache/recipe/2019/02/09/410b5cc41ad26d2e8bab87cf97694cca1_f.jpg
6865154,https://recipe1.ezmember.co.kr/cache/recipe/2017/02/12/27c79340595ab933c9264923ba987eb01_f.jpg
6870102,https://recipe1.ezmember.co.kr/cache/recipe/2017/05/21/e4b7c967a7d0c6e9b846e0fd663337a41_f.jpg
6841199,https://recipe1.ezmember.co.kr/cache/recipe/2016/01/07/ffd30eb269e3389bf42ad1e50b55d9cd1_f.jpg
6899649,https://recipe1.ezmember.co.kr/cache/recipe/2018/11/07/788000b8c5e619a32b2f3ed3c57f4ccd1_f.jpg
6897239,https://recipe1.ezmember.co.kr/cache/recipe/2018/10/06/2a52360cfd1cfd1034a2048f0724cc301_f.jpg
6876712,https://recipe1.ezmember.co.kr/cache/recipe/2017/09/19/f76ff15a95db4ff56eee7a505aa5c4cb1_f.jpg
6929399,https://recipe1.ezmember.co.kr/cache/recipe/2020/03/27/e5d1e48c191a9ffd8b94adff51072d131_f.jpg
7030092,https://recipe1.ezmember.co.kr/cache/recipe/2024/07/09/2fc3b9f6efa50a43c8c6a721c4ec37311_f.jpg
6893958,https://recipe1.ezmember.co.kr/cache/recipe/2018/08/10/0ff9ea550607763821219c0a1deee0f41_f.jpg
6983694,https://recipe1.ezmember.co.kr/cache/recipe/2022/07/17/4a97cace08930eb558990d1b78e19d681_f.jpg
6840220,https://recipe1.ezmember.co.kr/cache/recipe/2015/12/17/cc4cee0276e16ac5b2a9ac35b31048f11_f.jpg
7015312,https://recipe1.ezmember.co.kr/cache/recipe/2023/12/08/5f1813a6c3ab66b14637bdc40d549a951_f.jpg
7059367,https://recipe1.ezmember.co.kr/cache/recipe/2025/07/18/b9534003510b8f340deda4ce6ebdfc871_f.jpg
6879242,https://recipe1.ezmember.co.kr/cache/recipe/2017/11/08/6b09d0a2759fbb5c683ab22ca0e0b53f1_f.jpg
6903513,https://recipe1.ezmember.co.kr/cache/recipe/2019/01/01/737401145ae7db5e0e9dd1b9c7d1faca1_f.jpg
6928906,https://recipe1.ezmember.co.kr/cache/recipe/2020/03/20/2dbb065b3d41842031660b44f3e97af71_f.jpg
6830070,https://recipe1.ezmember.co.kr/cache/recipe/2015/07/15/ccb04bd60071f150369cc65325f5efd61_f.jpg
6941522,https://recipe1.ezmember.co.kr/cache/recipe/2020/09/11/fea799bfcfd12e8401c18b5ce9f1f9331_f.jpg
6836710,https://recipe1.ezmember.co.kr/cache/recipe/2015/10/22/d4d83c235597554f9962835c6475a1de1_f.jpg
6905409,https://recipe1.ezmember.co.kr/cache/recipe/2019/01/28/36c3ecc20260056a8de0c0f03ddec1a31_f.jpg
6864197,https://recipe1.ezmember.co.kr/cache/recipe/2017/01/22/3be1570910a17f58db7d8653d8d991d61_f.jpg
6867150,https://recipe1.ezmember.co.kr/cache/recipe/2017/03/20/cbc054c27c5520a049b340f7a8c1f4bc1_f.jpg
7074323,https://recipe1.ezmember.co.kr/cache/recipe/2026/04/06/670699c6260f76a01988c1e912412de11_f.jpg
6872594,https://recipe1.ezmember.co.kr/cache/recipe/2017/07/11/f8ea4182071b4c01173c144b148ee05a1_f.jpg
6951247,https://recipe1.ezmember.co.kr/cache/recipe/2021/01/17/8211662475258ccae6ea21cf1da1e7b51_f.jpg
6862612,https://recipe1.ezmember.co.kr/cache/recipe/2016/12/14/7910dbdb7d41a88efab04e7fcc69810c1_f.jpg
6937067,https://recipe1.ezmember.co.kr/cache/recipe/2020/07/20/5dc12916e8e5fa295d87d6b7e42e89491_f.jpg
6964819,https://recipe1.ezmember.co.kr/cache/recipe/2021/09/09/e06d2a2747495ed406be37e5e387d15e1_f.jpg
6900693,https://recipe1.ezmember.co.kr/cache/recipe/2018/11/23/f1de92d99d266df884127aaa9e929fbc1_f.jpg
3602909,https://recipe1.ezmember.co.kr/cache/recipe/2015/04/22/ffe5ccb2776e9c1780ab20590bd435e61_f.jpg
6904358,https://recipe1.ezmember.co.kr/cache/recipe/2019/01/14/b19ff1ccf27372321dc66eeaa7688f151_f.jpg
6884681,https://recipe1.ezmember.co.kr/cache/recipe/2018/02/28/b73e954b15b62822797257876d4a09321_f.jpg
6864926,https://recipe1.ezmember.co.kr/cache/recipe/2017/02/07/39d3479e8500442c0b7404e5d2f424ca1_f.jpg
7024686,https://recipe1.ezmember.co.kr/cache/recipe/2024/04/17/a9269b155b1df4cd423ff4a0586e5ec31_f.jpg
4036485,https://recipe1.ezmember.co.kr/cache/recipe/2015/04/22/c17c88bf02198a78867ab10e2f593f25_f.jpg
6896542,https://recipe1.ezmember.co.kr/cache/recipe/2018/09/26/8684b432d5a45a1e0272a2250bcdfaed1_f.jpg
6866296,https://recipe1.ezmember.co.kr/cache/recipe/2017/03/04/34201153d8f7584380f25f51919908751_f.jpg
7018479,https://recipe1.ezmember.co.kr/cache/recipe/2024/01/24/57fdc7ec08a91cf6098254480c14bb361_f.jpg
7059232,https://recipe1.ezmember.co.kr/cache/recipe/2025/07/18/d37db173593e845044641accb8460c6b1_f.jpg
7067214,https://recipe1.ezmember.co.kr/cache/recipe/2025/11/29/5c0f1f1dae65dd45e9a078d61867983c1_f.jpg
3427688,https://recipe1.ezmember.co.kr/cache/recipe/2015/04/15/33e48a465a9b178945c335dee93cfadd1_f.jpg
6934464,https://recipe1.ezmember.co.kr/cache/recipe/2020/06/17/306c1ab0c6a9b81b9ae50196e61b30031_f.jpg
6925834,https://recipe1.ezmember.co.kr/cache/recipe/2020/02/02/7ec4f8001894847cbd09e0d47adefb0c1_f.jpg
7066000,https://recipe1.ezmember.co.kr/cache/recipe/2025/11/09/09695bf5c8f4f0b44e2866650e1e1b1a1_f.jpg
6837883,https://recipe1.ezmember.co.kr/cache/recipe/2015/11/11/4ba4324a73b00c86c2eea2641cb1a7751_f.jpg
6900526,https://recipe1.ezmember.co.kr/cache/recipe/2018/11/19/6acb0a1a4878cac9cd32110a158cb3861_f.jpg
4037839,https://recipe1.ezmember.co.kr/cache/recipe/2015/05/29/061701ff47f3fa867850488257f54c5c1_f.jpg
6841525,https://recipe1.ezmember.co.kr/cache/recipe/2016/01/13/a8acbf01a29658c30e80070ac940b90e1_f.jpg
6924514,https://recipe1.ezmember.co.kr/cache/recipe/2020/01/05/fdbd7c9ebb08027264606c0cc46f6da61_f.jpg
6883134,https://recipe1.ezmember.co.kr/cache/recipe/2018/01/31/7d3c93bd5464755bfba99b84fddf69481_f.jpg
6859505,https://recipe1.ezmember.co.kr/cache/recipe/2016/10/31/d40404115f7e9c85feda35674b1340eb1_f.jpg
6909917,https://recipe1.ezmember.co.kr/cache/recipe/2019/04/05/4e7bacfcdfb043eda561f8eba77c26491_f.jpg
6933013,https://recipe1.ezmember.co.kr/cache/recipe/2020/05/20/6bb2cc67160859bd868d0e139417f1561_f.jpg
6930062,https://recipe1.ezmember.co.kr/cache/recipe/2020/04/06/77bdd2116a950ba891029b42e53a23211_f.jpg
6830098,https://recipe1.ezmember.co.kr/cache/recipe/2015/07/10/baa924a24778ce496e6344b1f5734d811_f.jpg
7021528,https://recipe1.ezmember.co.kr/cache/recipe/2024/03/06/256df153c950b8ab9f267288a1edc7921_f.jpg
7024537,https://recipe1.ezmember.co.kr/cache/recipe/2024/04/16/87109b963eacb617b792345362d9fbee1_f.jpg
6867716,https://recipe1.ezmember.co.kr/cache/recipe/2017/03/31/14af4de885e1f8c32890e25e6e47aba21_f.jpg
6906268,https://recipe1.ezmember.co.kr/cache/recipe/2019/02/10/9ae846721a29ff6c0021e39e2c509ee71_f.jpg
6921012,https://recipe1.ezmember.co.kr/cache/recipe/2019/10/21/0911a7fb85fae8e9ec6d3c31d413a9081_f.jpg
6960497,https://recipe1.ezmember.co.kr/cache/recipe/2021/06/20/d0482266aa88aca06ba7b8b0cae81c0a1_f.jpg
6950127,https://recipe1.ezmember.co.kr/cache/recipe/2021/01/05/9803902cd5d52685e10f15f56c5593cf1_f.jpg
6943599,https://recipe1.ezmember.co.kr/cache/recipe/2020/10/07/102222d888235f594653101c968dc0ea1_f.jpg
6964198,https://recipe1.ezmember.co.kr/cache/recipe/2021/08/29/09c364ea457a5922733f23a0d4cf2b7d1_f.jpg
4088765,https://recipe1.ezmember.co.kr/cache/recipe/2015/04/20/b4a137f1e848168122640f0308e787b61_f.JPG
6923187,https://recipe1.ezmember.co.kr/cache/recipe/2019/12/07/161cdebb8cfabb6de511a742d634b0381_f.jpg
4073268,https://recipe1.ezmember.co.kr/cache/recipe/2015/06/08/129c39d0dee150fef3dc655f7c93078f_f.jpg
6869356,https://recipe1.ezmember.co.kr/cache/recipe/2017/05/06/f4f2c97412e807f78f89ca9fdf3677591_f.jpg
6933347,https://recipe1.ezmember.co.kr/cache/recipe/2020/05/26/e6e3f10e92a4d605d16a2c392a8d0a9e1_f.jpg
6907375,https://recipe1.ezmember.co.kr/cache/recipe/2019/02/27/c81346d28976f66cf463041c36df27781_f.jpg
7048152,https://recipe1.ezmember.co.kr/cache/recipe/2025/03/21/5f419d33232e8bba2577fc492f8f84f81_f.jpg
6941551,https://recipe1.ezmember.co.kr/cache/recipe/2020/09/11/441a557fbc96e783d4825824980d465f1_f.jpg
7072214,https://recipe1.ezmember.co.kr/cache/recipe/2026/02/26/36bcd70359b91110d93c1ec9dea9ffc51_f.jpg
6957821,https://recipe1.ezmember.co.kr/cache/recipe/2021/05/04/ae0ed4c9a741fdc4a6b6d904ae329d021_f.jpg
6862635,https://recipe1.ezmember.co.kr/cache/recipe/2016/12/14/9c69aea6eeccf90fd85a9192388241491_f.jpg
2373346,https://recipe1.ezmember.co.kr/cache/recipe/2015/06/08/1f3351f885b5543fee429af577f3ba6f_f.jpg
6901773,https://recipe1.ezmember.co.kr/cache/recipe/2018/12/12/d1b140789dc284df250a1b330bb8a5141_f.jpg
6916704,https://recipe1.ezmember.co.kr/cache/recipe/2019/07/31/078f256c9a66435d69c8bb397847dd821_f.jpg
6858661,https://recipe1.ezmember.co.kr/cache/recipe/2016/10/19/d6a46143e42dbdb3b0ba3190b36950411_f.jpg
6832460,https://recipe1.ezmember.co.kr/cache/recipe/2015/08/21/dcca6b31148b063b95efefff9f14e4f21_f.jpg
7074083,https://recipe1.ezmember.co.kr/cache/recipe/2026/04/03/add7d6e9a4261dfa72e00d57eaa517591_f.jpg
6931056,https://recipe1.ezmember.co.kr/cache/recipe/2020/04/19/f6f3a5bdc7bc761618117d88b39099961_f.jpg
6871302,https://recipe1.ezmember.co.kr/cache/recipe/2017/06/15/fb1a1b958f5b86b29b48c7cb0b9ebbea1_f.jpg
6874092,https://recipe1.ezmember.co.kr/cache/recipe/2017/08/04/4fdfeb0bc3df981194e52c14eb07b0ff1_f.jpg
6963597,https://recipe1.ezmember.co.kr/cache/recipe/2021/08/19/a302165ac7bce36a2e3a405917db23751_f.jpg
6867378,https://recipe1.ezmember.co.kr/cache/recipe/2017/03/24/e5ed7f0c587059cf542800b24dfdb8551_f.jpg
6845728,https://recipe1.ezmember.co.kr/cache/recipe/2016/03/31/995f7b68884c9869009a6cd8e63f665f1_f.jpg
6880944,https://recipe1.ezmember.co.kr/cache/recipe/2017/12/14/41ed56482ba882fbfcbac1810413a5651_f.jpg
7018288,https://recipe1.ezmember.co.kr/cache/recipe/2024/01/22/cb08d536cf7addb1c879bdac5eb3169f1_f.jpg
7036134,https://recipe1.ezmember.co.kr/cache/recipe/2024/10/10/9813dd9e58de065ee78e03f9f45cc6e41_f.png
6884864,https://recipe1.ezmember.co.kr/cache/recipe/2018/03/03/642da4c36a7d336fa8386ae597e82aff1_f.png
6838560,https://recipe1.ezmember.co.kr/cache/recipe/2015/11/20/70652a56b02c07cf5c936d5b2caa37301_f.jpg
4152882,https://recipe1.ezmember.co.kr/cache/recipe/2015/06/19/7c748a9f865bfe99ef9c95f439d374d8_f.jpg
6832171,https://recipe1.ezmember.co.kr/cache/recipe/2015/08/18/fbf4f5874fa1d43fe8609fdcdfdcafa71_f.jpg
6908467,https://recipe1.ezmember.co.kr/cache/recipe/2019/03/15/5fb6ff0dfcb802ab99bad23bb9a944d21_f.jpg
7009696,https://recipe1.ezmember.co.kr/cache/recipe/2023/09/11/f880dc24139e6b3775eaf8688ef440bc1_f.jpg
6828882,https://recipe1.ezmember.co.kr/cache/recipe/2015/06/12/c2726087a9bc24dd33df6ad2500a82711_f.jpg
6836214,https://recipe1.ezmember.co.kr/cache/recipe/2015/10/15/4e234f0223dfa3aec6fbf13dbe360a4b1_f.jpg
6915260,https://recipe1.ezmember.co.kr/cache/recipe/2019/07/04/ad0ba9513c2fe8b0ee10ecf479bc229b1_f.jpg
6909404,https://recipe1.ezmember.co.kr/cache/recipe/2019/03/29/4bc6c6d3934ba0a3af13239697acbb961_f.jpg
6835754,https://recipe1.ezmember.co.kr/cache/recipe/2015/10/16/9a057b7a25ad0196adafdc79b254b5b41_f.jpg
6858505,https://recipe1.ezmember.co.kr/cache/recipe/2016/10/16/1cee37e1597a304aff5fec5caaab4dc61_f.jpg
7029879,https://recipe1.ezmember.co.kr/cache/recipe/2024/07/07/9cc748a0e4ae24ec0361a6a6eb7b843f1_f.jpg
6935944,https://recipe1.ezmember.co.kr/cache/recipe/2020/07/07/13e4a06c51e80447360d359896c46e6a1_f.jpg
6920620,https://recipe1.ezmember.co.kr/cache/recipe/2019/10/14/7c9361a0b4dde5c0d8f42e942bc8b0791_f.jpg
7038405,https://recipe1.ezmember.co.kr/cache/recipe/2024/11/12/68b04fcfd52d16f4b40dab11f4cc70f21_f.jpg
6913568,https://recipe1.ezmember.co.kr/cache/recipe/2019/06/09/bf530816e80fe933c0b728ecb71210561_f.jpg
6872547,https://recipe1.ezmember.co.kr/cache/recipe/2017/07/11/174ed82c8544e97c21c5b04a5ab3e95b1_f.jpg
6948387,https://recipe1.ezmember.co.kr/cache/recipe/2020/12/14/80219f0e38f6a8980d3b4431d5f0f9b21_f.jpg
6719285,https://recipe1.ezmember.co.kr/cache/recipe/2015/04/21/fb93e99a7d04a83803902dfa1814b5fc1_f.jpg
6862750,https://recipe1.ezmember.co.kr/cache/recipe/2016/12/17/41e81f0365621e8a244ca3188cf2cc3b1_f.jpg
6844456,https://recipe1.ezmember.co.kr/cache/recipe/2016/03/10/f87f61a3de94c4ea0cb435aa7900c3d91_f.jpg
6869265,https://recipe1.ezmember.co.kr/cache/recipe/2017/04/28/4f180e1f02b25070ef6f73928da16af91_f.jpg
6871622,https://recipe1.ezmember.co.kr/cache/recipe/2017/06/22/1d518d22242354c4d41ffb9d620e96d31_f.jpg
6932198,https://recipe1.ezmember.co.kr/cache/recipe/2020/05/06/1442cd4f42d67c8cda579051c456b5f11_f.jpg
6893645,https://recipe1.ezmember.co.kr/cache/recipe/2018/08/06/696be3c459ad1824a49e78a88730f6631_f.jpg
6842857,https://recipe1.ezmember.co.kr/cache/recipe/2016/02/11/58c6b440ce4aaaa71f3ad5b6347b5f671_f.jpg
6855097,https://recipe1.ezmember.co.kr/cache/recipe/2016/08/22/ef8f760b76d2c63c32edd1b427dc71d91_f.jpg
7070526,https://recipe1.ezmember.co.kr/cache/recipe/2026/01/27/6ea7881007800fe022adf1f0426af9ef1_f.jpg
6936977,https://recipe1.ezmember.co.kr/cache/recipe/2020/07/18/660bbf9594bab80400826a370077c2f61_f.jpg
6913050,https://recipe1.ezmember.co.kr/cache/recipe/2019/06/01/5ec8d65ce18fa4713f238dba5571e7941_f.jpg
6984485,https://recipe1.ezmember.co.kr/cache/recipe/2022/07/30/e9731beeda4acfccb1ae129c4ef42fcf1_f.jpg
6944743,https://recipe1.ezmember.co.kr/cache/recipe/2020/10/22/153ccbb32c27e774eb281bd7a26e0f7e1_f.jpg
6861025,https://recipe1.ezmember.co.kr/cache/recipe/2016/11/17/33fb2e58961863667e5fbfe5b86956bc1_f.jpg
6912319,https://recipe1.ezmember.co.kr/cache/recipe/2019/05/08/a793491c99539426c1cb862c381df91e1_f.jpg
6865228,https://recipe1.ezmember.co.kr/cache/recipe/2017/02/14/ee6c14c354ab25fc75c438ee1ea23dc81_f.jpg
6926359,https://recipe1.ezmember.co.kr/cache/recipe/2020/02/10/25df6a71cb019fd6818ea474f19b00681_f.jpg
6843549,https://recipe1.ezmember.co.kr/cache/recipe/2016/02/20/437ec26eef5119f7e79c0222f66b6b5e1_f.jpg
6910011,https://recipe1.ezmember.co.kr/cache/recipe/2019/04/07/692bdfa581ddc600c13a658c031d7b881_f.jpg
6977290,https://recipe1.ezmember.co.kr/cache/recipe/2022/04/04/b42c04ac32da239f62bf8fd433a00acb1_f.jpg
7030975,https://recipe1.ezmember.co.kr/cache/recipe/2024/07/22/010f09f295bd6f87ae20c2a376e63b011_f.jpg
6929776,https://recipe1.ezmember.co.kr/cache/recipe/2020/04/02/805c52443e36e35139e894705558f3a11_f.jpg
6902569,https://recipe1.ezmember.co.kr/cache/recipe/2018/12/22/d50fff6f2379c8abeab3dc58b42e84641_f.jpg
6926638,https://recipe1.ezmember.co.kr/cache/recipe/2020/02/14/a71f7ec3d228d973a595ec431645f59e1_f.jpg
6878270,https://recipe1.ezmember.co.kr/cache/recipe/2017/10/20/bbd0824f96af63cd0a57802b74aac76e1_f.jpg
6905449,https://recipe1.ezmember.co.kr/cache/recipe/2019/01/28/5c7e647678157b05e6bb2016095481021_f.jpg
7018378,https://recipe1.ezmember.co.kr/cache/recipe/2024/01/23/f67ae645f02b47bd4aba7d0c224031981_f.jpg
6884229,https://recipe1.ezmember.co.kr/cache/recipe/2018/02/20/12597a9f683ab5f6520599ab3baa0b291_f.jpg
6881126,https://recipe1.ezmember.co.kr/cache/recipe/2017/12/07/a0157d64f5c416cb75df9a7bbaa10f131_f.jpg
6911889,https://recipe1.ezmember.co.kr/cache/recipe/2019/05/09/b8b313f83aecf4fa30b92af8192d2a521_f.jpg
6907988,https://recipe1.ezmember.co.kr/cache/recipe/2019/03/08/f7897b8abad5675887ef4d212df0f8501_f.jpg
6884594,https://recipe1.ezmember.co.kr/cache/recipe/2018/02/26/a4c955e7a366d30d091678f8525845e41_f.jpg
6936040,https://recipe1.ezmember.co.kr/cache/recipe/2020/07/08/a33d6fca27903b091b90b7f3710883c01_f.jpg
6901415,https://recipe1.ezmember.co.kr/cache/recipe/2018/12/06/64e8e15624a38796cb08f1626cbddc2b1_f.jpg
7015455,https://recipe1.ezmember.co.kr/cache/recipe/2023/12/10/d3d500d21ddedb1cf5e361509b90bb3f1_f.jpg
6594403,https://recipe1.ezmember.co.kr/cache/recipe/2015/08/13/cc004dff93ef85fd2d269fbf978a0f611_f.jpg
6889499,https://recipe1.ezmember.co.kr/cache/recipe/2018/05/24/54f96ebb05d45adb6742c583f3e6c07c1_f.jpg
6898528,https://recipe1.ezmember.co.kr/cache/recipe/2018/10/23/817d708bd7334d045d93fd1d8fa6074c1_f.jpg
6883245,https://recipe1.ezmember.co.kr/cache/recipe/2018/01/21/7228b90d190b6b6dcabce8648eeb71a31_f.jpg
6930319,https://recipe1.ezmember.co.kr/cache/recipe/2020/04/09/1227b4ec372538a64319951505236a281_f.jpg
6901015,https://recipe1.ezmember.co.kr/cache/recipe/2018/11/29/c571ac2c08bc9c09e73ff98bf8b7fa9b1_f.jpg
6906619,https://recipe1.ezmember.co.kr/cache/recipe/2019/02/14/c79e541fb4fb9e314ed3b089e9c7cac91_f.jpg
6834883,https://recipe1.ezmember.co.kr/cache/recipe/2015/09/22/6b9b21ff3cfb5280718c30477c19060c1_f.jpg
4123616,https://recipe1.ezmember.co.kr/cache/recipe/2015/08/07/65a1e9e1ce6bd05c496b63caa5daa6251_f.jpg
7055706,https://recipe1.ezmember.co.kr/cache/recipe/2025/06/19/50b5f8744489a5bc8d00792eef2c9e6c1_f.jpg
6830992,https://recipe1.ezmember.co.kr/cache/recipe/2015/07/31/c78571c1377c19946c89d48683c245361_f.jpg
7055540,https://recipe1.ezmember.co.kr/cache/recipe/2025/06/10/53faffdbe1a72098b291cf78a2af364b1_f.jpg
6869404,https://recipe1.ezmember.co.kr/cache/recipe/2017/05/07/6ea55e4efcc3130d61412f25001a273c1_f.jpg
6873898,https://recipe1.ezmember.co.kr/cache/recipe/2017/08/01/11e4127ec328d60ece88687428c7491f1_f.png
6938746,https://recipe1.ezmember.co.kr/cache/recipe/2020/08/09/1978513792e90d7e56b72ea84c8fe89b1_f.jpg
6919091,https://recipe1.ezmember.co.kr/cache/recipe/2019/09/13/c90338ecd84b15badc87ef9771daea221_f.jpg
6833979,https://recipe1.ezmember.co.kr/cache/recipe/2015/09/09/18593ed8149ba7993d92c2df69c6ab4b1_f.jpg
6782268,https://recipe1.ezmember.co.kr/cache/recipe/2015/05/20/56f6146f028b42bf21e4d217d39f43861_f.jpg
6961828,https://recipe1.ezmember.co.kr/cache/recipe/2021/07/16/684b6fb0583642e3135d6c68df5b53601_f.jpg
6896367,https://recipe1.ezmember.co.kr/cache/recipe/2018/09/21/8a15804aa84e73b5b6db6e95c798d7431_f.jpg
6922869,https://recipe1.ezmember.co.kr/cache/recipe/2019/11/30/83a1099af317707c2ade71a875f761031_f.jpg
7060797,https://recipe1.ezmember.co.kr/cache/recipe/2025/08/15/09c7704e785c35226bf916805ac1f6321_f.jpg
6955070,https://recipe1.ezmember.co.kr/cache/recipe/2021/03/12/e6b412b54d963f84117f6d8bb3cec1971_f.jpg
6979997,https://recipe1.ezmember.co.kr/cache/recipe/2022/05/25/3f1e6d3fccb87dd91b77f7c06f1947391_f.jpg
7071428,https://recipe1.ezmember.co.kr/cache/recipe/2026/01/16/0a648b392d66434c3af13304c353d1061_f.jpg
6845306,https://recipe1.ezmember.co.kr/cache/recipe/2016/03/07/7760b33733ccd2d5ae3725c4955df33a1_f.jpg
3887959,https://recipe1.ezmember.co.kr/cache/recipe/2015/04/29/c87e7821c4646740aae83a9957f4ea161_f.jpg
6838588,https://recipe1.ezmember.co.kr/cache/recipe/2015/11/23/3a6a4ee84df4808388cc02c805eb6f601_f.jpg
6930772,https://recipe1.ezmember.co.kr/cache/recipe/2020/04/15/cb7ab3376e0ec137ed0193766b66a8b01_f.jpg
6874809,https://recipe1.ezmember.co.kr/cache/recipe/2017/08/16/fa94fcd5d1c3716550f73eeb0348fd621_f.jpg
6920804,https://recipe1.ezmember.co.kr/cache/recipe/2019/10/17/a09820d0024f160b0498fdb2650906181_f.jpg
6852235,https://recipe1.ezmember.co.kr/cache/recipe/2016/07/05/004d6204c816ac5a9f2ef7d314132dd81_f.jpg
6900577,https://recipe1.ezmember.co.kr/cache/recipe/2018/11/22/9e449b97fb49e153936abba72f856be71_f.jpg
6914003,https://recipe1.ezmember.co.kr/cache/recipe/2019/06/15/a91dfba42362bc6550c9293aecc333461_f.jpg
6943868,https://recipe1.ezmember.co.kr/cache/recipe/2020/10/08/c44afbb259876b1df924b4b7e10798321_f.jpg
3927423,https://recipe1.ezmember.co.kr/cache/recipe/2015/06/30/fb950510d429ac03f3cac969d20096d3_f.jpg
6883531,https://recipe1.ezmember.co.kr/cache/recipe/2018/02/06/8d82515d300937523f9433f886d8547f1_f.png
6904957,https://recipe1.ezmember.co.kr/cache/recipe/2019/01/21/0c41b6a370ab1b6c6f2c73c664a594ec1_f.jpg
6957442,https://recipe1.ezmember.co.kr/cache/recipe/2021/04/26/e9ee9fd55cba444bd7794b247b90c04e1_f.jpg
4031003,https://recipe1.ezmember.co.kr/cache/recipe/2015/06/22/9aacc1405dfcf22acbfc6fd0faa78ea5_f.jpg
6875234,https://recipe1.ezmember.co.kr/cache/recipe/2017/08/23/9fe6e56d454c8359f34c198a7a8bc5901_f.jpg
6956588,https://recipe1.ezmember.co.kr/cache/recipe/2021/04/10/f33d49f3bb4c54ba967ebaefca2840e21_f.jpg
6959244,https://recipe1.ezmember.co.kr/cache/recipe/2021/05/30/8b06e7c586f006b2ecad19e8c7198fea1_f.jpg
4102401,https://recipe1.ezmember.co.kr/cache/recipe/2015/06/08/ad98275ee213b4c63d2867bdc7516fd8_f.jpg
6977998,https://recipe1.ezmember.co.kr/cache/recipe/2022/04/17/49b9c8bcf4907926e71922b22c9570451_f.jpg
6919238,https://recipe1.ezmember.co.kr/cache/recipe/2019/09/17/99bdff0f04fb9b968820e0bf8e681f101_f.jpg
7071337,https://recipe1.ezmember.co.kr/cache/recipe/2026/02/10/1a206c0b7cfcf2850e818423e38782931_f.jpg
6869835,https://recipe1.ezmember.co.kr/cache/recipe/2017/04/20/12b4a68f6ba56d73c2dbb00cd97d17ab1_f.jpg
6894032,https://recipe1.ezmember.co.kr/cache/recipe/2018/08/12/262edf7b6ed980b42eb2a736ae09e6a91_f.jpg
6943429,https://recipe1.ezmember.co.kr/cache/recipe/2020/10/05/f0254ec30369b0e98d86fc162af4c9bf1_f.jpg
6877440,https://recipe1.ezmember.co.kr/cache/recipe/2017/10/04/525e0ace6cc624e84213b4bf413d44d71_f.jpg
6891443,https://recipe1.ezmember.co.kr/cache/recipe/2018/06/25/37386ee35d468574c03fea119de8ffc61_f.jpg
6869652,https://recipe1.ezmember.co.kr/cache/recipe/2017/05/12/a4c65fcbd227a9d336e5f7118e722a9c1_f.jpg
6831361,https://recipe1.ezmember.co.kr/cache/recipe/2015/08/07/fcfe23867406ba0d6e149496f8d4d5581_f.jpg
6942051,https://recipe1.ezmember.co.kr/cache/recipe/2020/09/16/3019b3d53eabab24201886e5ab6b994b1_f.jpg
6868635,https://recipe1.ezmember.co.kr/cache/recipe/2017/04/18/65d46410664a201e5ded9223af92a9b91_f.jpg
6923814,https://recipe1.ezmember.co.kr/cache/recipe/2019/12/20/744c604961c09b3c4ab4fdc4319e45091_f.jpg
6972995,https://recipe1.ezmember.co.kr/cache/recipe/2022/01/18/cdc70b2ecac2c6f1f52ad0ea73989d601_f.jpg
6934243,https://recipe1.ezmember.co.kr/cache/recipe/2020/06/02/c221e5a99a4fe8ad55104bc5cb775ca91_f.jpg
6926421,https://recipe1.ezmember.co.kr/cache/recipe/2020/02/11/73ee33312e35fe3bddfecff489ab8e4b1_f.jpg
7062358,https://recipe1.ezmember.co.kr/cache/recipe/2025/09/05/6428c4ba02df827da5e4fda233270d831_f.jpg
6982884,https://recipe1.ezmember.co.kr/cache/recipe/2022/07/06/f22b932139ab37ebd3f83f8582e3a1861_f.jpg
4331769,https://recipe1.ezmember.co.kr/cache/recipe/2015/06/21/86d71229316e9f9eca43d9cdd621d9c1_f.jpg
6918531,https://recipe1.ezmember.co.kr/cache/recipe/2019/09/01/0c8c791ee3dde0a81795c75cdf00ec601_f.jpg
6830123,https://recipe1.ezmember.co.kr/cache/recipe/2015/07/11/52ac6e65db44042aabc264540023730e1_f.jpg
6996815,https://recipe1.ezmember.co.kr/cache/recipe/2023/02/10/67348add2ecc8df0551d82c824e680b91_f.jpg
6841974,https://recipe1.ezmember.co.kr/cache/recipe/2016/01/22/a38f3e85f2ea4d1cb847c08ca2da60e41_f.jpg
6906442,https://recipe1.ezmember.co.kr/cache/recipe/2019/02/12/46579647222cf3f9239beafa0cd58b0c1_f.jpg
6879578,https://recipe1.ezmember.co.kr/cache/recipe/2017/11/14/b7083a5504dfe9b65e541f307fe95d8f1_f.jpg
6881173,https://recipe1.ezmember.co.kr/cache/recipe/2017/12/20/46607694ea02dfa763727a410644d7171_f.jpg
5354417,https://recipe1.ezmember.co.kr/cache/recipe/2015/06/10/35c854a5a68514836ac05615246867271_f.jpg
6829513,https://recipe1.ezmember.co.kr/cache/recipe/2015/06/28/422e8bcfdc4c9eecc42c34b6a8ed75c91_f.jpg
7040313,https://recipe1.ezmember.co.kr/cache/recipe/2024/12/10/ff1813d0c0a05248bce284b6e0ea43561_f.jpg
1256007,https://recipe1.ezmember.co.kr/cache/recipe/2015/09/30/f1f02b510171b749c15758851b39c096_f.jpg
6900692,https://recipe1.ezmember.co.kr/cache/recipe/2018/11/23/ce0192c1b060757a83fd3274218e07831_f.jpg
3992105,https://recipe1.ezmember.co.kr/cache/recipe/2015/06/20/2a3a6b8d079713ff1a3d12cc5a5a22ae_f.jpg
6891279,https://recipe1.ezmember.co.kr/cache/recipe/2018/06/21/4aba49bc06b5b17f9145d1b0507e6d541_f.jpg
6899899,https://recipe1.ezmember.co.kr/cache/recipe/2018/11/10/9b46da4c65994931c105b183a928b53e1_f.jpg
6953188,https://recipe1.ezmember.co.kr/cache/recipe/2021/02/09/6cc8673a9d315452302a309adff712a31_f.jpg
6916556,https://recipe1.ezmember.co.kr/cache/recipe/2019/07/28/14ae0320b28dd01aaf9dd2249fc348791_f.jpg
1899887,https://recipe1.ezmember.co.kr/cache/recipe/2015/08/12/84a6224615c94536dd4d9ea3e3ce713a_f.jpg
6897018,https://recipe1.ezmember.co.kr/cache/recipe/2018/10/03/04ceb678aaeec42497018166290498261_f.jpg
6893361,https://recipe1.ezmember.co.kr/cache/recipe/2018/07/30/0672d8324935f4c7259497d277bd76e01_f.jpg
3931606,https://recipe1.ezmember.co.kr/cache/recipe/2015/06/08/f9b2c21a69866800a09e638bbc2db2b0_f.jpg
6869491,https://recipe1.ezmember.co.kr/cache/recipe/2017/05/08/6f6b77985e79ec7388f873c597a6b3081_f.jpg
6948963,https://recipe1.ezmember.co.kr/cache/recipe/2020/12/21/45cacd16af8c6ffd30d057048913f6e31_f.jpg
6923392,https://recipe1.ezmember.co.kr/cache/recipe/2019/12/11/564ed41da5a17490b6fcd202d1fddcdf1_f.jpg
6974156,https://recipe1.ezmember.co.kr/cache/recipe/2022/02/08/bb3c0f586b8892a67efc407908a6e4111_f.jpg
6959939,https://recipe1.ezmember.co.kr/cache/recipe/2021/06/10/2de10fe2cef28f4cfb482a78672f14531_f.jpg
6830705,https://recipe1.ezmember.co.kr/cache/recipe/2015/08/12/da7133577ffc3907573d193353131a111_f.jpg
7075415,https://recipe1.ezmember.co.kr/cache/recipe/2026/04/28/c500759139268a4109e5bb8b4ea0a6d51_f.jpg
6864761,https://recipe1.ezmember.co.kr/cache/recipe/2017/02/04/fac3e71172642ebf7fd44535980aed231_f.jpg
6905287,https://recipe1.ezmember.co.kr/cache/recipe/2019/01/26/f87283aaa84b856bbc1b24dbd08580bc1_f.jpg
7074055,https://recipe1.ezmember.co.kr/cache/recipe/2026/04/03/ba994b261a63a6e8758bbd4872ffc71e1_f.jpg
6877972,https://recipe1.ezmember.co.kr/cache/recipe/2017/10/16/7c7bfe8858bd984d03c5a22abb8aff7a1_f.jpg
6844800,https://recipe1.ezmember.co.kr/cache/recipe/2016/03/16/5e4d7a60642a439f319e53141fa79f281_f.jpg
6871652,https://recipe1.ezmember.co.kr/cache/recipe/2017/06/22/fc4e499ab5987cbb114babd36b540b2e1_f.jpg
6967429,https://recipe1.ezmember.co.kr/cache/recipe/2021/10/21/20b5a78924686137e1821ce8b9d3abcd1_f.jpg
6894360,https://recipe1.ezmember.co.kr/cache/recipe/2018/08/18/cfc88a5391e2bf77b47d04946fd86ef11_f.jpg
6854047,https://recipe1.ezmember.co.kr/cache/recipe/2016/08/04/45e7424002dd18087134a15069bf57b61_f.jpg
6908596,https://recipe1.ezmember.co.kr/cache/recipe/2019/03/17/8d8d8b30d8f752ab0fa5b2be5db1beda1_f.jpg
6920098,https://recipe1.ezmember.co.kr/cache/recipe/2019/09/28/7200a2c1885fe89c2d2275f519524ac71_f.jpg
7007335,https://recipe1.ezmember.co.kr/cache/recipe/2023/08/04/a66d5c610c425c01e708b970d93d524b1_f.jpg
6876608,https://recipe1.ezmember.co.kr/cache/recipe/2017/09/17/e479435c46ad88e46ff4a7f2ea514d891_f.jpg
6941740,https://recipe1.ezmember.co.kr/cache/recipe/2020/09/13/a3aa3e41a248212e2001f289f0496fe21_f.jpg
6900104,https://recipe1.ezmember.co.kr/cache/recipe/2018/11/14/59a890e13511477d447dc42d05bd4a341_f.jpg
6869512,https://recipe1.ezmember.co.kr/cache/recipe/2017/05/08/2e5ab3eb012396f7bbecacdb85703ad11_f.jpg
6939292,https://recipe1.ezmember.co.kr/cache/recipe/2020/08/15/bd0a996ba1a99287d99d4eb2618e66411_f.jpg
6985440,https://recipe1.ezmember.co.kr/cache/recipe/2022/08/12/0e9e7a0605e72b93dce594e738151efb1_f.jpg
7062608,https://recipe1.ezmember.co.kr/cache/recipe/2025/09/13/63e66ec226ec3524f86e4dd80f0fa2311_f.jpg
6829094,https://recipe1.ezmember.co.kr/cache/recipe/2015/06/17/1172a5379400fd716687ccc66a516ca21_f.jpg
6854205,https://recipe1.ezmember.co.kr/cache/recipe/2016/08/08/65dd8d174c8bf57160c07ce8740ef5461_f.jpg
6833837,https://recipe1.ezmember.co.kr/cache/recipe/2015/09/08/5878fb78b49b64a56af18465628c9e4e1_f.jpg
6907878,https://recipe1.ezmember.co.kr/cache/recipe/2019/01/19/14f1ace0747bdfcd1bafc21d9052a5d01_f.jpg
7043964,https://recipe1.ezmember.co.kr/cache/recipe/2025/02/03/6f86ec451dbf9d9dc431af477de73b471_f.jpg
6957673,https://recipe1.ezmember.co.kr/cache/recipe/2021/05/01/feb8b307e3eafe9803bc33c3f80e310e1_f.jpg
6927945,https://recipe1.ezmember.co.kr/cache/recipe/2020/03/07/c72a30d39b366d15e1ba4040e07064581_f.jpg
4649711,https://recipe1.ezmember.co.kr/cache/recipe/2015/04/20/bcc61fe952ae1ecf03a3793c1f1b11561_f.jpg
6944253,https://recipe1.ezmember.co.kr/cache/recipe/2020/10/15/42f1de084c3cab690fadb6b1a7dfa00b1_f.jpg
7049978,https://recipe1.ezmember.co.kr/cache/recipe/2025/04/09/d725580e19d9bce083ec38518e4c16351_f.jpg
6915771,https://recipe1.ezmember.co.kr/cache/recipe/2019/07/13/5a25c14826362f7902552cc68c18d1c71_f.jpg
6883242,https://recipe1.ezmember.co.kr/cache/recipe/2018/02/01/5364caecaa564d9a946b006c880b4d911_f.jpg
6921225,https://recipe1.ezmember.co.kr/cache/recipe/2019/10/26/5e4f92be9e214729585a6f14780f7cdc1_f.jpg
6881279,https://recipe1.ezmember.co.kr/cache/recipe/2017/12/22/dbb5948ffbe5b0dae0f62b8033558e401_f.jpg
6858573,https://recipe1.ezmember.co.kr/cache/recipe/2016/10/18/e71ecd1bc1e69267d98d33e90a9a65f01_f.jpg
6847969,https://recipe1.ezmember.co.kr/cache/recipe/2016/05/11/0a7fc6f1cf1a09cfe36376106de3acc51_f.jpg
4305928,https://recipe1.ezmember.co.kr/cache/recipe/2015/06/23/9d97f967979346e6c2ceef44e7d5957b_f.jpg
4116039,https://recipe1.ezmember.co.kr/cache/recipe/2015/06/08/b809b4366a05a07111fe071b2529e6b9_f.jpg
6837037,https://recipe1.ezmember.co.kr/cache/recipe/2015/10/28/405495983b8df7ccc4a704f16fdd5f141_f.jpg
6887019,https://recipe1.ezmember.co.kr/cache/recipe/2018/04/10/9e8bec2595adc9cb965e43c3aae575bb1_f.jpg
6847914,https://recipe1.ezmember.co.kr/cache/recipe/2016/05/10/e9f45fe3b6962ef97474679c414e91d51_f.jpg
6955568,https://recipe1.ezmember.co.kr/cache/recipe/2021/03/21/8e211dc14ac328ebb073942494a6e35a1_f.jpg
6981221,https://recipe1.ezmember.co.kr/cache/recipe/2022/06/11/70efa57d144fa15099d57f21050b95651_f.jpg
3987889,https://recipe1.ezmember.co.kr/cache/recipe/2015/08/06/4238b38c918437fef0998ebca4a0889a1_f.jpg
6898054,https://recipe1.ezmember.co.kr/cache/recipe/2018/10/17/24b8f68459f485226bf8a19e403f4da91_f.jpg
7071567,https://recipe1.ezmember.co.kr/cache/recipe/2026/02/13/2f6a033d4fefab9014e62f1bd564eb901_f.jpg
7040598,https://recipe1.ezmember.co.kr/cache/recipe/2024/12/15/b3b14bbc46c4207ace672591834be0541_f.jpg
6829146,https://recipe1.ezmember.co.kr/cache/recipe/2015/06/18/1ec74befa5143930d32e3db87cb756b71_f.jpg
6862544,https://recipe1.ezmember.co.kr/cache/recipe/2016/12/07/3dbc5abc8c9946d9cd5f03935a3dc8761_f.jpg
3623045,https://recipe1.ezmember.co.kr/cache/recipe/2015/04/16/e654b4dccbd3511ea3580f44992e2a551_f.jpg
4116826,https://recipe1.ezmember.co.kr/cache/recipe/2015/06/08/49ff40a37199192a3aa7ce50974692fa_f.jpg
6884982,https://recipe1.ezmember.co.kr/cache/recipe/2018/03/06/5e4d7b5d7d78cb81f738d328eeae02221_f.jpg
6886747,https://recipe1.ezmember.co.kr/cache/recipe/2018/04/05/5000018737f2a7497a68422cc2c9b2e01_f.jpg
4005088,https://recipe1.ezmember.co.kr/cache/recipe/2015/06/19/0d353cadaf1d00c2faffe99e875f7d7c_f.jpg
6890256,https://recipe1.ezmember.co.kr/cache/recipe/2018/06/04/38c2373d32de8a82b8b15bd4ef60ab2f1_f.jpg
6839063,https://recipe1.ezmember.co.kr/cache/recipe/2015/12/02/371f314c0068109c7e62ace92fd6cddc1_f.jpg
6830379,https://recipe1.ezmember.co.kr/cache/recipe/2015/07/20/e2c671746e2bbdc7c4547d00b95273741_f.jpg
6868490,https://recipe1.ezmember.co.kr/cache/recipe/2017/04/16/05dc220b64d3ce8101b694ac1e7263da1_f.jpg
6836000,https://recipe1.ezmember.co.kr/cache/recipe/2015/10/12/97d5c1a4785937b4f36cb209f7ce39361_f.jpg
6874695,https://recipe1.ezmember.co.kr/cache/recipe/2017/08/14/f38842dbcfe6d5821c3e40f992e537131_f.jpg
7063127,https://recipe1.ezmember.co.kr/cache/recipe/2025/09/20/e04a2b3ce445685f6d834b67adaf89471_f.jpg
7054047,https://recipe1.ezmember.co.kr/cache/recipe/2025/05/30/4f2192e6b8b4c07215d99027171916921_f.jpg
7007580,https://recipe1.ezmember.co.kr/cache/recipe/2023/08/07/97d190344a889ceca4bc5ea5b1b3191d1_f.jpg
6848327,https://recipe1.ezmember.co.kr/cache/recipe/2016/04/25/f1c64ac53d2293c4c1f9667f8a0139181_f.jpg
6877441,https://recipe1.ezmember.co.kr/cache/recipe/2017/10/04/07ce08658b536238671aaedf5a5e56471_f.jpg
7040445,https://recipe1.ezmember.co.kr/cache/recipe/2024/12/12/0e2c1bea3ea8585ed5ab00defb6e82361_f.jpg
6903634,https://recipe1.ezmember.co.kr/cache/recipe/2019/01/05/58004f14ea4969edf32f230f6ce6f6d31_f.jpg
6933745,https://recipe1.ezmember.co.kr/cache/recipe/2020/06/03/3b0782b8268cd3d0b86e0e27456004221_f.jpg
7074102,https://recipe1.ezmember.co.kr/cache/recipe/2026/04/03/fe593f289eac0f33fc46fae2d3f75abf1_f.jpg
6928373,https://recipe1.ezmember.co.kr/cache/recipe/2020/03/13/61c51d4decd9a6927d63f588435196831_f.jpg
7070588,https://recipe1.ezmember.co.kr/cache/recipe/2026/01/27/dc9b0a11cfd00f3c05fb04961703cd141_f.jpg
3842121,https://recipe1.ezmember.co.kr/cache/recipe/2015/06/08/c35db5e7c72e6ac0bd2418c12e83a672_f.jpg
6831962,https://recipe1.ezmember.co.kr/cache/recipe/2015/08/14/8165f3d33149aff496cd0e837075183e1_f.jpg
6832303,https://recipe1.ezmember.co.kr/cache/recipe/2015/08/19/2d95fcac4701da40e04ded5e616d1de01_f.jpg
6865002,https://recipe1.ezmember.co.kr/cache/recipe/2017/02/09/1d060cdf8370165ba0cc0b26f2a1e6541_f.jpg
6840351,https://recipe1.ezmember.co.kr/cache/recipe/2015/12/21/a29851d08d72a9642d96489aa16700dd1_f.jpg
6919629,https://recipe1.ezmember.co.kr/cache/recipe/2019/09/25/713d4d6e6116e8f1e84703140b41ae071_f.jpg
6888644,https://recipe1.ezmember.co.kr/cache/recipe/2018/05/10/af3cf06e7f3340104fd97ef71bb862da1_f.jpg
6831588,https://recipe1.ezmember.co.kr/cache/recipe/2015/08/11/ad08e21cee91145e5eb1c6f61da2ca761_f.jpg
6834452,https://recipe1.ezmember.co.kr/cache/recipe/2015/09/16/63895cf7e8d680a5002cf1577f920ac31_f.jpg
6832742,https://recipe1.ezmember.co.kr/cache/recipe/2015/08/25/222d8141a77630293a1eda1b9228e0261_f.jpg
6864678,https://recipe1.ezmember.co.kr/cache/recipe/2017/02/02/5c8710c903f6cb9d785b241505dc8a671_f.jpg
6906565,https://recipe1.ezmember.co.kr/cache/recipe/2019/02/14/a995681ea8b063bd1e02e17f939681711_f.jpg
6901097,https://recipe1.ezmember.co.kr/cache/recipe/2018/12/01/b444edfd7ae597a2496f3e4a51f0416d1_f.jpg
6836117,https://recipe1.ezmember.co.kr/cache/recipe/2015/10/13/fa9b3221f1639efd1ee6f0539f605d7c1_f.jpg
7056329,https://recipe1.ezmember.co.kr/cache/recipe/2025/06/23/99fe5ffc3cf350b751ac516531eb4e9b1_f.jpg
6863989,https://recipe1.ezmember.co.kr/cache/recipe/2017/01/16/3289abee95cd9f4c3635bdbd00c0d84f1_f.jpg
6868200,https://recipe1.ezmember.co.kr/cache/recipe/2017/04/10/b223bb8b06768f0f33b113664368ede51_f.jpg
7062856,https://recipe1.ezmember.co.kr/cache/recipe/2025/09/17/97594b1e32379671068b315bec8a73e81_f.jpg
6829160,https://recipe1.ezmember.co.kr/cache/recipe/2015/06/19/75d398ce650e3c49b7adc14c3abf2a971_f.jpg
6838153,https://recipe1.ezmember.co.kr/cache/recipe/2015/11/16/1819f1907e77b69ba4d9e4607bb798cf1_f.jpg
5346372,https://recipe1.ezmember.co.kr/cache/recipe/2015/03/19/c81beb1bed0a4a5afb4121f8454760581_f.jpg
6834524,https://recipe1.ezmember.co.kr/cache/recipe/2015/09/16/4c0a8b617a2f1ef21826bb7300e0aac31_f.jpg
7026973,https://recipe1.ezmember.co.kr/cache/recipe/2024/04/11/0fee6321b53ac6a6dbbb1a44c4c1d9cf1_f.jpg
6838353,https://recipe1.ezmember.co.kr/cache/recipe/2015/11/19/675198132a5257ea1c5e3c0276560d301_f.jpg
7047018,https://recipe1.ezmember.co.kr/cache/recipe/2025/03/10/921f6271faf087cc057e8bc7694bd24c1_f.jpg
6829975,https://recipe1.ezmember.co.kr/cache/recipe/2015/08/07/838fa3888146674a694a877d6d4eda8c1_f.jpg
6900374,https://recipe1.ezmember.co.kr/cache/recipe/2018/11/19/12dc36551e5515e10c9edbf9487eeb301_f.jpg
6910648,https://recipe1.ezmember.co.kr/cache/recipe/2019/04/17/bcf25b6ff91a35900d5d1bbe7d6618261_f.jpg
6884949,https://recipe1.ezmember.co.kr/cache/recipe/2018/03/05/487becf4c7a40659253101f78a07c2f21_f.jpg
6883303,https://recipe1.ezmember.co.kr/cache/recipe/2018/02/02/9b3dc5193cab4a4fc9ec1f2acd5052731_f.jpg
6837106,https://recipe1.ezmember.co.kr/cache/recipe/2015/10/29/b88f063e7c8fe0dd14da6b9d6b9d1b961_f.jpg
7046333,https://recipe1.ezmember.co.kr/cache/recipe/2025/03/01/6a7af0f1c168292c6c1e33d05ad50a051_f.jpg
6959845,https://recipe1.ezmember.co.kr/cache/recipe/2021/06/08/38be7c5997fb1c30d87e74a31227caa01_f.jpg
6919790,https://recipe1.ezmember.co.kr/cache/recipe/2019/09/28/2367395deb7fb50178a2f333e8d335a01_f.jpg
6948475,https://recipe1.ezmember.co.kr/cache/recipe/2020/12/14/bfed1f7000929457236230cf5ceb76ff1_f.jpg
6878618,https://recipe1.ezmember.co.kr/cache/recipe/2017/10/26/73e256101b679221e6756ce0d2a6de801_f.jpg
7016564,https://recipe1.ezmember.co.kr/cache/recipe/2023/12/27/0e4a96a7951c96570259165d3f4398e91_f.jpg
6840144,https://recipe1.ezmember.co.kr/cache/recipe/2015/12/16/d3ad03fedb854ef5e4405b068683cc821_f.jpg
6889301,https://recipe1.ezmember.co.kr/cache/recipe/2018/05/21/1021c7a3639ee88262c39d5a84905f9e1_f.jpg
6867605,https://recipe1.ezmember.co.kr/cache/recipe/2017/03/29/27e4d63f778bb6e71cc7aee1258e48fa1_f.jpg
3526900,https://recipe1.ezmember.co.kr/cache/recipe/2015/04/15/4da47bd9748c7ebeafcff7097dd5b6f91_f.jpg
6894757,https://recipe1.ezmember.co.kr/cache/recipe/2018/08/25/86ce2c55506b5566033602227f65bc2f1_f.jpg
7064944,https://recipe1.ezmember.co.kr/cache/recipe/2025/10/19/eeef6fd6b3d8ea0ee44defe66cc2c3b21_f.jpg
6891342,https://recipe1.ezmember.co.kr/cache/recipe/2018/06/22/4d7942bc89293ff4fbbdc8a5824e8e921_f.png
6861253,https://recipe1.ezmember.co.kr/cache/recipe/2016/11/19/a39858e1069986078ce681011a0efa9d1_f.jpg
6998395,https://recipe1.ezmember.co.kr/cache/recipe/2023/03/08/bce87b920c36e66c6869ec646ed26b551_f.jpg
4907235,https://recipe1.ezmember.co.kr/cache/recipe/2015/06/17/1daac01a24917215e416b416315a5a2b_f.jpg
6926164,https://recipe1.ezmember.co.kr/cache/recipe/2020/02/07/257c350e2982dedaa51e3ccca84203811_f.jpg
7065168,https://recipe1.ezmember.co.kr/cache/recipe/2025/10/24/2686b18638b8792356a3064a68dfd95a1_f.jpg
6894771,https://recipe1.ezmember.co.kr/cache/recipe/2018/08/25/a67dde151298b5e2e39cd48448480cde1_f.jpg
6879082,https://recipe1.ezmember.co.kr/cache/recipe/2017/10/26/66c0da2749bbcf529817c582840a83611_f.jpg
6841913,https://recipe1.ezmember.co.kr/cache/recipe/2016/01/21/5b74341f8e5adc7447753b6ab63c93351_f.jpg
6874457,https://recipe1.ezmember.co.kr/cache/recipe/2017/08/10/6e4251ce6a6b99b27edffddb949ceeb31_f.jpg
6645798,https://recipe1.ezmember.co.kr/cache/recipe/2015/04/06/d862a770bbf5162283f8c9b8e80e80a11_f.jpg
7028113,https://recipe1.ezmember.co.kr/cache/recipe/2024/06/12/ba3eeabdb8a31dba6b8159c7d46aba4c1_f.jpg
4175263,https://recipe1.ezmember.co.kr/cache/recipe/2015/04/15/fb3f32305cf9df53e2e76f719890c1791_f.jpg
6869862,https://recipe1.ezmember.co.kr/cache/recipe/2017/05/16/404cc13fe463386c8b08258b54a27a641_f.jpg
6869729,https://recipe1.ezmember.co.kr/cache/recipe/2017/05/13/b46de4b3a4738cf44d49035f2746c9b71_f.jpg
6830083,https://recipe1.ezmember.co.kr/cache/recipe/2015/07/14/d5cb35a368cb766c0d0ede1ef2c716801_f.jpg
6944989,https://recipe1.ezmember.co.kr/cache/recipe/2020/10/25/56996decba18b1bef396efc37ccc023b1_f.jpg
6855457,https://recipe1.ezmember.co.kr/cache/recipe/2016/08/28/c81e88458d94573e0a57200c39ab86631_f.jpg
6887809,https://recipe1.ezmember.co.kr/cache/recipe/2018/04/24/59181010d41069c9b8a52a14e0c6ea4f1_f.jpg
6845496,https://recipe1.ezmember.co.kr/cache/recipe/2016/03/22/e3a700a71351419e8ab2ca13008295f61_f.jpg
6832517,https://recipe1.ezmember.co.kr/cache/recipe/2015/08/21/ff1d33e562399917f1491c06b7e844911_f.jpg
6831317,https://recipe1.ezmember.co.kr/cache/recipe/2015/08/07/2b700af398668bcc3e72339662201a131_f.jpg
6926983,https://recipe1.ezmember.co.kr/cache/recipe/2020/02/21/6b07173e42ca3c368af3ec2ab76132671_f.jpg
6892406,https://recipe1.ezmember.co.kr/cache/recipe/2018/07/11/e332dcc54fa5bc168d92715a37bdf3501_f.jpg
6478945,https://recipe1.ezmember.co.kr/cache/recipe/2015/03/31/be3d280ae6055059131a92d6a73c08d51_f.jpg
6852788,https://recipe1.ezmember.co.kr/cache/recipe/2016/07/15/ad111893d4332f0c0be9fd148334e3c11_f.jpg
6901022,https://recipe1.ezmember.co.kr/cache/recipe/2018/11/29/3d9bdddbd853d92cd2aecf9982e21f751_f.jpg
6867069,https://recipe1.ezmember.co.kr/cache/recipe/2017/03/19/63c80fb287fb38aea32290ebebaecb071_f.jpg
6914836,https://recipe1.ezmember.co.kr/cache/recipe/2019/05/27/05828349d8a6461702b8f3cb32218a951_f.jpg
6867862,https://recipe1.ezmember.co.kr/cache/recipe/2017/04/03/ccf5b28013b45d408ccaab7dd2bd474a1_f.jpg
6857890,https://recipe1.ezmember.co.kr/cache/recipe/2016/10/04/f3d9dcd794f394469d674be1225ba7571_f.jpg
6917453,https://recipe1.ezmember.co.kr/cache/recipe/2019/08/14/bd344be822e1f3bd36f06b170f4a1fa81_f.jpg
6848451,https://recipe1.ezmember.co.kr/cache/recipe/2016/05/19/aa0019db69fa86418630b43b8d594edd1_f.jpg
6907891,https://recipe1.ezmember.co.kr/cache/recipe/2019/03/07/a1100e5e7bd3119402892e761e5eeb631_f.jpg
5375879,https://recipe1.ezmember.co.kr/cache/recipe/2015/03/19/81269fec34e2fa3e5e7714da732539091_f.jpg
6834762,https://recipe1.ezmember.co.kr/cache/recipe/2015/09/22/7918ac71b718b196f35e0bbe7fb5483a1_f.jpg
6871502,https://recipe1.ezmember.co.kr/cache/recipe/2017/06/19/1113c066eb6b2edfd88885a8aa7051921_f.jpg
6842271,https://recipe1.ezmember.co.kr/cache/recipe/2016/01/28/adbf7bda7299b822535892963c31d7441_f.jpg
6940046,https://recipe1.ezmember.co.kr/cache/recipe/2020/08/25/e57880d1ea60bc430c5ded6e1b2044351_f.jpg
3780812,https://recipe1.ezmember.co.kr/cache/recipe/2015/03/27/2fc609f5d7065705133b38ba5e0dafc51_f.jpg
6943916,https://recipe1.ezmember.co.kr/cache/recipe/2020/10/12/e6adb96b8216dd4ae22a359a8ea5a3701_f.jpg
6845310,https://recipe1.ezmember.co.kr/cache/recipe/2016/03/24/f08b67539a17db75f9d9adbd0346bc5b1_f.jpg
6857977,https://recipe1.ezmember.co.kr/cache/recipe/2016/10/06/c33ac6cc18541f3320a295ec581395001_f.jpg
6837619,https://recipe1.ezmember.co.kr/cache/recipe/2015/11/05/f491672aa58a3663a54befc38f743f4a1_f.jpg
6942446,https://recipe1.ezmember.co.kr/cache/recipe/2020/09/21/1e4b0eda868afbd33d5776e1f7bcae491_f.jpg
6855152,https://recipe1.ezmember.co.kr/cache/recipe/2016/08/23/8f00932a7e089ee0ff284031bc05185f1_f.jpg
6876522,https://recipe1.ezmember.co.kr/cache/recipe/2017/09/08/66419b6c39070a04d0c46d4efedf54611_f.jpg
6889787,https://recipe1.ezmember.co.kr/cache/recipe/2018/05/29/74f665b3e76e4a4aa9f06e12b6c900fc1_f.jpg
6910379,https://recipe1.ezmember.co.kr/cache/recipe/2019/04/14/318781106c1a60422ef93999e4a6a57e1_f.jpg
7050761,https://recipe1.ezmember.co.kr/cache/recipe/2025/04/14/1a1a4559f69f1a77064afe9384874ff01_f.jpg
6958018,https://recipe1.ezmember.co.kr/cache/recipe/2021/05/08/f5c60e7a311c8f1378d48df3dd88cd801_f.jpg
6920067,https://recipe1.ezmember.co.kr/cache/recipe/2019/10/03/5a2d723d6d9fe25efa75dffc2aab5c421_f.jpg
1997270,https://recipe1.ezmember.co.kr/cache/recipe/2015/09/02/de5177fb8d4db9376127551c1cad9786_f.jpg
6862432,https://recipe1.ezmember.co.kr/cache/recipe/2016/12/09/feb26712a33194523fb429cf72bd11381_f.jpg
786272,https://recipe1.ezmember.co.kr/cache/recipe/2015/10/16/3c69fc8b93ed0c409664592ea030a7a2_f.jpg
6873211,https://recipe1.ezmember.co.kr/cache/recipe/2017/07/22/c6fdead29326d3a32e5815a46b439fc31_f.jpg
1964300,https://recipe1.ezmember.co.kr/cache/recipe/2015/08/07/b834f156e02ee71bd4a33ee7e3c1d135_f.jpg
6915593,https://recipe1.ezmember.co.kr/cache/recipe/2019/07/20/128d7126ceb95cb77d6ee81c42c82f381_f.jpg
7059856,https://recipe1.ezmember.co.kr/cache/recipe/2025/07/31/16bb3263c4985e6049db500f24decd2f1_f.jpg
6880966,https://recipe1.ezmember.co.kr/cache/recipe/2017/12/14/36b894ab05ab1a7800cdcb10a4d5bce31_f.jpg
6865367,https://recipe1.ezmember.co.kr/cache/recipe/2017/02/16/2580810f8b67e6dd483ac88780f9f41e1_f.jpg
6958552,https://recipe1.ezmember.co.kr/cache/recipe/2021/05/17/58e5799488ffb4e6c379006fc76dda031_f.jpg
3362038,https://recipe1.ezmember.co.kr/cache/recipe/2015/07/14/5d843dcc2cffc28ff799b5835864a0c6_f.jpg
6878202,https://recipe1.ezmember.co.kr/cache/recipe/2017/10/19/8e2170163b1cf95fc33fa6272d03bba61_f.jpg
6911206,https://recipe1.ezmember.co.kr/cache/recipe/2019/04/26/7ae8416f254c633fe202a4761d1cc3f01_f.jpg
6912103,https://recipe1.ezmember.co.kr/cache/recipe/2019/05/14/2e93c35a30fc4baaa3972f6dd8317a0f1_f.jpg
6870159,https://recipe1.ezmember.co.kr/cache/recipe/2017/05/23/d3f56ca944a6499cb65d27c53682f3a41_f.jpg
6909522,https://recipe1.ezmember.co.kr/cache/recipe/2019/03/30/898c0ddb38e96f0aab5dc1e223c47e4f1_f.jpg
6830085,https://recipe1.ezmember.co.kr/cache/recipe/2015/07/10/dc4f3090842f9e24a973f665cc609cd11_f.jpg
7045815,https://recipe1.ezmember.co.kr/cache/recipe/2025/02/24/e23dbe75b1d63fff04b95723ff0370d31_f.jpg
6865018,https://recipe1.ezmember.co.kr/cache/recipe/2017/02/09/db007b836e66102e539d60cb4f1f12531_f.jpg
6919966,https://recipe1.ezmember.co.kr/cache/recipe/2019/10/02/849045bb5148a5ec842dbb4d82036bb21_f.jpg
6888705,https://recipe1.ezmember.co.kr/cache/recipe/2018/05/11/257688de66d1b8cd6680029a1343098c1_f.jpg
6982539,https://recipe1.ezmember.co.kr/cache/recipe/2022/06/30/ea2b5709c34bfea743c2c454e330c2e31_f.jpg
4820041,https://recipe1.ezmember.co.kr/cache/recipe/2015/06/19/2e60b57976e755d1721224cb2d861e66_f.jpg
6913410,https://recipe1.ezmember.co.kr/cache/recipe/2019/06/06/69ac8a568ad6be3e1b8aa513b4d421601_f.jpg
6844860,https://recipe1.ezmember.co.kr/cache/recipe/2016/03/17/2da6528211b545eaf55b30e6a0c558df1_f.jpg
6892777,https://recipe1.ezmember.co.kr/cache/recipe/2018/07/18/dcb080809f617f8ea80459a60bc5956f1_f.jpg
6905422,https://recipe1.ezmember.co.kr/cache/recipe/2019/01/28/da8749e2f43ad63cf9d5d0ae373c30f71_f.jpg
6850015,https://recipe1.ezmember.co.kr/cache/recipe/2016/05/27/611baf7e51f11b0555487fd670b8e8c41_f.jpg
6859331,https://recipe1.ezmember.co.kr/cache/recipe/2016/10/27/88dad221caa5c0fc1a7f9e07bbb9b47f1_f.jpg
6877278,https://recipe1.ezmember.co.kr/cache/recipe/2017/09/29/9309c8765813a4c2fca9e0f3422f76e11_f.jpg
6829859,https://recipe1.ezmember.co.kr/cache/recipe/2015/07/06/f743db573c9984f46a6db5613af6627f1_f.jpg
6868182,https://recipe1.ezmember.co.kr/cache/recipe/2017/04/10/23b39e38f292d64a62b3cc5e47e80fad1_f.jpg
6874277,https://recipe1.ezmember.co.kr/cache/recipe/2017/08/08/f7a7b55f22d862950d1e2e2ebd41ae9d1_f.jpg
6879046,https://recipe1.ezmember.co.kr/cache/recipe/2017/11/04/dd7e8996257ad310b499d8508c25730b1_f.jpg
7020840,https://recipe1.ezmember.co.kr/cache/recipe/2024/02/26/5a0ee228ca647a3eaa8e1b2e71ded3ba1_f.jpg
6845761,https://recipe1.ezmember.co.kr/cache/recipe/2016/04/01/f7f3818d27814cc219dfb8c5f5eda2d91_f.jpg
7072695,https://recipe1.ezmember.co.kr/cache/recipe/2026/03/07/1df1c4f8e8386a0ccc17a149241014731_f.png
6861282,https://recipe1.ezmember.co.kr/cache/recipe/2016/11/19/e55de2a5bc1b334e37486cdb3bf32db01_f.jpg
6858389,https://recipe1.ezmember.co.kr/cache/recipe/2016/10/13/dc73cd52dd0cd2ba0a650e5ce77f39d31_f.jpg
6909554,https://recipe1.ezmember.co.kr/cache/recipe/2019/03/31/8a0738a334531b3559c05eb2dd511a181_f.jpg
7003923,https://recipe1.ezmember.co.kr/cache/recipe/2023/06/12/b6d546797698364c8cd11254286ae4451_f.jpg
7013587,https://recipe1.ezmember.co.kr/cache/recipe/2023/11/14/8d972dc45640bd485b59560df4fcaf881_f.jpg
6892649,https://recipe1.ezmember.co.kr/cache/recipe/2018/07/16/4232d8d680d4646e9e24c7e46f43a9201_f.jpg
6965709,https://recipe1.ezmember.co.kr/cache/recipe/2021/09/24/1f3d2349f246ad59714f7585bc6ab9af1_f.jpg
6948377,https://recipe1.ezmember.co.kr/cache/recipe/2020/12/14/75e5eff5ec3a833f7cc632e0b5e606041_f.jpg
6888415,https://recipe1.ezmember.co.kr/cache/recipe/2018/04/22/96988deefaf26448665484e52a452bae1_f.jpg
7012706,https://recipe1.ezmember.co.kr/cache/recipe/2023/11/02/5c889ea74e8690ec7dd4d268048b13221_f.jpg
6885973,https://recipe1.ezmember.co.kr/cache/recipe/2018/03/23/e8cc9b0099ec2faaf930033b584cfbf31_f.jpg
7025424,https://recipe1.ezmember.co.kr/cache/recipe/2024/04/29/af4630f87223a6a89ed719d9f36a51271_f.jpg
6924552,https://recipe1.ezmember.co.kr/cache/recipe/2020/01/01/65b141a59da2a815ca919ed7d4dbd9e41_f.jpg
6834492,https://recipe1.ezmember.co.kr/cache/recipe/2015/09/17/c074339c22b4bd7f455654d185d4bee51_f.jpg
7057093,https://recipe1.ezmember.co.kr/cache/recipe/2025/06/21/c7ff22c9f8d6a0437f0b13b791acafcf1_f.jpg
7066035,https://recipe1.ezmember.co.kr/cache/recipe/2025/11/07/bf5956df9c261e32ae3811122ef0a6fe1_f.jpg
6829706,https://recipe1.ezmember.co.kr/cache/recipe/2015/07/07/03475299bd2145dbdafdd8ee1f0172fc1_f.jpg
6943417,https://recipe1.ezmember.co.kr/cache/recipe/2020/10/05/64e5d970dc8cd480e15b50581357e7bf1_f.jpg
6899512,https://recipe1.ezmember.co.kr/cache/recipe/2018/11/05/9e37b2e61e7e68f96aa4c8bad26f0f6c1_f.jpg
6958393,https://recipe1.ezmember.co.kr/cache/recipe/2021/05/14/577eeb4b91707d49a2ebf127db75cf061_f.jpg
6830853,https://recipe1.ezmember.co.kr/cache/recipe/2015/07/31/f2eb4cfda80cc05c0a7e4149344aebff1_f.jpg
7073908,https://recipe1.ezmember.co.kr/cache/recipe/2026/03/31/a23c1463a2adde1a930aeb3678560fab1_f.jpg
6922311,https://recipe1.ezmember.co.kr/cache/recipe/2019/11/18/0d2a9178546e28b20c55d4286ee58b571_f.jpg
6833580,https://recipe1.ezmember.co.kr/cache/recipe/2015/09/04/fdbd834f19db09e1d53068e2e573ee571_f.jpg
7070831,https://recipe1.ezmember.co.kr/cache/recipe/2026/01/31/9fa3c452ace03a10934b426148c1d6e61_f.jpg
6953432,https://recipe1.ezmember.co.kr/cache/recipe/2021/02/14/e31eb9bcf0318b2d650e6b46cc15b8b71_f.jpg
6844762,https://recipe1.ezmember.co.kr/cache/recipe/2016/03/15/112bc6a82f181402ec407f8561ebff1e1_f.jpg
6908420,https://recipe1.ezmember.co.kr/cache/recipe/2019/03/14/ab9ea76b27ff5b2bfd2ed4467c3cd67c1_f.jpg
6854270,https://recipe1.ezmember.co.kr/cache/recipe/2016/08/09/bfa253e5632ee6969f04ff220693d56f1_f.jpg
2697716,https://recipe1.ezmember.co.kr/cache/recipe/2015/06/08/329dfbdf2a812e8eed98db60f07f006a_f.jpg
7056111,https://recipe1.ezmember.co.kr/cache/recipe/2025/06/13/ad451e16f3b9bbf96382a83d0df9b0c11_f.jpg
7043078,https://recipe1.ezmember.co.kr/cache/recipe/2025/01/21/f9954cc6d59e0c6da8718c2870aa336c1_f.jpg
4810471,https://recipe1.ezmember.co.kr/cache/recipe/2015/04/20/4f1ce4cc7873570585f4209798d098711_f.jpg
6894202,https://recipe1.ezmember.co.kr/cache/recipe/2018/08/15/04ee1fdc30f5491c696842520ea09f581_f.JPG
7071170,https://recipe1.ezmember.co.kr/cache/recipe/2026/02/06/dbd3707b74d3ee641d1e06079d41ad441_f.jpg
6919577,https://recipe1.ezmember.co.kr/cache/recipe/2019/09/22/57d831ea257ac6208e3f8faf3e8cd6301_f.jpg
6911427,https://recipe1.ezmember.co.kr/cache/recipe/2019/05/01/d52926e538e9e1dd2d80b99d959aa5b81_f.jpg
6832042,https://recipe1.ezmember.co.kr/cache/recipe/2015/08/16/90da5504124eb302bc2bef0431794ace1_f.jpg
7047119,https://recipe1.ezmember.co.kr/cache/recipe/2025/03/11/452da24be476bf9f514d7e1be57f3f7b1_f.jpg
6941758,https://recipe1.ezmember.co.kr/cache/recipe/2020/09/14/2027947da24d65bbb10a5972104b76891_f.jpg
6880199,https://recipe1.ezmember.co.kr/cache/recipe/2017/11/28/c6b3194be4842d05b3040463a51055751_f.jpg
6887417,https://recipe1.ezmember.co.kr/cache/recipe/2018/04/17/bd0b4b9a96b2cca6c5068aca19dbc4bb1_f.jpg
6873745,https://recipe1.ezmember.co.kr/cache/recipe/2017/07/29/98904d4f5931be73533e54d44f769e161_f.jpg
6876261,https://recipe1.ezmember.co.kr/cache/recipe/2017/09/11/f09383f69668dd5cdfd17d01696b3a5b1_f.jpg
6900906,https://recipe1.ezmember.co.kr/cache/recipe/2018/11/27/ebb2875c144d05c395012d954d6dee3d1_f.jpg
6992067,https://recipe1.ezmember.co.kr/cache/recipe/2022/11/15/e55ba3fbaecf7d233aa3ffd4026e32871_f.jpg
6906029,https://recipe1.ezmember.co.kr/cache/recipe/2019/02/07/0d4b4705c75463dc74f58683a951f7231_f.jpg
5209955,https://recipe1.ezmember.co.kr/cache/recipe/2015/06/04/44c8b40a102c40e645005d67a6cf18361_f.jpg
6943808,https://recipe1.ezmember.co.kr/cache/recipe/2020/10/10/8e0ac477da05e47fbc1766e5c20ec5b91_f.png
6954297,https://recipe1.ezmember.co.kr/cache/recipe/2021/02/28/22436c7c778500eefb9db616c56d713b1_f.jpg
6815319,https://recipe1.ezmember.co.kr/cache/recipe/2015/06/08/6baf0f9b1f974fc74fbb672da79ab0eb_f.jpg
7036680,https://recipe1.ezmember.co.kr/cache/recipe/2024/10/18/da2e9c0607067be55cd82db0200508871_f.jpg
7019574,https://recipe1.ezmember.co.kr/cache/recipe/2024/02/07/3ead2c24c429225bccfeba0a99cdfb191_f.jpg
6832115,https://recipe1.ezmember.co.kr/cache/recipe/2015/08/17/69c5150f2306a6d0ba910554f8f2b0891_f.jpg
6887488,https://recipe1.ezmember.co.kr/cache/recipe/2018/04/17/88661c05b91781440720bf69d708ba7a1_f.jpg
6953256,https://recipe1.ezmember.co.kr/cache/recipe/2021/02/11/178edfe0803870f6a39bdf543353fb481_f.jpg
6947069,https://recipe1.ezmember.co.kr/cache/recipe/2020/11/24/d1153558bb5fdad117774e46680d0a051_f.jpg
6874928,https://recipe1.ezmember.co.kr/cache/recipe/2017/08/18/53d72b2460b8addd62e256b3a50f75171_f.jpg
6952338,https://recipe1.ezmember.co.kr/cache/recipe/2021/01/29/1a20ed907f3c983fa7eabef43e4556ae1_f.jpg
6897914,https://recipe1.ezmember.co.kr/cache/recipe/2018/10/08/c75abbd2c64719d97b6f0841541cf9d91_f.jpg
7005719,https://recipe1.ezmember.co.kr/cache/recipe/2023/07/09/853c646c2998f96948a34c903dc82deb1_f.jpg
6856285,https://recipe1.ezmember.co.kr/cache/recipe/2016/09/01/46c357afd901e1c22f8126574e3fee431_f.jpg
6977976,https://recipe1.ezmember.co.kr/cache/recipe/2022/04/17/81ffbc18a64bbcd45b8c953bf02493421_f.jpg
6834899,https://recipe1.ezmember.co.kr/cache/recipe/2015/09/18/bd2656a6b7fcfa1faf93ddc749bf57171_f.jpg
6963148,https://recipe1.ezmember.co.kr/cache/recipe/2021/08/11/82512eec427e389be2be39bee329769b1_f.jpg
6958427,https://recipe1.ezmember.co.kr/cache/recipe/2021/05/16/2514c6c9ffb65f28891f5ea58cd7cdb51_f.jpg
4337468,https://recipe1.ezmember.co.kr/cache/recipe/2015/09/02/135db1a459094dbfb016c259787892c71_f.jpg
1830297,https://recipe1.ezmember.co.kr/cache/recipe/2015/08/17/ae34ada165bcd1e2e779b7760f591029_f.jpg
6884580,https://recipe1.ezmember.co.kr/cache/recipe/2018/02/26/5b7d3453efd921356f4d4cb80f0a65121_f.jpg
6887323,https://recipe1.ezmember.co.kr/cache/recipe/2018/04/14/679d936487031f1579bb5599b899bf371_f.jpg
6845683,https://recipe1.ezmember.co.kr/cache/recipe/2016/03/31/bcfffdf9efe04513895f4fe4125e5b2b1_f.jpg
6895904,https://recipe1.ezmember.co.kr/cache/recipe/2018/09/15/d253ce5ab1349425954b3ef31ceb81681_f.jpg
4841288,https://recipe1.ezmember.co.kr/cache/recipe/2015/04/20/5cbc6e53ae96304abee2adea6ef157191_f.jpg
7074043,https://recipe1.ezmember.co.kr/cache/recipe/2026/04/02/bb7e39e48f8f625267728b54b33b01a11_f.jpg
7039703,https://recipe1.ezmember.co.kr/cache/recipe/2024/11/21/7141f9309ce10853f1074d4d8e560c491_f.jpg
6914930,https://recipe1.ezmember.co.kr/cache/recipe/2019/06/29/cc29216f0b1b8ecd530bbfb09ed62dde1_f.jpg
7038236,https://recipe1.ezmember.co.kr/cache/recipe/2024/11/10/cb3e72e15b2c64a8d422baaccb1222a31_f.jpg
6883766,https://recipe1.ezmember.co.kr/cache/recipe/2018/02/08/45ba73990e82b4839cc5c684e4d4f8fb1_f.jpg
6923913,https://recipe1.ezmember.co.kr/cache/recipe/2019/12/22/4f84181c5c0a8cbafea65872e7c198ad1_f.jpg
4172665,https://recipe1.ezmember.co.kr/cache/recipe/2015/04/01/42d67d55f8191a57b11427e0cee041a21_f.jpg
6876399,https://recipe1.ezmember.co.kr/cache/recipe/2017/09/13/11a84f4cbbd50bc4def90d9cd0f11bc31_f.jpg
2978797,https://recipe1.ezmember.co.kr/cache/recipe/2015/06/08/c0cd09da43e9d93c74d121ad856e8cf4_f.jpg
6839149,https://recipe1.ezmember.co.kr/cache/recipe/2015/12/02/e9786834ef5de1dd8b4fcfc196b2c7ec1_f.jpg
6832477,https://recipe1.ezmember.co.kr/cache/recipe/2015/08/21/ec490a0080d80043c70a30d74cfa9e5c1_f.jpg
6993367,https://recipe1.ezmember.co.kr/cache/recipe/2022/12/07/094f54724352727370ff2be4d6dca14e1_f.jpg
6901231,https://recipe1.ezmember.co.kr/cache/recipe/2018/12/03/4b0a06251b97121cdacb5bfcf6cd8a101_f.jpg
6834750,https://recipe1.ezmember.co.kr/cache/recipe/2015/09/22/4643fc21b52a4c615bb2af462948908c1_f.jpg
6943841,https://recipe1.ezmember.co.kr/cache/recipe/2020/10/11/4894f5ddfe0a53b230fb0f6c2ba9951f1_f.jpg
6922522,https://recipe1.ezmember.co.kr/cache/recipe/2019/11/22/8a20ff98defb74d749e32c37438f67d01_f.jpg
6904593,https://recipe1.ezmember.co.kr/cache/recipe/2019/01/17/88a09d0d0483ea66de3d50f5c61b73cf1_f.jpg
6992530,https://recipe1.ezmember.co.kr/cache/recipe/2022/11/23/db10275a5c5a8241ee72be8abf6d87e01_f.jpg
6816034,https://recipe1.ezmember.co.kr/cache/recipe/2015/06/05/efaa6e75c4b5aa463368ca8ad49b087b1_f.jpg
6993406,https://recipe1.ezmember.co.kr/cache/recipe/2022/12/08/bee55782d741a15d576e72693333352d1_f.jpg
6936322,https://recipe1.ezmember.co.kr/cache/recipe/2020/07/11/440b0d4a3add5980b881e7441698482b1_f.jpg
6828945,https://recipe1.ezmember.co.kr/cache/recipe/2015/06/14/752344d72735cf3f4d27d057c301ab2d1_f.jpg
6904065,https://recipe1.ezmember.co.kr/cache/recipe/2019/01/10/5f7445a70b92f0b1bebc4fcbbea68bff1_f.jpg
6904252,https://recipe1.ezmember.co.kr/cache/recipe/2019/01/13/6a00fee27926df333be9d4052cc9527f1_f.jpg
6900903,https://recipe1.ezmember.co.kr/cache/recipe/2018/11/27/a548a0d02661affd2e5b930cf2caba4e1_f.jpg
6864784,https://recipe1.ezmember.co.kr/cache/recipe/2017/02/04/00015b6581bff1b0bea56a84321ed55e1_f.jpg
6916221,https://recipe1.ezmember.co.kr/cache/recipe/2019/07/21/e45076a67dcb3072f587b5d7746a8b431_f.jpg
6930375,https://recipe1.ezmember.co.kr/cache/recipe/2020/04/10/e83c4c73ee3fb6a685cff24c87fb36991_f.jpg
6929054,https://recipe1.ezmember.co.kr/cache/recipe/2020/03/22/e73f41c300bc8417363d8dc50615afa91_f.jpg
6865556,https://recipe1.ezmember.co.kr/cache/recipe/2017/02/20/4d0ab2c291ef0dafc0f5b127630259b21_f.jpg
6925983,https://recipe1.ezmember.co.kr/cache/recipe/2020/01/26/efd8bda16687f97da2cd3da04583d7b31_f.jpg
6862054,https://recipe1.ezmember.co.kr/cache/recipe/2016/12/02/80e2d86ac6cff99b17b88e2607c11db51_f.jpg
6914946,https://recipe1.ezmember.co.kr/cache/recipe/2019/06/29/c2e919b28fb497ca27df717b587d4e151_f.jpg
7069387,https://recipe1.ezmember.co.kr/cache/recipe/2026/01/06/29c7ac54de2e58a194dd1b81ee2bc54d1_f.jpg
6856348,https://recipe1.ezmember.co.kr/cache/recipe/2016/09/01/df44bd1dd8652cde5b22afe260420bbd1_f.jpg
7072356,https://recipe1.ezmember.co.kr/cache/recipe/2026/02/28/d887287b3cfb3dccaaa67dab8d4165c61_f.jpg
6866163,https://recipe1.ezmember.co.kr/cache/recipe/2017/03/02/a4fd1ec2378cf998d811652d8b680d4a1_f.jpg
6877868,https://recipe1.ezmember.co.kr/cache/recipe/2017/10/14/ba7440adaa3e2cc6b9ae3a854dd13a1d1_f.jpg
6882819,https://recipe1.ezmember.co.kr/cache/recipe/2018/01/25/320e63d37a9d8c83b1806639b960c9ba1_f.jpg
6908127,https://recipe1.ezmember.co.kr/cache/recipe/2019/03/11/e10d28136fab489f7c9b65536f9d7c6c1_f.jpg
6907524,https://recipe1.ezmember.co.kr/cache/recipe/2019/03/01/632da91d81e866616a4db5c264e325f01_f.jpg
6913905,https://recipe1.ezmember.co.kr/cache/recipe/2019/06/13/6c89fd5a355e86302d41e6521dddf2f81_f.jpg
6895546,https://recipe1.ezmember.co.kr/cache/recipe/2018/09/10/21032c60354b88b1ca7af8dd1801e4c31_f.jpg
6875953,https://recipe1.ezmember.co.kr/cache/recipe/2017/09/06/167c84cff78f13a9a1daffdf587462131_f.jpg
6874673,https://recipe1.ezmember.co.kr/cache/recipe/2017/08/14/d1a42813334e25f0bac5757010b21ccc1_f.jpg
6955788,https://recipe1.ezmember.co.kr/cache/recipe/2021/03/25/14981c72b1689563392d648ccf5d12971_f.jpg
6877553,https://recipe1.ezmember.co.kr/cache/recipe/2017/10/08/49f234e507897edb95be046ee6c04f381_f.jpg
7012183,https://recipe1.ezmember.co.kr/cache/recipe/2023/10/24/15297dcf963c28ba69ec28b4ec97abc51_f.jpg
6896295,https://recipe1.ezmember.co.kr/cache/recipe/2018/09/20/fb2785710c653e17acfcc523359164741_f.jpg
6961326,https://recipe1.ezmember.co.kr/cache/recipe/2021/07/07/f92a929069fc5bb2384ab25779eb18461_f.jpg
7052919,https://recipe1.ezmember.co.kr/cache/recipe/2025/05/16/58d2530d63129c0878a77d0eb0659b831_f.jpg
6900034,https://recipe1.ezmember.co.kr/cache/recipe/2018/11/13/c98f883b896cf5c7f3d728ff972999671_f.jpg
6892213,https://recipe1.ezmember.co.kr/cache/recipe/2018/07/09/c9430fd4e6bf6e85f51e89d84e40cd081_f.jpg
6832266,https://recipe1.ezmember.co.kr/cache/recipe/2015/08/19/6416112611567ac2aae7ade8f63b264a1_f.jpg
6933999,https://recipe1.ezmember.co.kr/cache/recipe/2020/05/07/1943f60a7b164e00738e3e638bcc2d361_f.jpg
6980870,https://recipe1.ezmember.co.kr/cache/recipe/2022/06/08/cf31a259ee02dd9788c6d9c9b16464a61_f.jpg
6870884,https://recipe1.ezmember.co.kr/cache/recipe/2017/06/07/d50c3c94df99fad0a13d2184f31b8fbf1_f.jpg
6896838,https://recipe1.ezmember.co.kr/cache/recipe/2018/09/30/c32cb4498e8a4f865ac584aaa15a0e9a1_f.jpg
6967652,https://recipe1.ezmember.co.kr/cache/recipe/2021/10/27/7eb81c95127cd0263d6ff635ea0e24e21_f.jpg
6918663,https://recipe1.ezmember.co.kr/cache/recipe/2019/09/04/944c1cf3f660739766d84f1b97c593ec1_f.jpg
3603009,https://recipe1.ezmember.co.kr/cache/recipe/2015/06/08/a538cc5693f6494059e516814e38ef51_f.jpg
6893351,https://recipe1.ezmember.co.kr/cache/recipe/2018/07/30/4f42e52be15ab55226955e94c1caf9181_f.jpg
7068209,https://recipe1.ezmember.co.kr/cache/recipe/2025/12/15/7335667dcf85fac6061259faf4ae82cd1_f.jpg
6974119,https://recipe1.ezmember.co.kr/cache/recipe/2022/02/07/abedc694d942559ddea44eec7d3466561_f.jpg
6834781,https://recipe1.ezmember.co.kr/cache/recipe/2015/09/22/6572be91109727147457fc63cbc9b52d1_f.jpg
2423234,https://recipe1.ezmember.co.kr/cache/recipe/2015/08/05/8b9796d9ef05e092ae78970233ded874_f.jpg
6936079,https://recipe1.ezmember.co.kr/cache/recipe/2020/07/07/ced860ba3d412a460fa1d832fb0ee1d81_f.jpg
7043235,https://recipe1.ezmember.co.kr/cache/recipe/2025/01/23/83e21fa28cd20f3e8a224e865e9dd3211_f.jpg
6950417,https://recipe1.ezmember.co.kr/cache/recipe/2021/01/08/7f114692c02aba77f7080389409b6f091_f.jpg
6971939,https://recipe1.ezmember.co.kr/cache/recipe/2021/12/17/860455543f1e2c43a82bc936dc8946451_f.jpg
7070840,https://recipe1.ezmember.co.kr/cache/recipe/2026/01/31/630d5cbbce94efb1a8699b2e382324a91_f.jpg
6853544,https://recipe1.ezmember.co.kr/cache/recipe/2016/07/27/66bf2a3d100ba4e0f09d05a9cade6a3e1_f.jpg
6845094,https://recipe1.ezmember.co.kr/cache/recipe/2016/03/23/f287bcae9ec79ad91845ad1c7d0d42fc1_f.jpg
6927728,https://recipe1.ezmember.co.kr/cache/recipe/2020/03/04/7f8466d0c4f2e38ca3697f70ddc40c6d1_f.jpg
7056423,https://recipe1.ezmember.co.kr/cache/recipe/2025/06/27/fa8cacbb7e3133a0fd63dcdb0620c9c31_f.jpg
6958367,https://recipe1.ezmember.co.kr/cache/recipe/2021/05/14/be8a0a697c81c87679d1415e07dc4f6b1_f.jpg
6899523,https://recipe1.ezmember.co.kr/cache/recipe/2018/10/27/f942ee5d41940b00195702ae84fc1b741_f.jpg
6861313,https://recipe1.ezmember.co.kr/cache/recipe/2016/11/20/95412cbf3aa8952c0ea96479f1f1d0811_f.jpg
7020523,https://recipe1.ezmember.co.kr/cache/recipe/2024/02/21/d54e51e19efd5af37f5b6469b9ba34c21_f.jpg
6867496,https://recipe1.ezmember.co.kr/cache/recipe/2017/03/27/1deb675a7faa7b5619665daaece5e7a51_f.jpg
6957798,https://recipe1.ezmember.co.kr/cache/recipe/2021/05/04/5b1b4fddc78f1cdced9545b34f9c8a8b1_f.jpg
6979760,https://recipe1.ezmember.co.kr/cache/recipe/2022/05/22/a4553ff2c137dc11a4f9c8ebe7ce20b61_f.jpg
6836295,https://recipe1.ezmember.co.kr/cache/recipe/2015/10/16/8d862a4e2fd746cbb4fc933bda32ebbd1_f.jpg
6838059,https://recipe1.ezmember.co.kr/cache/recipe/2015/11/13/19b7dd6e37acc969a424eb7a42f3a32d1_f.jpg
6972202,https://recipe1.ezmember.co.kr/cache/recipe/2021/09/28/a89b5ea24fdb5c7846cbedbb13113ff41_f.jpg
6978257,https://recipe1.ezmember.co.kr/cache/recipe/2022/04/23/5ef8ec703bb4c4644e564a7ea6bc49cf1_f.jpg
6910953,https://recipe1.ezmember.co.kr/cache/recipe/2019/04/22/247e8096f6a79806ec40ee5d4e9ec3441_f.jpg
6862221,https://recipe1.ezmember.co.kr/cache/recipe/2016/12/06/895ced1b8716aeb7c6a9ba8c48da3b461_f.jpg
6861850,https://recipe1.ezmember.co.kr/cache/recipe/2016/11/29/960bc9290199513224de28480a55370a1_f.jpg
6832397,https://recipe1.ezmember.co.kr/cache/recipe/2015/08/21/0e0f248d7ca23fd17209eea04b95254c1_f.jpg
6943137,https://recipe1.ezmember.co.kr/cache/recipe/2020/09/29/3bbbcf4831f413c41f00c4c553a7d01b1_f.jpg
5141338,https://recipe1.ezmember.co.kr/cache/recipe/2015/04/18/c350124c2fd6d3b2332801ef79cb15551_f.jpg
6922065,https://recipe1.ezmember.co.kr/cache/recipe/2019/11/12/b5c9136f25437e1a2a483694f0b345ce1_f.jpg
6945431,https://recipe1.ezmember.co.kr/cache/recipe/2020/11/01/e2bb762f28334c4cd8d6da0ebcdfc0fd1_f.jpg
7072001,https://recipe1.ezmember.co.kr/cache/recipe/2026/02/23/b56973370956d09fe184a7256fda736a1_f.jpg
6883211,https://recipe1.ezmember.co.kr/cache/recipe/2018/02/01/9ea04d61d5e0f966cff8eed43ce93c711_f.jpg
6877012,https://recipe1.ezmember.co.kr/cache/recipe/2017/09/25/5714e0d3dae4ffd37b29fd51f82816d51_f.jpg
6908552,https://recipe1.ezmember.co.kr/cache/recipe/2019/03/16/4d8827ba179ba95c45c01a07c670554c1_f.jpg
6859669,https://recipe1.ezmember.co.kr/cache/recipe/2016/11/02/55729734f11142efde97e44c8b66c7f31_f.jpg
7018068,https://recipe1.ezmember.co.kr/cache/recipe/2024/01/18/4ad4ef448fa47017e7d9b8e5ab6239411_f.jpg
6931933,https://recipe1.ezmember.co.kr/cache/recipe/2020/05/02/94494abb92b251920e1e63c0cc7fb5741_f.jpg
6875032,https://recipe1.ezmember.co.kr/cache/recipe/2017/08/20/16b80265b6b3583ab1dd14463a5b06cf1_f.jpg
7056737,https://recipe1.ezmember.co.kr/cache/recipe/2025/06/18/edcef43c5ad4596219fbc40d842b07471_f.jpg
6956731,https://recipe1.ezmember.co.kr/cache/recipe/2021/04/12/0b7b6efb4bb27802da157921756fafbb1_f.jpg
6911773,https://recipe1.ezmember.co.kr/cache/recipe/2019/05/08/041b0bb036d80b013ab021d52db432a21_f.jpg
6857728,https://recipe1.ezmember.co.kr/cache/recipe/2016/09/30/d7e5898dbb5ce703ea8d42613650abed1_f.jpg
6880565,https://recipe1.ezmember.co.kr/cache/recipe/2017/12/06/866f84f952c3ebc2418a055b57ce84a11_f.jpg
6945246,https://recipe1.ezmember.co.kr/cache/recipe/2020/10/29/7175c39c168282d6fae2c7990b2cd9bd1_f.jpg
6890206,https://recipe1.ezmember.co.kr/cache/recipe/2018/06/04/b9ae47ff74ebfb14cd048c5f847dc66c1_f.jpg
6948544,https://recipe1.ezmember.co.kr/cache/recipe/2020/12/16/c48f6209dd1b6fc5a1f0998eb466ed6d1_f.jpg
6983355,https://recipe1.ezmember.co.kr/cache/recipe/2022/07/12/7cf9d921d73772a69e5f08d5afb755e51_f.jpg
6899244,https://recipe1.ezmember.co.kr/cache/recipe/2018/11/02/ab6a57145d1d1e793db38ff3601be7261_f.jpg
6873354,https://recipe1.ezmember.co.kr/cache/recipe/2017/07/25/a57735c23f3813e6b881739a545a97df1_f.jpg
6873467,https://recipe1.ezmember.co.kr/cache/recipe/2017/07/26/4e963595d28276cd5171b09ba2e017341_f.jpg
6828693,https://recipe1.ezmember.co.kr/cache/recipe/2015/06/12/80fd1591f4b7104a07dbf4ee096e3f01_f.jpg
6899904,https://recipe1.ezmember.co.kr/cache/recipe/2018/11/11/175e6d0fa759abb287fa9132933edf6e1_f.jpg
6902819,https://recipe1.ezmember.co.kr/cache/recipe/2018/12/25/677d25e3a9eb6bb1c58efa4eff6934a21_f.jpg
6832183,https://recipe1.ezmember.co.kr/cache/recipe/2015/08/18/76f9a4caebbaca78d23b35fb6eb3640d1_f.jpg
7063120,https://recipe1.ezmember.co.kr/cache/recipe/2025/09/23/51bf9ee002d6b7bda48bc188d295d2601_f.jpg
6835531,https://recipe1.ezmember.co.kr/cache/recipe/2015/10/04/6862a743ecf487aa7be38316b053d4ff1_f.jpg
6832311,https://recipe1.ezmember.co.kr/cache/recipe/2015/08/19/40ed7243cb917c1dd9f76ac8f77032301_f.jpg
6975695,https://recipe1.ezmember.co.kr/cache/recipe/2022/03/08/0dab8b743e0b79c80651a707a52b12c71_f.jpg
6908200,https://recipe1.ezmember.co.kr/cache/recipe/2019/03/12/b0a4d9db739f43293f68d8b352ced55b1_f.jpg
4518137,https://recipe1.ezmember.co.kr/cache/recipe/2015/06/08/200798e75c5a425a4828f4a1c25ce72c_f.jpg
6890088,https://recipe1.ezmember.co.kr/cache/recipe/2018/06/02/8f9e78b1483beb6d7699970b611e64cd1_f.jpg
6914768,https://recipe1.ezmember.co.kr/cache/recipe/2019/06/26/42b28d2840135beb46c45daf5581f2911_f.jpg
7032442,https://recipe1.ezmember.co.kr/cache/recipe/2024/08/13/05d105d3bfc70a257b32dd0a44b0a24c1_f.jpg
6906042,https://recipe1.ezmember.co.kr/cache/recipe/2019/02/07/d8d369cbc07c4648af6268384369c1211_f.jpg
6970869,https://recipe1.ezmember.co.kr/cache/recipe/2021/12/13/222b1c39d65388235a64874f0d0189d81_f.jpg
7060990,https://recipe1.ezmember.co.kr/cache/recipe/2025/08/23/40af4c65d81fd910d7e0d1f1caeb3bdd1_f.jpg
6900492,https://recipe1.ezmember.co.kr/cache/recipe/2018/11/21/c96b20214b0d568ad396f705a03b99241_f.jpg
6846235,https://recipe1.ezmember.co.kr/cache/recipe/2016/04/10/ba9416f2210ae76a05aadcc2d2d372781_f.jpg
6930576,https://recipe1.ezmember.co.kr/cache/recipe/2020/04/13/003e391412416c93f722a95cab229b7d1_f.jpg
6854990,https://recipe1.ezmember.co.kr/cache/recipe/2016/08/20/47816834879d6c2fe25d590b083f16ba1_f.jpg
6870904,https://recipe1.ezmember.co.kr/cache/recipe/2017/05/30/ae8b5cc2bc956aa32913724a6fca23b71_f.jpg
6903395,https://recipe1.ezmember.co.kr/cache/recipe/2019/01/03/d3d6db0fb2301f947cd770e0057109f81_f.jpg
6882835,https://recipe1.ezmember.co.kr/cache/recipe/2018/01/25/05e4c34b03f908e30449bb32f10e15841_f.jpg
6920175,https://recipe1.ezmember.co.kr/cache/recipe/2019/10/05/204d6a88095981b1212683b7819aee841_f.jpg
6924583,https://recipe1.ezmember.co.kr/cache/recipe/2020/01/06/783694da05abbb42592d8f0624a1cbe31_f.jpg
6835957,https://recipe1.ezmember.co.kr/cache/recipe/2015/10/11/62abc44d68b6e99914f083cbeb4ff7b61_f.jpg
6854579,https://recipe1.ezmember.co.kr/cache/recipe/2016/08/10/35f4c1ec16f850f4f15733ef778dca421_f.jpg
6936391,https://recipe1.ezmember.co.kr/cache/recipe/2020/07/12/b05efc7ebb17cec7293378cc53671c2d1_f.jpg
6830876,https://recipe1.ezmember.co.kr/cache/recipe/2015/07/31/7671575d2c6b0c0c53747d2fce484d941_f.jpg
6888710,https://recipe1.ezmember.co.kr/cache/recipe/2018/05/11/3746422332c117da5a2fb22cd644295a1_f.jpg
7030323,https://recipe1.ezmember.co.kr/cache/recipe/2024/07/13/b27477e8e3cf9ed725d179eb22a0656f1_f.jpg
7074750,https://recipe1.ezmember.co.kr/cache/recipe/2026/04/15/2eabd32bec1ba4c4d13e66000001ec441_f.jpg
6850500,https://recipe1.ezmember.co.kr/cache/recipe/2016/06/05/dbaea0e7d63620706871aaaef7f18b2c1_f.jpg
6899878,https://recipe1.ezmember.co.kr/cache/recipe/2018/11/10/29ce4cc0a1e7bd030ab14a69d53910a51_f.jpg
6830096,https://recipe1.ezmember.co.kr/cache/recipe/2015/07/13/0215675c377e500bbca16020680a258d1_f.jpg
6932421,https://recipe1.ezmember.co.kr/cache/recipe/2020/05/10/e700dfdc36871a8e01bea4de06c587001_f.jpg
6911347,https://recipe1.ezmember.co.kr/cache/recipe/2019/04/29/e6fdcd52aa170ec03a38f397a18b3ac21_f.jpg
6863904,https://recipe1.ezmember.co.kr/cache/recipe/2016/12/28/c494b7a8653f8f177c85df5eb2962c971_f.jpg
7015114,https://recipe1.ezmember.co.kr/cache/recipe/2023/12/05/b934df49301bd8614317f4b211ac97d01_f.jpg
4342351,https://recipe1.ezmember.co.kr/cache/recipe/2015/04/21/84b0cb48ff01201d398c50a66a0d30571_f.jpg
6885413,https://recipe1.ezmember.co.kr/cache/recipe/2018/03/13/392a46cfa30468bd72a5b3910b60c8ed1_f.jpg
7016203,https://recipe1.ezmember.co.kr/cache/recipe/2023/12/20/ab4a401f9a2f8253dcd978bc934a452d1_f.jpg
6944832,https://recipe1.ezmember.co.kr/cache/recipe/2020/10/23/aaf7f37a997ed89f895b308e41f229e51_f.jpg
6865580,https://recipe1.ezmember.co.kr/cache/recipe/2017/02/20/3d233b12ea4d7e15e2947c9a79c149ad1_f.jpg
6891836,https://recipe1.ezmember.co.kr/cache/recipe/2018/07/02/095974320eb217cf56b14fcca3702d651_f.jpg
6869229,https://recipe1.ezmember.co.kr/cache/recipe/2017/05/02/75865e97323c72faea8b8cef320e92f01_f.jpg
6885127,https://recipe1.ezmember.co.kr/cache/recipe/2018/03/08/acacb3f9d000374bb58a9e97b6f1e5371_f.jpg
6871728,https://recipe1.ezmember.co.kr/cache/recipe/2017/06/24/42626766fd7561bf8db3e64d91b2ce691_f.jpg
6967957,https://recipe1.ezmember.co.kr/cache/recipe/2021/11/02/504f11196eb7e98b5794156b27ec1e1e1_f.jpg
6873761,https://recipe1.ezmember.co.kr/cache/recipe/2017/07/30/d745f03507cc6b1ad5527aa7f010c7da1_f.jpg
6950133,https://recipe1.ezmember.co.kr/cache/recipe/2021/01/05/dfca94fd9be605ffc9f181ea00b0910d1_f.jpg
6913292,https://recipe1.ezmember.co.kr/cache/recipe/2019/06/04/69360f64cb016e295dc359d6676138411_f.jpg
6901527,https://recipe1.ezmember.co.kr/cache/recipe/2018/12/08/a40b26655a1d714ddd3410b64b9ab8321_f.jpg
6896928,https://recipe1.ezmember.co.kr/cache/recipe/2018/10/02/8beb04f53439e8f75a2c2d49bed62b6c1_f.jpg
7058020,https://recipe1.ezmember.co.kr/cache/recipe/2025/07/02/7d15e617d846aa359d263cc758a517511_f.jpg
7002570,https://recipe1.ezmember.co.kr/cache/recipe/2023/05/19/726e701f370f393751015fb7e29985e31_f.jpg
6868732,https://recipe1.ezmember.co.kr/cache/recipe/2017/04/20/aae2ee631150fe502dbfe308df41b63c1_f.jpg
6933281,https://recipe1.ezmember.co.kr/cache/recipe/2020/05/25/b8775b20f1f80135b23fc4207af92e871_f.jpg
6938309,https://recipe1.ezmember.co.kr/cache/recipe/2020/08/03/f828639c8465ca2b33e0aae2feeb62b61_f.jpg
6846898,https://recipe1.ezmember.co.kr/cache/recipe/2016/04/21/0ef36dfb9507e9aa590b25ac40a5936b1_f.jpg
6920708,https://recipe1.ezmember.co.kr/cache/recipe/2019/10/16/e48c8dab88de394fa4daa5d6b4e4e51b1_f.jpg
7017780,https://recipe1.ezmember.co.kr/cache/recipe/2024/01/15/c10f711bd27415c7d02de7133b4848861_f.jpg
6990373,https://recipe1.ezmember.co.kr/cache/recipe/2022/10/25/000698fc11bd7856631f4a201506e1bf1_f.jpg
7011977,https://recipe1.ezmember.co.kr/cache/recipe/2023/10/21/22dc08b357a820c40db0216760ccfdb21_f.jpg
6939617,https://recipe1.ezmember.co.kr/cache/recipe/2020/08/18/a3a874e2279c8981089985ef3a9723bc1_f.jpg
6882748,https://recipe1.ezmember.co.kr/cache/recipe/2018/01/24/cf24eac4c27a0758afbc720dc868a4821_f.jpg
6904580,https://recipe1.ezmember.co.kr/cache/recipe/2019/01/17/88d0658dc10a6ece1e8bccd0922e64e81_f.jpg
6956309,https://recipe1.ezmember.co.kr/cache/recipe/2021/05/17/7d26174cda8a74456d1311c84100a88e1_f.jpg
6923812,https://recipe1.ezmember.co.kr/cache/recipe/2019/12/20/b544c3112a820471f868fa4e726236961_f.jpg
6869358,https://recipe1.ezmember.co.kr/cache/recipe/2017/05/06/ab470891e8e794af68b71227ec41dfec1_f.jpg
4462082,https://recipe1.ezmember.co.kr/cache/recipe/2015/04/21/e940cc90ebc5f71115fabdd3ecb1fb801_f.jpg
6911848,https://recipe1.ezmember.co.kr/cache/recipe/2019/05/09/228b51989b19abbbe697bf3f2f66d7df1_f.jpg
6941676,https://recipe1.ezmember.co.kr/cache/recipe/2020/09/12/ee56ff23fe1f05907c8f0f7e938c07eb1_f.jpg
6882686,https://recipe1.ezmember.co.kr/cache/recipe/2018/01/22/f35ed250cfd0246af5970586c1d36ac91_f.jpg
6830981,https://recipe1.ezmember.co.kr/cache/recipe/2015/08/03/2e346f591c937ed232058e9f401f784a1_f.jpg
7060887,https://recipe1.ezmember.co.kr/cache/recipe/2025/08/15/cd297a630cde3d3a5a44aa7e8822ebd61_f.jpg
6883287,https://recipe1.ezmember.co.kr/cache/recipe/2018/02/02/a2eb5849b793ad9171291dda661bb0741_f.jpg
6891706,https://recipe1.ezmember.co.kr/cache/recipe/2018/06/29/a071a806babf26f4d7319acdb026b1c11_f.JPG
6794007,https://recipe1.ezmember.co.kr/cache/recipe/2015/05/26/860e819db430f94e6af862ad12a56a3f1_f.jpg
6857469,https://recipe1.ezmember.co.kr/cache/recipe/2016/09/26/d37936fc443dde99860722c85cb8431b1_f.jpg
6906392,https://recipe1.ezmember.co.kr/cache/recipe/2019/02/12/16fefc812e058156b36052abe6ab262b1_f.jpg
6842537,https://recipe1.ezmember.co.kr/cache/recipe/2018/07/18/9081cd92131b3e7539b62d2bae2d907f1_f.jpg
6936745,https://recipe1.ezmember.co.kr/cache/recipe/2020/07/15/3c160470c7f5e596633df0b82157cbc71_f.jpg
6997615,https://recipe1.ezmember.co.kr/cache/recipe/2023/02/24/78a84b8ac83f5e6fa13a1c884788a2e81_f.jpg
6869380,https://recipe1.ezmember.co.kr/cache/recipe/2017/05/06/813cc618df5095b4a80b5f2407eb2af01_f.jpg
7051147,https://recipe1.ezmember.co.kr/cache/recipe/2025/04/24/2cc0764f819009be01f3b424a3a344401_f.jpg
1883916,https://recipe1.ezmember.co.kr/cache/recipe/2015/08/19/abf7629aa0b67a3b6908786d8ab68e71_f.jpg
6881481,https://recipe1.ezmember.co.kr/cache/recipe/2017/12/28/49cb475d65d7327230d46459504e152a1_f.jpg
6967354,https://recipe1.ezmember.co.kr/cache/recipe/2021/10/22/71e10da1a982d5bfc725e7d5ee80176f1_f.jpg
6979871,https://recipe1.ezmember.co.kr/cache/recipe/2022/05/23/4f900e0d819d8d33c52c96ed7e06ad871_f.jpg
5935142,https://recipe1.ezmember.co.kr/cache/recipe/2015/06/01/247755453ef4cb553f46cc34048638901_f.jpg
6879633,https://recipe1.ezmember.co.kr/cache/recipe/2017/11/15/b9c941e38993eded2936357fdf0912151_f.jpg
6897529,https://recipe1.ezmember.co.kr/cache/recipe/2018/10/10/82463e09fbd950e8315853bc055f9c8f1_f.jpg
6846072,https://recipe1.ezmember.co.kr/cache/recipe/2016/04/16/7bff76a861cc72aea1577c36de2cce9e1_f.jpg
6909684,https://recipe1.ezmember.co.kr/cache/recipe/2019/04/02/a0f383093eb2669c2b86455aecc44c531_f.jpg
6947938,https://recipe1.ezmember.co.kr/cache/recipe/2020/12/09/3c68a35fab5355f8f393380887cc9c901_f.jpg
6871432,https://recipe1.ezmember.co.kr/cache/recipe/2017/06/18/7416fb58ce8812b0feada16d60291c5a1_f.jpg
6918082,https://recipe1.ezmember.co.kr/cache/recipe/2019/09/07/8e9aa09172b6c82151c764dffa2291661_f.jpg
6972985,https://recipe1.ezmember.co.kr/cache/recipe/2022/01/18/2603007f429596cd918736dc0aa36f4b1_f.jpg
6982676,https://recipe1.ezmember.co.kr/cache/recipe/2022/07/01/12acb269f6c0ce3fcade6e4a2be6112d1_f.jpg
6836813,https://recipe1.ezmember.co.kr/cache/recipe/2015/10/24/a20c63a055ea7b110b411f29ec8a5b581_f.jpg
6913915,https://recipe1.ezmember.co.kr/cache/recipe/2019/06/13/74b71d96fea1708ed20c85cc047129fb1_f.jpg
6849952,https://recipe1.ezmember.co.kr/cache/recipe/2016/06/12/7714b53bcb4c97151e8a42ae7f70e4961_f.jpg
6869202,https://recipe1.ezmember.co.kr/cache/recipe/2017/05/02/7b920fa871ccd0e580b08707b8a83eb91_f.jpg
6884045,https://recipe1.ezmember.co.kr/cache/recipe/2018/02/15/e91b4df977cbdbaddf498b721317236e1_f.jpg
2019368,https://recipe1.ezmember.co.kr/cache/recipe/2015/06/08/c641f9bf6a86cd75eb0cd288627f1ea2_f.jpg
6900181,https://recipe1.ezmember.co.kr/cache/recipe/2018/11/15/ee01e4e82549a996a102ab8b3717ebdb1_f.jpg
6829758,https://recipe1.ezmember.co.kr/cache/recipe/2015/07/03/545e90824ef631022efcd7bc5699b80a1_f.jpg
6946945,https://recipe1.ezmember.co.kr/cache/recipe/2020/11/24/2fa941c2442879fd2da7298015e62c041_f.jpg
7060168,https://recipe1.ezmember.co.kr/cache/recipe/2025/08/11/28976c3c9f18779ab1cdb4936a792cb21_f.jpg
6889899,https://recipe1.ezmember.co.kr/cache/recipe/2018/05/30/020a5f225a6039b9a78a55f976b6d75d1_f.jpg
6892304,https://recipe1.ezmember.co.kr/cache/recipe/2018/07/10/4cd2dab428837b3777b74dea4fcc4c8b1_f.jpg
5792579,https://recipe1.ezmember.co.kr/cache/recipe/2015/04/10/83d0a3e6d3708d4057c25d09964072f01_f.jpg
6945524,https://recipe1.ezmember.co.kr/cache/recipe/2020/11/03/326b64149c17d416b788300a128473e61_f.jpg
7027953,https://recipe1.ezmember.co.kr/cache/recipe/2024/06/08/9137c65a6b2eeba275889397a30938401_f.jpg
6986461,https://recipe1.ezmember.co.kr/cache/recipe/2022/08/29/ba07c9895951afc33f6ad41efef2905d1_f.jpg
6928999,https://recipe1.ezmember.co.kr/cache/recipe/2020/03/21/6e643870ca9c58ee0935628290f7025e1_f.jpg
6877447,https://recipe1.ezmember.co.kr/cache/recipe/2017/09/25/0242520589cd71f57e5b8dc405a83f2c1_f.jpg
6853132,https://recipe1.ezmember.co.kr/cache/recipe/2016/07/20/18456ed15a4101039249d31b930356f11_f.jpg
6921151,https://recipe1.ezmember.co.kr/cache/recipe/2019/10/24/126dca48ea4346e6bc65d21599a7cd351_f.jpg
5935145,https://recipe1.ezmember.co.kr/cache/recipe/2015/06/01/27487eecd23cdc87159138a2c3c3e2fb1_f.jpg
7061045,https://recipe1.ezmember.co.kr/cache/recipe/2025/08/24/ea6d0b7805dddfc3770825ba3524253c1_f.jpg
6952694,https://recipe1.ezmember.co.kr/cache/recipe/2021/02/03/480c2d38cde3dd570fcd84accd214e701_f.jpg
1961239,https://recipe1.ezmember.co.kr/cache/recipe/2015/06/05/74032001f67698e281027e304f442056_f.jpg
6954209,https://recipe1.ezmember.co.kr/cache/recipe/2021/02/26/461797efff2128f60083122be61445a01_f.jpg
6901029,https://recipe1.ezmember.co.kr/cache/recipe/2018/11/29/b1ee25012c9989a9e7cd06e847140f8b1_f.jpg
6833627,https://recipe1.ezmember.co.kr/cache/recipe/2015/09/05/b44a62c0e1e3e73ad7431dfc9aeb1e561_f.jpg
6847204,https://recipe1.ezmember.co.kr/cache/recipe/2016/04/25/cc7ac738f9cf66b1f80da8026d0dba5c1_f.jpg
6873385,https://recipe1.ezmember.co.kr/cache/recipe/2017/07/25/ee1a7eca23b6da73f7349f9cb680507d1_f.jpg
6882011,https://recipe1.ezmember.co.kr/cache/recipe/2018/01/09/ed9179c8ca1fb4241c0febd15bc5ec331_f.jpg
6911496,https://recipe1.ezmember.co.kr/cache/recipe/2019/05/02/c9dd05e914ed1a8a4ae0ab519b625d001_f.jpg
6836309,https://recipe1.ezmember.co.kr/cache/recipe/2015/10/16/044ee2fd20c3d61539fc1ea51473f66b1_f.jpg
6850847,https://recipe1.ezmember.co.kr/cache/recipe/2016/06/13/d7686a76b0bd402ee29d8eed56b9d0b01_f.jpg
6968513,https://recipe1.ezmember.co.kr/cache/recipe/2021/11/09/c5c35c61c270a33dc2cea9310b731cf31_f.jpg
6865422,https://recipe1.ezmember.co.kr/cache/recipe/2017/02/17/5ca9eb2253057dafb253527c08de8d551_f.jpg
6932225,https://recipe1.ezmember.co.kr/cache/recipe/2020/05/07/d4ab959cd9ab2d34446452f0f74551161_f.jpg
6549749,https://recipe1.ezmember.co.kr/cache/recipe/2015/04/04/5c562656a0fda13de569cd55b578d44e1_f.jpg
6857998,https://recipe1.ezmember.co.kr/cache/recipe/2016/10/06/32ed7a0351e4dc002aa3bbcaedcfff6e1_f.jpg
6908500,https://recipe1.ezmember.co.kr/cache/recipe/2019/03/14/821a67f4fbc151becb549344509352791_f.jpg
6945894,https://recipe1.ezmember.co.kr/cache/recipe/2020/11/09/34867ddba9551164f09cd74b0f3c1cc11_f.jpg
6919935,https://recipe1.ezmember.co.kr/cache/recipe/2019/10/01/af36d35742ecf3f19a17e51b5f30cd601_f.jpg
4549271,https://recipe1.ezmember.co.kr/cache/recipe/2015/06/08/090659abafdcc7e75ca2104198ed78f6_f.jpg
6923908,https://recipe1.ezmember.co.kr/cache/recipe/2019/12/22/2f5776b987b9ebd49b409032eca7b7b41_f.jpg
3754375,https://recipe1.ezmember.co.kr/cache/recipe/2015/06/24/6fca117c0ac4d7b36d8f820ef89af66b_f.jpg
4256174,https://recipe1.ezmember.co.kr/cache/recipe/2015/05/28/b009b210381b68c6220ff8590ad2609d1_f.jpg
4134696,https://recipe1.ezmember.co.kr/cache/recipe/2015/06/22/782fd4ad295beb35ad7da5896e41081d_f.jpg
3744959,https://recipe1.ezmember.co.kr/cache/recipe/2015/06/23/9f2e6afdab7f0606692353f7306c7766_f.jpg
4081689,https://recipe1.ezmember.co.kr/cache/recipe/2015/04/14/a32a317b3b5fca4ce23228dc5943f8851_f.jpg
6907329,https://recipe1.ezmember.co.kr/cache/recipe/2019/02/25/207d3e63843be680e9bf9ecf9daa25911_f.jpg
7036177,https://recipe1.ezmember.co.kr/cache/recipe/2024/10/10/79f326ccf39297a801f15f916e126dcb1_f.jpg
6831869,https://recipe1.ezmember.co.kr/cache/recipe/2015/08/15/e411a0f5f06ef6a50d6dadd8e54d6dee1_f.jpg
6830914,https://recipe1.ezmember.co.kr/cache/recipe/2015/07/30/9f065ba23f5349133910851dc4b543761_f.png
6918174,https://recipe1.ezmember.co.kr/cache/recipe/2019/08/25/f26648fbfe86be11c0e74307c8d5ff2a1_f.jpg
6907380,https://recipe1.ezmember.co.kr/cache/recipe/2019/02/27/c5d19676775ef648450603cbdf5483281_f.jpg
6855401,https://recipe1.ezmember.co.kr/cache/recipe/2016/08/26/7a75161ee41e0699d42a617e54cb7a8e1_f.jpg
6859582,https://recipe1.ezmember.co.kr/cache/recipe/2016/10/31/d0cb5486ff4e76cbd1d5d9ec7c582a361_f.jpg
6959014,https://recipe1.ezmember.co.kr/cache/recipe/2021/05/25/43e89c964c0659759aafeb4c491f51c31_f.jpg
6678847,https://recipe1.ezmember.co.kr/cache/recipe/2015/04/04/e91ad37ad000a4a2f798bca02992570b1_f.jpg
6886655,https://recipe1.ezmember.co.kr/cache/recipe/2018/04/03/2a97bf50b6d0c90e9eccb7ac3e5f702a1_f.jpg
6911764,https://recipe1.ezmember.co.kr/cache/recipe/2019/05/07/37802510ab73adc0583ea297507034861_f.jpg
7001483,https://recipe1.ezmember.co.kr/cache/recipe/2023/05/01/a8180271ead4fc28c7f445fb08791bfb1_f.jpg
6952665,https://recipe1.ezmember.co.kr/cache/recipe/2021/02/03/ff7473e2a0e45068850343ab0011b2ba1_f.jpg
6857794,https://recipe1.ezmember.co.kr/cache/recipe/2016/10/03/89dad53f6cd27d01c999dc3bffd350c61_f.jpg
6950411,https://recipe1.ezmember.co.kr/cache/recipe/2021/01/08/1d5ab0bd642a2797813c8666f469cf8e1_f.jpg
6838771,https://recipe1.ezmember.co.kr/cache/recipe/2015/11/30/b321157a607ee555fa0f4258d51b108e1_f.jpg
6948929,https://recipe1.ezmember.co.kr/cache/recipe/2020/12/21/e45d4a1c37becb204678e0fa789a30451_f.jpg
6879224,https://recipe1.ezmember.co.kr/cache/recipe/2017/11/07/d1c23316bee185f09238ec02f3bdf9141_f.jpg
6834449,https://recipe1.ezmember.co.kr/cache/recipe/2015/09/16/ccd6d43d4db7ab72eea2d85178ce6fa41_f.jpg
6844546,https://recipe1.ezmember.co.kr/cache/recipe/2016/03/12/8e6c8815d257107ce187274fa7b903e31_f.jpg
6929546,https://recipe1.ezmember.co.kr/cache/recipe/2020/03/30/095fd7639d8609029bca9b387efb0a691_f.jpg
6897624,https://recipe1.ezmember.co.kr/cache/recipe/2018/10/11/8e908b3603ecd03366fcf03d1b77a8871_f.jpg
6801269,https://recipe1.ezmember.co.kr/cache/recipe/2015/05/29/4114159ddeac2f7174d1fa57750647471_f.jpg
6832702,https://recipe1.ezmember.co.kr/cache/recipe/2015/08/24/2dfef6de41af2f01b7b81e72e492700a1_f.jpg
6904860,https://recipe1.ezmember.co.kr/cache/recipe/2019/01/15/4825fd8e06f8f632fdad2f0b31a76fa01_f.jpg
6887625,https://recipe1.ezmember.co.kr/cache/recipe/2021/10/28/6b494e7f8bc9aa6e9856a1a2c406ed6c1_f.jpg
6969027,https://recipe1.ezmember.co.kr/cache/recipe/2021/11/15/f0556442fa9f3838b7eceb56b23f5c341_f.jpg
7069992,https://recipe1.ezmember.co.kr/cache/recipe/2026/01/16/a56ceb7e97ad79b2ef76ffc30db32fa01_f.jpg
6841170,https://recipe1.ezmember.co.kr/cache/recipe/2016/01/06/dbd2a14d56282faa05c26a50fc1452451_f.jpg
4756898,https://recipe1.ezmember.co.kr/cache/recipe/2015/04/20/6ec973334c0268da86bf420bb2ca2b541_f.jpg
6853859,https://recipe1.ezmember.co.kr/cache/recipe/2016/08/01/ecb2f89da74d17057c17982f1ca8057c1_f.jpg
6900474,https://recipe1.ezmember.co.kr/cache/recipe/2018/11/20/7017f0c6a48373572cd6160ff5cd8d7d1_f.jpg
7005241,https://recipe1.ezmember.co.kr/cache/recipe/2023/06/29/1eb537943876b018914b7958f1cb24ae1_f.jpg
6844913,https://recipe1.ezmember.co.kr/cache/recipe/2016/03/18/733b0205b8d834a495a69ad679568ec31_f.jpg
6831620,https://recipe1.ezmember.co.kr/cache/recipe/2015/08/12/4386d887e161f216565a4e3eab4fdafb1_f.jpg
6833426,https://recipe1.ezmember.co.kr/cache/recipe/2015/09/04/21fc25efaa41f9757f3d5fb58b74730b1_f.jpg
6916036,https://recipe1.ezmember.co.kr/cache/recipe/2019/07/18/123f48eaa90d4dbc48f2dd820700136e1_f.jpg
7022245,https://recipe1.ezmember.co.kr/cache/recipe/2024/03/15/ffe3ce0e7e226e0ad6461cd0d10307ea1_f.jpg
6880728,https://recipe1.ezmember.co.kr/cache/recipe/2017/12/09/9b402f50e91106ba9192bfd6e6d17a971_f.jpg
6868320,https://recipe1.ezmember.co.kr/cache/recipe/2017/04/12/7f4a3c1ddffb76af660be56ad6e06d751_f.jpg
7069691,https://recipe1.ezmember.co.kr/cache/recipe/2026/01/11/02fdfafea11ea3cc4d6ab5c088f91e761_f.jpg
6911611,https://recipe1.ezmember.co.kr/cache/recipe/2019/05/05/ed2deddc2eae13740c5e19fedb5656c71_f.jpg
6864717,https://recipe1.ezmember.co.kr/cache/recipe/2017/02/03/81775652c932d23f9e0cae0abca791611_f.jpg
6832485,https://recipe1.ezmember.co.kr/cache/recipe/2015/08/24/c26585673c2a8853232a4e9ee1e5d2871_f.jpg
6841940,https://recipe1.ezmember.co.kr/cache/recipe/2016/01/21/7851f230b4e1900b5f853629f310fbc91_f.jpg
6872367,https://recipe1.ezmember.co.kr/cache/recipe/2017/07/07/b31af31caa3ce9f1ebb4c5af69591c591_f.jpg
6879637,https://recipe1.ezmember.co.kr/cache/recipe/2017/11/16/5c0c390172ccd2a3c641e2664b4abb971_f.jpg
6910212,https://recipe1.ezmember.co.kr/cache/recipe/2019/04/10/fd5dc6df1f09b326e3227d16ca06c7dc1_f.jpg
6915421,https://recipe1.ezmember.co.kr/cache/recipe/2019/07/07/ea23896425e1cb2168196991209e05911_f.jpg
6879905,https://recipe1.ezmember.co.kr/cache/recipe/2017/11/21/c5624618babab43da516f1241537f8951_f.jpg
6831288,https://recipe1.ezmember.co.kr/cache/recipe/2015/08/06/9e598233524ddcb5d5480b85317b3cd91_f.png
6898273,https://recipe1.ezmember.co.kr/cache/recipe/2018/10/20/5580f78e29f5d23df68bdb1ef4b68d4d1_f.jpg
6845874,https://recipe1.ezmember.co.kr/cache/recipe/2016/04/04/f1d0205450a25caf76bbcbaeff78cb5a1_f.jpg
6913209,https://recipe1.ezmember.co.kr/cache/recipe/2019/06/03/3c73a2b1b67aa6320a9ff8930593a3cb1_f.jpg
6825168,https://recipe1.ezmember.co.kr/cache/recipe/2015/06/09/9892279bf7a63177a360637e6ae4fc141_f.jpg
6939648,https://recipe1.ezmember.co.kr/cache/recipe/2020/08/20/b2aba5a23881af6cad85ee907a2284ae1_f.jpg
6873172,https://recipe1.ezmember.co.kr/cache/recipe/2017/07/21/759438ad883e63f990da9ae2fb1c0e191_f.jpg
6970122,https://recipe1.ezmember.co.kr/cache/recipe/2021/12/03/df3c7c2785745efa710cbcce215447811_f.jpg
7050403,https://recipe1.ezmember.co.kr/cache/recipe/2025/04/16/5fcfcbd0a55801e2c7e3ad7d24f128921_f.jpg
6999055,https://recipe1.ezmember.co.kr/cache/recipe/2023/03/16/173fac3ee71f9fc1d813e0df81ebdb611_f.jpg
6981795,https://recipe1.ezmember.co.kr/cache/recipe/2022/06/20/9c9ef43106254de7dfbcb0023f00d9731_f.jpg
6907223,https://recipe1.ezmember.co.kr/cache/recipe/2019/02/24/72f88b909d43f71ef51a40ac003944dc1_f.JPG
6894752,https://recipe1.ezmember.co.kr/cache/recipe/2018/08/25/2cd39150ac655b108701b14f5e91fbca1_f.jpg
6941516,https://recipe1.ezmember.co.kr/cache/recipe/2020/09/11/fd8fffc5116d0ed12ea8fc55bd752e771_f.jpg
6882735,https://recipe1.ezmember.co.kr/cache/recipe/2018/01/23/a5c3289fe37a0ff3ed97ffbb0ccbb9211_f.jpg
6868125,https://recipe1.ezmember.co.kr/cache/recipe/2017/04/08/a77674e44ae821b43ab4849ef374a8f21_f.jpg
6839268,https://recipe1.ezmember.co.kr/cache/recipe/2015/12/06/78e010db7eac7f3e3ea1fb89ef19e9991_f.jpg
6911749,https://recipe1.ezmember.co.kr/cache/recipe/2019/05/07/15c3a4fb975bf8d770bdfefa95063e4c1_f.jpg
6898783,https://recipe1.ezmember.co.kr/cache/recipe/2018/10/26/59d68aa7277715b615ca8c17fa62d36d1_f.jpg
6941584,https://recipe1.ezmember.co.kr/cache/recipe/2020/09/11/20fae4e46200928bd9f6152ff47f4a0a1_f.jpg
6897202,https://recipe1.ezmember.co.kr/cache/recipe/2018/10/05/945a12ceeeb6b0c28507bd484c9b87191_f.jpg
7062829,https://recipe1.ezmember.co.kr/cache/recipe/2025/09/13/729b5f8e4203f6416b0257682e23c1871_f.jpg
6856492,https://recipe1.ezmember.co.kr/cache/recipe/2016/09/05/33e0dcc031bc4b5246fa67c2f84633021_f.jpg
6900713,https://recipe1.ezmember.co.kr/cache/recipe/2018/11/23/6e1c2e02437bcd0cb8d3adc16ece067a1_f.jpg
6876705,https://recipe1.ezmember.co.kr/cache/recipe/2017/09/19/3f6d45ca860529a9683e5ad1a73ea3031_f.jpg
6947145,https://recipe1.ezmember.co.kr/cache/recipe/2020/11/28/bda6a5e3e408ef3d5254a659a1baca961_f.jpg
6853470,https://recipe1.ezmember.co.kr/cache/recipe/2016/07/26/5310429a38ab57895bddaabd608f1ac21_f.jpg
6868492,https://recipe1.ezmember.co.kr/cache/recipe/2017/04/16/e149f08ea04130935c396c10e0a581e81_f.jpg
6912420,https://recipe1.ezmember.co.kr/cache/recipe/2019/05/19/3cdba3234a169e67414e280f0faecd3d1_f.jpg
6982652,https://recipe1.ezmember.co.kr/cache/recipe/2022/07/02/bbf521ac520939fa2913ee73d97af0dc1_f.jpg
6894091,https://recipe1.ezmember.co.kr/cache/recipe/2018/08/13/46fe3a4d4aae351fc9f7bdb5db148a6d1_f.jpg
6993071,https://recipe1.ezmember.co.kr/cache/recipe/2022/12/02/c5c004b5f320b3654d1a00ef52fc21cc1_f.jpg
6945694,https://recipe1.ezmember.co.kr/cache/recipe/2020/11/05/64499f2e12ed42cf49b62d04fad685961_f.jpg
6924089,https://recipe1.ezmember.co.kr/cache/recipe/2019/12/26/9cda8a736e8ef25dbe23558ce12cdf521_f.jpg
6966098,https://recipe1.ezmember.co.kr/cache/recipe/2021/10/01/5cd53c8018a6f7314b236e6b4af9536e1_f.jpg
6986573,https://recipe1.ezmember.co.kr/cache/recipe/2022/08/25/860febebfbd3405bf13bd1716854ef7e1_f.jpg
6886973,https://recipe1.ezmember.co.kr/cache/recipe/2018/04/09/fe11d40f5b815f528609c654101f0fe21_f.jpg
6968086,https://recipe1.ezmember.co.kr/cache/recipe/2021/11/03/9ab0ced01c5bed6b0905495e3c9d9fdc1_f.jpg
3989120,https://recipe1.ezmember.co.kr/cache/recipe/2015/04/16/993e97e5d969019bdbad66faa242ef3f1_f.jpg
6997882,https://recipe1.ezmember.co.kr/cache/recipe/2023/03/01/780dfe261d1d62aa193228c6ac86a1361_f.jpg
6986512,https://recipe1.ezmember.co.kr/cache/recipe/2022/08/30/80576f8f6c7d03550422cdcee977733e1_f.jpg
5362054,https://recipe1.ezmember.co.kr/cache/recipe/2015/04/02/8444f66a3167b13a499ff1d12c25a0df1_f.jpg
6893874,https://recipe1.ezmember.co.kr/cache/recipe/2018/08/09/194cce9872d14ef9fdf7333a41c8e7871_f.png
6867152,https://recipe1.ezmember.co.kr/cache/recipe/2017/03/20/adc7612009b862cae6b511076726a40e1_f.jpg
6865069,https://recipe1.ezmember.co.kr/cache/recipe/2017/02/10/9a40bb734881157fde5c1bd7694d560c1_f.jpg
6877988,https://recipe1.ezmember.co.kr/cache/recipe/2017/10/16/02e4f87b1c12265e1d53ec26f58c1ea11_f.jpg
6839664,https://recipe1.ezmember.co.kr/cache/recipe/2015/12/11/6467669267c4599a03be75e7570c055a1_f.jpg
7058415,https://recipe1.ezmember.co.kr/cache/recipe/2025/07/20/5103732c175ac79ef04d98d7d95215771_f.jpg
6857197,https://recipe1.ezmember.co.kr/cache/recipe/2016/09/20/29c05c45f8a3f917dba4f83edaa44fcb1_f.jpg
6945247,https://recipe1.ezmember.co.kr/cache/recipe/2020/10/29/12945cff16cdab8649d412d36a1319af1_f.jpg
6832147,https://recipe1.ezmember.co.kr/cache/recipe/2015/08/17/b7701edd7227efc9931c125678e769f91_f.jpg
6928112,https://recipe1.ezmember.co.kr/cache/recipe/2020/03/09/92ad3318430bb27200009ab72d3ae64e1_f.jpg
6932700,https://recipe1.ezmember.co.kr/cache/recipe/2020/05/15/47a150b60fa30a95298ff1d73a88a9001_f.jpg
7001050,https://recipe1.ezmember.co.kr/cache/recipe/2023/04/21/b6afe4498a9ad0b6377fc54e567e3b5c1_f.jpg
6837949,https://recipe1.ezmember.co.kr/cache/recipe/2015/11/11/dbf43f096e69a49a081690e3f5f549521_f.jpg
6978489,https://recipe1.ezmember.co.kr/cache/recipe/2022/04/28/2a374ffe15cd1507c56be3b6c83a9e2a1_f.jpg
7013417,https://recipe1.ezmember.co.kr/cache/recipe/2023/11/13/f21de1d8c827be3084fa2434b64ad54e1_f.jpg
2454026,https://recipe1.ezmember.co.kr/cache/recipe/2015/06/08/fcf2b0cc3af731b533241caaf6035052_f.jpg
6875933,https://recipe1.ezmember.co.kr/cache/recipe/2017/09/06/7d08adbf031b5a335e64294eee24e81f1_f.jpg
6987715,https://recipe1.ezmember.co.kr/cache/recipe/2022/09/19/ab2cf9b1a61fd569aaf17fec570700fc1_f.jpg
6893134,https://recipe1.ezmember.co.kr/cache/recipe/2018/07/26/2eac9c4892e06114c0cbbaf9c2159e721_f.jpg
6898550,https://recipe1.ezmember.co.kr/cache/recipe/2018/10/24/77ca2ba7cea457f37dbd41479a8909951_f.jpg
6872607,https://recipe1.ezmember.co.kr/cache/recipe/2017/07/12/dd196cc8f2436f2bf0fbfac401b5e5571_f.jpg
6913135,https://recipe1.ezmember.co.kr/cache/recipe/2019/06/03/0070fbd204c3157211e4b32f94494c041_f.jpg
6878881,https://recipe1.ezmember.co.kr/cache/recipe/2017/10/31/0bb1c474ffb044f15a502873afa35c301_f.jpg
7076505,https://recipe1.ezmember.co.kr/cache/recipe/2026/05/22/72d20d2f0b587c1731136f9dcb91d1ea1_f.jpg
6955488,https://recipe1.ezmember.co.kr/cache/recipe/2021/03/19/440f67d2f0af4ff54ef8a166396cee841_f.jpg
6897602,https://recipe1.ezmember.co.kr/cache/recipe/2018/10/11/0fdafeffe34815ebbb09b3a7546da6581_f.jpg
5262224,https://recipe1.ezmember.co.kr/cache/recipe/2015/06/12/b25b75921f1544c090df3eb4ddb2f117_f.jpg
6904926,https://recipe1.ezmember.co.kr/cache/recipe/2019/01/21/fddb7ad7d15fcb2ef7e05b32e2a7370a1_f.jpg
6873965,https://recipe1.ezmember.co.kr/cache/recipe/2017/08/02/32f7d3bcb12f9f879f59a47b3ffa55491_f.jpg
6925135,https://recipe1.ezmember.co.kr/cache/recipe/2020/01/17/1da4b1ac7a236eddfba9e7db76849aed1_f.jpg
6838970,https://recipe1.ezmember.co.kr/cache/recipe/2015/12/01/4a152557a5517566ebf43961124f40ac1_f.jpg
6905106,https://recipe1.ezmember.co.kr/cache/recipe/2019/01/23/b5f0e1bddb181561573a16198a2cac6d1_f.jpg
6868306,https://recipe1.ezmember.co.kr/cache/recipe/2017/04/12/1b35aa59b46697360136351ee5fc011d1_f.jpg
6934603,https://recipe1.ezmember.co.kr/cache/recipe/2020/06/19/aeb3ffa7fe1fe769927a6344486f995d1_f.jpg
7068650,https://recipe1.ezmember.co.kr/cache/recipe/2025/12/24/2ebedc7c5273ddf5f45b0051ad8f5d351_f.png
6797684,https://recipe1.ezmember.co.kr/cache/recipe/2015/05/28/0f075f03f50dcd575caa5abe80fb7c841_f.jpg
6880331,https://recipe1.ezmember.co.kr/cache/recipe/2017/12/01/2ec5fbbf7f66e8bb8e0eb93db4a3bd2b1_f.jpg
6829807,https://recipe1.ezmember.co.kr/cache/recipe/2015/07/07/30e59a8c0f17c63fda7c0687441314f91_f.jpg
6988936,https://recipe1.ezmember.co.kr/cache/recipe/2022/10/08/b1fbd9cd7d8597296fe46fb1587c65f41_f.jpg
6833629,https://recipe1.ezmember.co.kr/cache/recipe/2015/09/05/e6964636e49809344eb15738b270dbbc1_f.jpg
6900356,https://recipe1.ezmember.co.kr/cache/recipe/2018/11/18/941a174dad7bd90931c46b4c3f1e1e1e1_f.jpg
6951984,https://recipe1.ezmember.co.kr/cache/recipe/2021/01/25/7a3550f094502e435fa2cb6bdedf78d01_f.jpg
6899105,https://recipe1.ezmember.co.kr/cache/recipe/2018/10/31/afe18bf4af3de5fa136182d025f5a27f1_f.jpg
3822886,https://recipe1.ezmember.co.kr/cache/recipe/2015/07/05/c322203a63b8ba858a5558a387a6ac98_f.jpg
6951268,https://recipe1.ezmember.co.kr/cache/recipe/2021/01/17/31b9a025b83394865fd29190350877d21_f.jpg
6836055,https://recipe1.ezmember.co.kr/cache/recipe/2015/10/12/14c41dd7294f91491bc5ec86afb6e2011_f.jpg
6951105,https://recipe1.ezmember.co.kr/cache/recipe/2021/01/15/4407499b65eff5084de8cc0abd5470911_f.jpg
7072558,https://recipe1.ezmember.co.kr/cache/recipe/2026/03/04/09a1a18e30d8a220bf7c207f73174b941_f.jpg
6976625,https://recipe1.ezmember.co.kr/cache/recipe/2022/03/23/90c32d2bc93b98ecd75cf05b416cc5271_f.jpg
6843961,https://recipe1.ezmember.co.kr/cache/recipe/2016/03/02/a3b6116c29e420c5256eacf851d777111_f.jpg
7047718,https://recipe1.ezmember.co.kr/cache/recipe/2025/03/17/08bf9996b51183126c60881231d48c241_f.jpg
6861110,https://recipe1.ezmember.co.kr/cache/recipe/2016/11/18/75c6ab32dc176213a286ec86cf75b7571_f.jpg
6935738,https://recipe1.ezmember.co.kr/cache/recipe/2020/07/04/0e89e1d71cf9d51f89e0374913a49dd51_f.jpg
6832433,https://recipe1.ezmember.co.kr/cache/recipe/2015/08/19/9761237ac6837224d6fc3aa3dd5232611_f.jpg
6775213,https://recipe1.ezmember.co.kr/cache/recipe/2015/05/17/6b6f7655e3136956f4f0861eafdab8621_f.jpg
7039539,https://recipe1.ezmember.co.kr/cache/recipe/2024/11/29/90f0a79083c1000c78cac7882ab984051_f.jpg
6948486,https://recipe1.ezmember.co.kr/cache/recipe/2020/12/15/177cf63abd1690e3d31d914bc119b2811_f.jpg
6889886,https://recipe1.ezmember.co.kr/cache/recipe/2018/05/30/ba77f4806cafbf086f8896c77e3560af1_f.jpg
6883077,https://recipe1.ezmember.co.kr/cache/recipe/2018/01/30/173007c7c9b433677442c1ed76be88da1_f.jpg
7028912,https://recipe1.ezmember.co.kr/cache/recipe/2024/06/23/2679df479f1ec9126bcae079adab69d11_f.jpg
6875295,https://recipe1.ezmember.co.kr/cache/recipe/2017/08/24/6f3816245e9cb1e35f73164b6b715d381_f.jpg
6838292,https://recipe1.ezmember.co.kr/cache/recipe/2015/11/18/10d2885c275781a48c1a733ef6feedaf1_f.jpg
6946810,https://recipe1.ezmember.co.kr/cache/recipe/2020/11/19/53fd923869dd70b3d9311aaf2aba308a1_f.jpg
6900641,https://recipe1.ezmember.co.kr/cache/recipe/2018/11/22/36850c985c1d88809dd4557716e06a7c1_f.JPG
6888225,https://recipe1.ezmember.co.kr/cache/recipe/2018/05/02/e4487cd911704da9acaa3997717f42561_f.jpg
6904132,https://recipe1.ezmember.co.kr/cache/recipe/2019/01/11/03de68c7113fb80b6c6395d8959a71e61_f.jpg
6831453,https://recipe1.ezmember.co.kr/cache/recipe/2015/08/09/c8f2cafc19b94bf8ffbe554a0c134f721_f.jpg
6872150,https://recipe1.ezmember.co.kr/cache/recipe/2017/07/03/03f3b5163a4d944bcb1b6a1468e482e41_f.jpg
6841555,https://recipe1.ezmember.co.kr/cache/recipe/2016/01/06/129546800872d6ef1c3046a07f5624a61_f.jpg
6846510,https://recipe1.ezmember.co.kr/cache/recipe/2016/04/15/89ae50e07b766b53113be60e1bf6dc0b1_f.jpg
7050685,https://recipe1.ezmember.co.kr/cache/recipe/2025/04/19/a278f9647d2b21c80600c7530b08beb01_f.jpg
6905749,https://recipe1.ezmember.co.kr/cache/recipe/2019/02/01/e24062182afe0237852851e384c690e51_f.jpg
6883128,https://recipe1.ezmember.co.kr/cache/recipe/2018/01/31/feecfe50cbd5fb75bba4bd137a4cbd111_f.jpg
6896233,https://recipe1.ezmember.co.kr/cache/recipe/2018/09/20/c84c1773cf8ccce109fa73f4c4c2044f1_f.jpg
6920674,https://recipe1.ezmember.co.kr/cache/recipe/2019/10/10/2cbb7729dc837a51924fc58a257ec7a51_f.jpg
4071571,https://recipe1.ezmember.co.kr/cache/recipe/2015/03/26/34cac4ba06bf5f2a21534ea1bb44384e1_f.jpg
6891557,https://recipe1.ezmember.co.kr/cache/recipe/2018/06/27/3d253f92574e86131c2b72a09b70fa831_f.jpg
4495605,https://recipe1.ezmember.co.kr/cache/recipe/2015/04/14/715dbc42fc0d390b7ce547a264ba89041_f.jpg
6873031,https://recipe1.ezmember.co.kr/cache/recipe/2017/07/20/e34b5fcd1c676da36b5ffabab45ae62a1_f.jpg
6904626,https://recipe1.ezmember.co.kr/cache/recipe/2019/01/17/df5ba95a6eaa3335079c6d67e2057f1c1_f.jpg
6852388,https://recipe1.ezmember.co.kr/cache/recipe/2016/07/08/545af9d53a8abda06699823746da641f1_f.jpg
4948145,https://recipe1.ezmember.co.kr/cache/recipe/2015/06/08/e350acc88eaf1de6811c245a75d6e111_f.jpg
6916562,https://recipe1.ezmember.co.kr/cache/recipe/2019/07/28/4ffcf483acbfd8172a42ce59568ddcf41_f.jpg
6978569,https://recipe1.ezmember.co.kr/cache/recipe/2022/04/30/905ed27b435a209cc330866615d6116b1_f.jpg
6929967,https://recipe1.ezmember.co.kr/cache/recipe/2020/04/05/1d0cbb9ee659474304679a3bcbea7b581_f.jpg
6871103,https://recipe1.ezmember.co.kr/cache/recipe/2017/06/12/0aefb046fb3d1a6ab93778a50432c9491_f.jpg
6882845,https://recipe1.ezmember.co.kr/cache/recipe/2018/01/25/22e00f89af5f4137968d290d408943081_f.jpg
6904668,https://recipe1.ezmember.co.kr/cache/recipe/2019/01/21/f30c4d77e6bc759af998f059d26342ae1_f.jpg
6832944,https://recipe1.ezmember.co.kr/cache/recipe/2015/08/28/b64dfe4fb302623d21501b97f7fff0051_f.jpg
6887498,https://recipe1.ezmember.co.kr/cache/recipe/2018/04/18/78d8a706108a4e20929ffa022cec8a911_f.jpg
5104283,https://recipe1.ezmember.co.kr/cache/recipe/2015/06/13/8219cf4ed24dfefc1359af30a7707535_f.jpg
6837904,https://recipe1.ezmember.co.kr/cache/recipe/2015/11/10/a6ddbcb487bfe3601cb0d294c31f2bec1_f.jpg
6857750,https://recipe1.ezmember.co.kr/cache/recipe/2016/09/29/5086788a6fd50ba4250e5cff41bcefe81_f.jpg
6829256,https://recipe1.ezmember.co.kr/cache/recipe/2015/06/15/0b264bd188c5d31bf7f885f6191463651_f.jpg
6872278,https://recipe1.ezmember.co.kr/cache/recipe/2017/07/05/47d2334fdf68e13442ff2b2fea8a154c1_f.jpg
6829133,https://recipe1.ezmember.co.kr/cache/recipe/2015/06/19/03f43bd1e5df3a738f273fd7785ac6871_f.jpg
6840319,https://recipe1.ezmember.co.kr/cache/recipe/2015/12/19/177bab9d8deeb0d97d8915d1535d29cb1_f.jpg
6869612,https://recipe1.ezmember.co.kr/cache/recipe/2017/05/11/c6f9d67aaf64bbcefa76443a3fe4e38e1_f.jpg
6767883,https://recipe1.ezmember.co.kr/cache/recipe/2015/05/13/49eaf749d258a0a717bb189af8b6591b1_f.jpg
7063768,https://recipe1.ezmember.co.kr/cache/recipe/2025/10/01/f7939a28c04dfcaa5c48818361ac4abd1_f.jpg
6894636,https://recipe1.ezmember.co.kr/cache/recipe/2018/08/23/c7647de177ac008c14c06b1b741642f31_f.jpg
6938372,https://recipe1.ezmember.co.kr/cache/recipe/2020/08/04/3cdcb02ec33e0ab452a123d28068e77f1_f.jpg
6864883,https://recipe1.ezmember.co.kr/cache/recipe/2017/02/07/fa6ad13ea343d664fa5ed2627296ba3a1_f.jpg
5765377,https://recipe1.ezmember.co.kr/cache/recipe/2015/06/03/fd00bd07aa394e79807cee7b14dad0231_f.jpg
6916164,https://recipe1.ezmember.co.kr/cache/recipe/2019/07/20/40c3027c91eba4de1453cc0378ae7e6a1_f.jpg
6915261,https://recipe1.ezmember.co.kr/cache/recipe/2019/07/03/e40fbfd9592735e6b596c33d95980cda1_f.jpg
6854975,https://recipe1.ezmember.co.kr/cache/recipe/2016/08/19/ff24384749539f1f4783b7f127aa55aa1_f.jpg
6856752,https://recipe1.ezmember.co.kr/cache/recipe/2016/09/09/413ce3fcc68938b71d372f74eae4e77d1_f.jpg
6945127,https://recipe1.ezmember.co.kr/cache/recipe/2020/10/27/64dfec3862e14ae770f4a9531d6bc19b1_f.jpg
7061864,https://recipe1.ezmember.co.kr/cache/recipe/2025/08/30/512ed469584c0aca78e0d4fc641e821f1_f.jpg
6968297,https://recipe1.ezmember.co.kr/cache/recipe/2021/11/06/3051d59b60b4b55ea43d8130c41757f91_f.jpg
7044519,https://recipe1.ezmember.co.kr/cache/recipe/2025/02/10/ff02d0ebcf5e84bef7ce52cd5e6bc10b1_f.jpg
6876072,https://recipe1.ezmember.co.kr/cache/recipe/2017/09/08/db2586faad42c49dfb74866f2c9b5c9d1_f.jpg
6995367,https://recipe1.ezmember.co.kr/cache/recipe/2023/01/13/664e027dfb85e97d769b8cd7c31f5d941_f.jpg
6893739,https://recipe1.ezmember.co.kr/cache/recipe/2018/08/08/936055259bac0c37356e045ace364d7b1_f.jpg
7005239,https://recipe1.ezmember.co.kr/cache/recipe/2023/06/29/d87fdb989c2f3f3d69bd9f74787794a51_f.jpg
6859962,https://recipe1.ezmember.co.kr/cache/recipe/2016/11/06/3abef1429fa2f7d1069680d1bbc140af1_f.jpg
6900124,https://recipe1.ezmember.co.kr/cache/recipe/2018/11/14/bd2f021e03b6b7d2db946f11aac299781_f.jpg
6838023,https://recipe1.ezmember.co.kr/cache/recipe/2015/11/12/e821b8eba5db03554a28a57e12859b951_f.jpg
6913784,https://recipe1.ezmember.co.kr/cache/recipe/2019/06/09/6769df1e47af23161b51e11a05606fd31_f.jpg
6843983,https://recipe1.ezmember.co.kr/cache/recipe/2016/03/03/7d2ff3c34f83d66cea029fdcd788ca471_f.jpg
6878864,https://recipe1.ezmember.co.kr/cache/recipe/2017/10/31/b1e85706b4a532be6bb28761a09e9d1b1_f.jpg
6988867,https://recipe1.ezmember.co.kr/cache/recipe/2022/10/07/ce8daeb19d26030a5cfadaf1662550cf1_f.jpg
6930399,https://recipe1.ezmember.co.kr/cache/recipe/2020/04/10/25e7285ab0e033eb4ffd7bafaeda620c1_f.jpg
6725567,https://recipe1.ezmember.co.kr/cache/recipe/2015/04/24/95bafdcc1bfe97f8c406ca19102aaded1_f.jpg
6954007,https://recipe1.ezmember.co.kr/cache/recipe/2021/02/23/945eec23e5cc425620f0b7e906bb133f1_f.jpg
6739754,https://recipe1.ezmember.co.kr/cache/recipe/2015/05/05/af63e0276e17fc3d3048dfe70af5aa3c1_f.jpg
6919198,https://recipe1.ezmember.co.kr/cache/recipe/2019/09/16/5e36062ae9393e5ecb59de40caecb6d11_f.jpg
6896906,https://recipe1.ezmember.co.kr/cache/recipe/2018/10/01/ddf6103351091f7a03a80a76bf9ed6ef1_f.jpg
6907779,https://recipe1.ezmember.co.kr/cache/recipe/2019/03/05/e493c777bc3ea527b43b8b3ac31c6d671_f.jpg
6595235,https://recipe1.ezmember.co.kr/cache/recipe/2015/04/04/7cc5d240f3de22360d93562065c269de1_f.jpg
6911795,https://recipe1.ezmember.co.kr/cache/recipe/2019/05/08/fc9757eae4298a0a420331ac7b9198641_f.jpg
6851172,https://recipe1.ezmember.co.kr/cache/recipe/2016/06/17/7c77a42e36b18ca753429041d331aeb41_f.jpg
6894520,https://recipe1.ezmember.co.kr/cache/recipe/2018/08/21/3fb874d8245468c99a3fc3aaf7bc19781_f.jpg
6912664,https://recipe1.ezmember.co.kr/cache/recipe/2019/05/24/f56ee3d5932867ce905c38973364ab831_f.jpg
6888583,https://recipe1.ezmember.co.kr/cache/recipe/2018/05/09/a2cb916dfaa805abf65f82390720258a1_f.jpg
7015409,https://recipe1.ezmember.co.kr/cache/recipe/2023/12/10/2e4f11470794c3b4445cce67f4aa3b5a1_f.jpg
6865929,https://recipe1.ezmember.co.kr/cache/recipe/2017/02/09/f82006ed95f5b9ef042d6f3f49b156ed1_f.jpg
7009670,https://recipe1.ezmember.co.kr/cache/recipe/2023/09/11/abf0086660332bc2ecefada2a830cd681_f.jpg
6891741,https://recipe1.ezmember.co.kr/cache/recipe/2018/06/30/f9f20abd7a010a2b4d402076410af3c31_f.jpg
5524986,https://recipe1.ezmember.co.kr/cache/recipe/2015/04/02/3ebd98e3cde6f98ec07cad398956074a1_f.jpg
6948649,https://recipe1.ezmember.co.kr/cache/recipe/2020/12/17/20099f3c8b59fd7bd94842240570333a1_f.jpg
6906134,https://recipe1.ezmember.co.kr/cache/recipe/2019/02/08/2c1487d87f8babd3dc0c13568e50e8ec1_f.jpg
6901776,https://recipe1.ezmember.co.kr/cache/recipe/2018/12/12/53f37a383e69dec80f12768ffc3286901_f.jpg
6954884,https://recipe1.ezmember.co.kr/cache/recipe/2021/03/10/c03cc35258b284d1a5de88c2eae4c0f91_f.jpg
6968463,https://recipe1.ezmember.co.kr/cache/recipe/2021/11/09/42c372dc34fc477a127d7910699338381_f.jpg
6960608,https://recipe1.ezmember.co.kr/cache/recipe/2021/06/22/05b7bcf212f427e3c55264a8c009c8ae1_f.jpg
6925591,https://recipe1.ezmember.co.kr/cache/recipe/2020/01/28/4d4ff0af011d9952290535ddd643830f1_f.jpg
6871533,https://recipe1.ezmember.co.kr/cache/recipe/2017/06/11/def700bdca22cc859ca5338a52bd8a4a1_f.jpg
7003847,https://recipe1.ezmember.co.kr/cache/recipe/2023/06/11/0d5f4dd80d3d100a21b2960c5962f2d51_f.jpg
2423737,https://recipe1.ezmember.co.kr/cache/recipe/2015/06/08/ee21a57f38e84033dac37a5cb1a860e6_f.jpg
6923015,https://recipe1.ezmember.co.kr/cache/recipe/2019/12/03/528fa2071411d6a6a29ef21d837778d01_f.jpg
6980112,https://recipe1.ezmember.co.kr/cache/recipe/2022/05/27/bb0acb1aa9f537634093102092d304131_f.jpg
6863549,https://recipe1.ezmember.co.kr/cache/recipe/2017/01/05/3a1e7b21c652be2f242934216282e5db1_f.jpg
7067228,https://recipe1.ezmember.co.kr/cache/recipe/2025/08/28/bc8d6df5b89ab79c6c29f87f8451dbc61_f.jpg
7046520,https://recipe1.ezmember.co.kr/cache/recipe/2025/03/04/f4633f3db9a45cd4201aac49695e82801_f.jpg
6874577,https://recipe1.ezmember.co.kr/cache/recipe/2017/08/11/a9914eda4078b480d0e514cffc2966011_f.jpg
6987477,https://recipe1.ezmember.co.kr/cache/recipe/2022/09/14/db16a56c21d2ebbf7fe638287c9874c71_f.jpg
6900196,https://recipe1.ezmember.co.kr/cache/recipe/2018/11/15/0cecfd8d89a64231a4eb1992471a6c2b1_f.jpg
6830911,https://recipe1.ezmember.co.kr/cache/recipe/2015/08/07/25f233511aa8f9d6777bb7db82fe22121_f.jpg
7042930,https://recipe1.ezmember.co.kr/cache/recipe/2025/01/19/0596c955800b3cf6d7424da86220cd1a1_f.png
6885854,https://recipe1.ezmember.co.kr/cache/recipe/2018/03/21/452024135b45288ded13fe94f819ea291_f.jpg
6868266,https://recipe1.ezmember.co.kr/cache/recipe/2017/04/11/8a2d171bb921c95901fa0578c90660401_f.jpg
4177371,https://recipe1.ezmember.co.kr/cache/recipe/2015/06/08/67f10e41906be70b84d0336e28de4d5e_f.jpg
7015959,https://recipe1.ezmember.co.kr/cache/recipe/2023/12/17/0066e988ede4e17becaaac92084e70341_f.jpg
6922658,https://recipe1.ezmember.co.kr/cache/recipe/2019/11/25/054adc45a81200b062c480878f3996101_f.jpg
6908671,https://recipe1.ezmember.co.kr/cache/recipe/2019/03/18/1c86c69e92a8bb6ffaa658cfaef4a5931_f.jpg
6965471,https://recipe1.ezmember.co.kr/cache/recipe/2021/09/19/0a600d15011353ac15f1407aa89b5d471_f.jpg
6862515,https://recipe1.ezmember.co.kr/cache/recipe/2016/12/12/b43c758edb51a00b0d9690ddb4dae6931_f.jpg
1816135,https://recipe1.ezmember.co.kr/cache/recipe/2015/08/17/4e3f59e49b35afd33da66d9edfd4f6cf_f.jpg
6956686,https://recipe1.ezmember.co.kr/cache/recipe/2021/04/12/1c32735bf953a57973185a4bb99948881_f.jpg
6904658,https://recipe1.ezmember.co.kr/cache/recipe/2019/01/18/b94b899673589b97b1d79821329f44251_f.jpg
6927481,https://recipe1.ezmember.co.kr/cache/recipe/2020/03/01/3e6fd76581ca0bcac1eed28700f6ff901_f.jpg
6994907,https://recipe1.ezmember.co.kr/cache/recipe/2023/01/05/68a123b8b5112aa2ca5c6469907935e21_f.jpg
6929650,https://recipe1.ezmember.co.kr/cache/recipe/2020/03/31/6bb84e707bbc9eaff4981c3ba9fad2231_f.jpg
6877665,https://recipe1.ezmember.co.kr/cache/recipe/2017/09/29/a8d518671e04247fc7d55490ee8062c81_f.jpg
6972830,https://recipe1.ezmember.co.kr/cache/recipe/2022/01/16/e503dd006085ad57eebd1d65325061d01_f.jpg
6913737,https://recipe1.ezmember.co.kr/cache/recipe/2019/06/10/8fb67628439f4ae67b4f2022034d8b291_f.jpg
6994146,https://recipe1.ezmember.co.kr/cache/recipe/2022/12/22/bbd72018a733eb52d1e6fa7e7b218c1f1_f.jpg
7057610,https://recipe1.ezmember.co.kr/cache/recipe/2025/06/27/5dccf1949463700f82268363fd5b6df51_f.jpg
7031093,https://recipe1.ezmember.co.kr/cache/recipe/2024/07/24/783b2c9c25364597fa1ed4dca62e57771_f.jpg
6905688,https://recipe1.ezmember.co.kr/cache/recipe/2019/02/01/f1ae047927eab25e6389c9b00121e25b1_f.jpg
6948885,https://recipe1.ezmember.co.kr/cache/recipe/2020/12/21/d54b33d4c6bd6d874b3bf53169b5c1921_f.jpg
6929599,https://recipe1.ezmember.co.kr/cache/recipe/2020/03/31/6ac1b0289a529963e56dac251e28e6911_f.jpg
6945682,https://recipe1.ezmember.co.kr/cache/recipe/2020/11/05/603ee790aac613be6d09987e151f89231_f.jpg
6882705,https://recipe1.ezmember.co.kr/cache/recipe/2018/01/23/812d5d0d916b7798e70127c49d3e62801_f.jpg
7077025,https://recipe1.ezmember.co.kr/cache/recipe/2026/05/24/f649411f3a8a273c922bbbef43fa84b01_f.jpg
7074784,https://recipe1.ezmember.co.kr/cache/recipe/2026/04/16/ef1c1c980a623c97f549e2e48536d7761_f.jpg
6912232,https://recipe1.ezmember.co.kr/cache/recipe/2019/05/16/86933bdc2836f8900f5bc627f60f35961_f.jpg
6829283,https://recipe1.ezmember.co.kr/cache/recipe/2015/06/23/3040fa0672bbaa372b445bd1673594761_f.jpg
6832023,https://recipe1.ezmember.co.kr/cache/recipe/2015/08/15/9509e348e932cd7c33007d986d8ac9081_f.jpg
6872279,https://recipe1.ezmember.co.kr/cache/recipe/2017/07/05/dcaeebbb1525dc7212f01d5f870ac2971_f.jpg
6871863,https://recipe1.ezmember.co.kr/cache/recipe/2017/06/27/322b90545c3193a5080d0619323d628f1_f.jpg
6980785,https://recipe1.ezmember.co.kr/cache/recipe/2022/06/05/5b63d8e4f8446c0c6a3ae4177639b5db1_f.jpg
6892159,https://recipe1.ezmember.co.kr/cache/recipe/2018/07/08/6bdac8692627ae8249ae1149b226bb141_f.jpg
6989665,https://recipe1.ezmember.co.kr/cache/recipe/2022/10/15/2033872caac122ede3f2f033e7b28fa21_f.jpg
7001704,https://recipe1.ezmember.co.kr/cache/recipe/2023/05/05/e3d53957e22052549b275fbd9173b9e81_f.jpg
6894284,https://recipe1.ezmember.co.kr/cache/recipe/2018/08/16/29a6380db6c9ff5f27dc5bd0a2f71b521_f.jpg
6847147,https://recipe1.ezmember.co.kr/cache/recipe/2016/04/29/041d75f7564a194f0222cc22d8adee391_f.jpg
6934431,https://recipe1.ezmember.co.kr/cache/recipe/2020/06/16/3042b4ccc0ce518495b9d6f4a97730d51_f.jpg
6852297,https://recipe1.ezmember.co.kr/cache/recipe/2016/07/06/4b3b4d83f0bd46864d99bea0308bdeff1_f.jpg
6951957,https://recipe1.ezmember.co.kr/cache/recipe/2021/01/25/de16e117c85f848043837e5bacd163311_f.jpg
6875691,https://recipe1.ezmember.co.kr/cache/recipe/2017/09/01/d3cc36fa49b7fa898c819f2637fd606a1_f.jpg
6968459,https://recipe1.ezmember.co.kr/cache/recipe/2021/11/08/289963fa4240dcba5c2f134356d6173d1_f.jpg
6832651,https://recipe1.ezmember.co.kr/cache/recipe/2024/01/18/904ee4bf9b3ba9f435b0ef8438daf70d1_f.jpg
6936882,https://recipe1.ezmember.co.kr/cache/recipe/2020/07/17/2a1074ed796f44f2e3b19041b1f13cb71_f.jpg
6837793,https://recipe1.ezmember.co.kr/cache/recipe/2015/10/06/721193e6fe87f9bcb7ab99ea811880d01_f.jpg
6929762,https://recipe1.ezmember.co.kr/cache/recipe/2020/04/02/de932b60e7778728191a12f9c71be93e1_f.jpg
6786513,https://recipe1.ezmember.co.kr/cache/recipe/2015/05/22/e4c723f1bec20c2c795ef22b3d1b8b661_f.jpg
6991929,https://recipe1.ezmember.co.kr/cache/recipe/2022/11/14/6d95ab6058645b62efa537a42c2268d01_f.jpg
6871578,https://recipe1.ezmember.co.kr/cache/recipe/2017/06/21/582fe98ea5e4a9fdf219beb4539229bd1_f.jpg
6927649,https://recipe1.ezmember.co.kr/cache/recipe/2020/03/03/13d911884c9f0f62913078d130098b871_f.jpg
6918597,https://recipe1.ezmember.co.kr/cache/recipe/2019/09/03/84d0a15f9037ada8292959bd4d83282d1_f.jpg
6958613,https://recipe1.ezmember.co.kr/cache/recipe/2021/05/19/6850577f0886888a992648d79ed409b01_f.jpg
6910792,https://recipe1.ezmember.co.kr/cache/recipe/2019/04/19/3aecbe509c19666e083d6b7f2b5d8c0c1_f.jpg
6958259,https://recipe1.ezmember.co.kr/cache/recipe/2021/05/12/20874ecea5766432f45dce3154f0aebb1_f.jpg
7057827,https://recipe1.ezmember.co.kr/cache/recipe/2025/07/14/5085bd980bba15e8eb3285312d4728ce1_f.jpg
7044682,https://recipe1.ezmember.co.kr/cache/recipe/2025/02/12/a90d5188c97375e687d1b41e359f0b211_f.jpg
3960224,https://recipe1.ezmember.co.kr/cache/recipe/2015/06/08/333ddcef75b733b6e58f10a66f540300_f.jpg
6903743,https://recipe1.ezmember.co.kr/cache/recipe/2019/01/07/ae7b15ed9a194edf1d8eb36eb068b44d1_f.jpg
6910438,https://recipe1.ezmember.co.kr/cache/recipe/2019/04/13/68114d45eecdc4d78c1430729a4307931_f.jpg
6646229,https://recipe1.ezmember.co.kr/cache/recipe/2015/04/01/01a3ddb0536b2ae9ba8f6ef1c79a283e1_f.jpg
6995358,https://recipe1.ezmember.co.kr/cache/recipe/2023/01/12/cc1f6a874a4c3d72ebf8588da4fe10bc1_f.jpg
6866691,https://recipe1.ezmember.co.kr/cache/recipe/2017/03/11/aa6e674bc218dbe6059192ec489ba1f11_f.jpg
6885373,https://recipe1.ezmember.co.kr/cache/recipe/2018/03/13/0335ec4007d8fc7dbce7979ad549803c1_f.jpg
6929348,https://recipe1.ezmember.co.kr/cache/recipe/2020/03/26/24afd947d2217d4c2396c9a9cc6879551_f.jpg
6924671,https://recipe1.ezmember.co.kr/cache/recipe/2020/01/08/0731a9892a7179a7b4d8a747e43716d41_f.jpg
6941701,https://recipe1.ezmember.co.kr/cache/recipe/2020/09/13/d523dc41961452c00fae47703547e3801_f.jpg
6968387,https://recipe1.ezmember.co.kr/cache/recipe/2021/11/08/ac55af6387de8a343e4228a2432da8391_f.jpg
6863535,https://recipe1.ezmember.co.kr/cache/recipe/2017/01/05/a7a06c3f543079693188bcbe5e7683e31_f.jpg
6850441,https://recipe1.ezmember.co.kr/cache/recipe/2016/05/13/c3d9545d14251a86a473074af961a56a1_f.jpg
6829822,https://recipe1.ezmember.co.kr/cache/recipe/2015/07/06/6ccefcb430995552165028724ae679f51_f.jpg
6876475,https://recipe1.ezmember.co.kr/cache/recipe/2017/09/14/d4a9d1c88194acf0d30b4bef920d20311_f.jpg
6871316,https://recipe1.ezmember.co.kr/cache/recipe/2017/06/16/536a98705b6c5c000f7aae66963900281_f.jpg
6927714,https://recipe1.ezmember.co.kr/cache/recipe/2020/03/04/4f178a974d822510f356135827922e861_f.jpg
5136351,https://recipe1.ezmember.co.kr/cache/recipe/2015/03/26/08a80fa544cbc307a18c18737cf171dc1_f.jpg
6883667,https://recipe1.ezmember.co.kr/cache/recipe/2018/02/08/9b4e816821531ec3a1b86ff4fba853431_f.jpg
6837971,https://recipe1.ezmember.co.kr/cache/recipe/2015/11/11/1f9b758cc7378c790c6a842563afbd871_f.jpg
6862880,https://recipe1.ezmember.co.kr/cache/recipe/2016/12/20/a9e209a9c13bd4130ee8f6e1f575576a1_f.jpg
6930699,https://recipe1.ezmember.co.kr/cache/recipe/2020/04/14/98c8d4ea38eddd2d78e76c35e66f0aa01_f.jpg
3814784,https://recipe1.ezmember.co.kr/cache/recipe/2015/06/21/16fda429b966cf8eb0785ad6f08edaa3_f.jpg
6902111,https://recipe1.ezmember.co.kr/cache/recipe/2018/12/16/b7d485f536dc2f77a0bd609822f2a31d1_f.jpg
7066046,https://recipe1.ezmember.co.kr/cache/recipe/2025/11/07/0bd4f2c433392900f97823b4970cf1ff1_f.jpg
6956100,https://recipe1.ezmember.co.kr/cache/recipe/2021/03/31/a4b501c39efe3ac33f3e6d4b99a9e36b1_f.jpg
6934670,https://recipe1.ezmember.co.kr/cache/recipe/2020/06/21/f25a4bc0f79e66e74a27ffaeb0415dc41_f.jpg
6833714,https://recipe1.ezmember.co.kr/cache/recipe/2015/09/08/01d8368cf465f02c2ae283d8e675c1be1_f.jpg
6968722,https://recipe1.ezmember.co.kr/cache/recipe/2021/11/11/6209fc781ae7ec3cf63bad51f8cce9841_f.jpg
6902222,https://recipe1.ezmember.co.kr/cache/recipe/2018/12/17/f623b6cf6bb269098ea87bed297961f21_f.jpg
6915262,https://recipe1.ezmember.co.kr/cache/recipe/2019/07/04/6c8774c64312dbb4be175b9fc4f873e81_f.jpg
6870578,https://recipe1.ezmember.co.kr/cache/recipe/2017/05/31/fa3e75599a545089145c39249ca1432e1_f.jpg
6894942,https://recipe1.ezmember.co.kr/cache/recipe/2018/08/29/8a2759bd9685aef6c7629f3157ab85161_f.jpg
6959657,https://recipe1.ezmember.co.kr/cache/recipe/2021/05/12/f56b84080ea3792683367aa73c71a1a51_f.jpg
6910823,https://recipe1.ezmember.co.kr/cache/recipe/2019/04/20/5b206cea6dac2729ef53c251e6c297b51_f.jpg
6857215,https://recipe1.ezmember.co.kr/cache/recipe/2016/09/20/81b4e5508ad58d73d53ef4c39732112e1_f.jpg
6834865,https://recipe1.ezmember.co.kr/cache/recipe/2015/09/22/1231290c6832df3181c222ca940682b01_f.jpg
6863699,https://recipe1.ezmember.co.kr/cache/recipe/2017/01/09/3d069d9de8e6458c70a8c57efa7fd0381_f.jpg
4259251,https://recipe1.ezmember.co.kr/cache/recipe/2015/06/16/a6ed81a4739170de8dbeceeb87113ea8_f.jpg
7073937,https://recipe1.ezmember.co.kr/cache/recipe/2026/03/31/809a229cf3d7e250fe769760e991fd011_f.jpg
6922224,https://recipe1.ezmember.co.kr/cache/recipe/2019/11/16/787b8819ea4080475aba611cfeaa219d1_f.jpg
6923068,https://recipe1.ezmember.co.kr/cache/recipe/2021/01/22/f0bf8a6d9f81e19e1544830c96261cdc1_f.jpg
6951859,https://recipe1.ezmember.co.kr/cache/recipe/2021/01/22/bab1968230bd7a63655e61e0a78009f61_f.jpg
6895527,https://recipe1.ezmember.co.kr/cache/recipe/2018/09/09/6f6b7c3dec71fdf0fced10fd149e39c01_f.jpg
7058439,https://recipe1.ezmember.co.kr/cache/recipe/2025/07/10/41c4d63289fdc1f6aa1cd0e883cd2df61_f.jpg
6877421,https://recipe1.ezmember.co.kr/cache/recipe/2017/10/03/4776146f313b949313945ab4e16e85121_f.jpg
6985553,https://recipe1.ezmember.co.kr/cache/recipe/2022/08/13/21e5795f7280aafe1a50ddeae314be4a1_f.jpg
6838742,https://recipe1.ezmember.co.kr/cache/recipe/2015/11/26/28c14f862beafda4d8b74b3aaf4901b21_f.jpg
6838117,https://recipe1.ezmember.co.kr/cache/recipe/2015/11/14/badec76815fd337a58232effa19c9df61_f.jpg
2397081,https://recipe1.ezmember.co.kr/cache/recipe/2015/08/05/926fb280499b755d4e760188d8476c50_f.jpg
6913491,https://recipe1.ezmember.co.kr/cache/recipe/2019/06/07/fca45bfa57af99b5f11aa63b67ad7ae91_f.jpg
5266547,https://recipe1.ezmember.co.kr/cache/recipe/2015/03/25/89af2f36ae980503e3b5da83fb17349c1_f.jpg
6862366,https://recipe1.ezmember.co.kr/cache/recipe/2016/12/08/7285289e482fab6efdba58969fd121531_f.jpg
6900089,https://recipe1.ezmember.co.kr/cache/recipe/2018/11/13/0a88794c94b9fad136c3652cc3fa9ec81_f.jpg
6976028,https://recipe1.ezmember.co.kr/cache/recipe/2022/03/14/d0a7d0c730d8eceb8aef6abd4ff36b9e1_f.jpg
6906704,https://recipe1.ezmember.co.kr/cache/recipe/2019/02/16/f53aa1c900e3046ae98f38d1bf0517c31_f.jpg
7065254,https://recipe1.ezmember.co.kr/cache/recipe/2025/10/24/17e161aa7d5f790d7c58cd33f889eced1_f.jpg
6853042,https://recipe1.ezmember.co.kr/cache/recipe/2016/07/19/dc398a317f5334c94cb9ec8575a41a4e1_f.jpg
6902763,https://recipe1.ezmember.co.kr/cache/recipe/2018/12/27/62bc6bf92768c81ee2b1cf9c6b24ba611_f.jpg
6900085,https://recipe1.ezmember.co.kr/cache/recipe/2018/11/13/08e1f031c6bbb433471b10df3be0345c1_f.jpg
7067521,https://recipe1.ezmember.co.kr/cache/recipe/2025/11/28/62ed4e3d924bd0918fa88bcffb2756aa1_f.jpg
6880412,https://recipe1.ezmember.co.kr/cache/recipe/2017/12/03/67747acb4b5b4053569c4ae94a1fe4981_f.jpg
6901583,https://recipe1.ezmember.co.kr/cache/recipe/2018/12/09/b84a079249e54167717573721eeb29d51_f.jpg
6988644,https://recipe1.ezmember.co.kr/cache/recipe/2022/10/04/d52867b42428965d651d9492e0d81c151_f.jpg
6871465,https://recipe1.ezmember.co.kr/cache/recipe/2017/06/19/ba436131c3cd6b60939b60de61774fbc1_f.jpg
6902591,https://recipe1.ezmember.co.kr/cache/recipe/2018/12/22/43769417c47c485f82c1e9b202adc59b1_f.jpg
6873966,https://recipe1.ezmember.co.kr/cache/recipe/2017/08/02/36d7cbd10715c9c7aadf3483031517201_f.jpg
6973479,https://recipe1.ezmember.co.kr/cache/recipe/2022/01/26/5802d67549f2ccb620bb40033f666a001_f.jpg
6966091,https://recipe1.ezmember.co.kr/cache/recipe/2021/09/29/5685126f42c33484b07def87024558711_f.jpg
6867508,https://recipe1.ezmember.co.kr/cache/recipe/2017/03/27/c7e8296635fcc8007a1081f8030e5b0d1_f.jpg
6959607,https://recipe1.ezmember.co.kr/cache/recipe/2021/06/04/7c8acf3f90d6e325a42cc9de7f507dda1_f.jpg
6980183,https://recipe1.ezmember.co.kr/cache/recipe/2022/05/28/30e26b73c7ef8e58569b3c8dd258c33f1_f.jpg
7031733,https://recipe1.ezmember.co.kr/cache/recipe/2024/08/03/16129c2f974afd63041023438f1fa3581_f.jpg
6800364,https://recipe1.ezmember.co.kr/cache/recipe/2015/05/29/450e1822c76aec9cf011e02cf9542eca1_f.jpg
6906892,https://recipe1.ezmember.co.kr/cache/recipe/2019/02/19/4af4a096afd7c6a6af8cf2b289b06e1a1_f.jpg
6931384,https://recipe1.ezmember.co.kr/cache/recipe/2020/04/08/bebb3e648768cd2c42b2d6e76b37f8ce1_f.jpg
6877436,https://recipe1.ezmember.co.kr/cache/recipe/2017/10/04/7c5b39e524f986f544b4823ee5a959321_f.jpg
6854553,https://recipe1.ezmember.co.kr/cache/recipe/2016/08/16/494fb8e05567998a5040e39c9debf75b1_f.jpg
6920854,https://recipe1.ezmember.co.kr/cache/recipe/2019/10/18/0e307b65e98c91d532698575bf9404bb1_f.jpg
6931727,https://recipe1.ezmember.co.kr/cache/recipe/2020/04/28/6ae03ec98ca42c4088e98870bb27e3f11_f.jpg
7066287,https://recipe1.ezmember.co.kr/cache/recipe/2025/11/07/99ba5bf182339bb578b6e6e3c5aadb9d1_f.jpg
6841287,https://recipe1.ezmember.co.kr/cache/recipe/2016/01/08/7fc405a104f1f587f22968a9ac35e93f1_f.jpg
6857330,https://recipe1.ezmember.co.kr/cache/recipe/2016/09/22/9bc83930096393ce25a764708d3f43811_f.jpg
6901530,https://recipe1.ezmember.co.kr/cache/recipe/2018/12/08/c8f9a3869bcdc16f8a43bd92318022461_f.jpg
7059576,https://recipe1.ezmember.co.kr/cache/recipe/2025/08/04/c5e280bb219f645938ca9ba32d04dde51_f.jpg
6901325,https://recipe1.ezmember.co.kr/cache/recipe/2018/12/04/be83ff9dfabf3894a6484421025c62f91_f.jpg
7057252,https://recipe1.ezmember.co.kr/cache/recipe/2025/06/21/59af249ba77dfd0770560cfd67a43eb71_f.jpg
6889346,https://recipe1.ezmember.co.kr/cache/recipe/2018/05/22/deee634a6b375235dbc7cd2909b574a21_f.jpg
6880638,https://recipe1.ezmember.co.kr/cache/recipe/2017/12/07/15aff022df3e95d0fbd30e683e2c19611_f.jpg
6835426,https://recipe1.ezmember.co.kr/cache/recipe/2015/10/02/58e5574e46c604f258da65ce6d2346ab1_f.jpg
6880202,https://recipe1.ezmember.co.kr/cache/recipe/2017/11/28/bbd6e8611274614e63647b4f6435cc6e1_f.jpg
6960169,https://recipe1.ezmember.co.kr/cache/recipe/2021/06/14/1bccf1626ba85542595af386725ad2d21_f.jpg
6901080,https://recipe1.ezmember.co.kr/cache/recipe/2018/11/30/1accf917e80cf1ab85601f1fe80d38201_f.jpg
6866936,https://recipe1.ezmember.co.kr/cache/recipe/2017/03/16/49bf1a4fc586df447f7b77b0e66eb8a71_f.jpg
6847237,https://recipe1.ezmember.co.kr/cache/recipe/2016/04/27/9aad9efb2a320cc67b710753eda9d14f1_f.jpg
6911211,https://recipe1.ezmember.co.kr/cache/recipe/2019/04/27/cca41fdc546219e88b29f108939372a41_f.jpg
6837611,https://recipe1.ezmember.co.kr/cache/recipe/2015/11/05/00598c0383c01566724b730c3711c18b1_f.jpg
6870034,https://recipe1.ezmember.co.kr/cache/recipe/2017/05/19/a04ab0fbbd6878de171c71d9d51caed51_f.jpg
6913401,https://recipe1.ezmember.co.kr/cache/recipe/2019/06/06/fa7bc0909c51deee5b327343ade469fb1_f.jpg
4793263,https://recipe1.ezmember.co.kr/cache/recipe/2015/06/08/3abe5ac80bdcd01b683ca5950b4eac8b_f.jpg
7074294,https://recipe1.ezmember.co.kr/cache/recipe/2026/04/06/173b98f67e0743b6b1b20358517ad3e11_f.jpg
7070139,https://recipe1.ezmember.co.kr/cache/recipe/2026/01/19/e2284978a6545244fdf05f72ab0e26941_f.jpg
7071308,https://recipe1.ezmember.co.kr/cache/recipe/2026/02/09/3786217d287e75f72ac4f54d359dafaa1_f.jpg
6860360,https://recipe1.ezmember.co.kr/cache/recipe/2016/10/17/b398649f8b358e2ca39b789d3d78edba1_f.jpg
6928980,https://recipe1.ezmember.co.kr/cache/recipe/2020/03/06/b60d3cc089f424cefac3047d5f85d13e1_f.jpg
6955071,https://recipe1.ezmember.co.kr/cache/recipe/2021/03/12/1d3003051497b1daf2243e8cb28cc3311_f.jpg
6935967,https://recipe1.ezmember.co.kr/cache/recipe/2020/07/07/79a3f8e7e5902a25415b411939e939e71_f.jpg
6849937,https://recipe1.ezmember.co.kr/cache/recipe/2016/05/25/e4c0e46d9aeac0c31b760cf862f69da61_f.jpg
6949054,https://recipe1.ezmember.co.kr/cache/recipe/2020/12/22/82c443283538232be9ac495bf6c9935d1_f.jpg
6884333,https://recipe1.ezmember.co.kr/cache/recipe/2018/02/21/18872484be8cbb05ad3b82111dcfadb21_f.jpg
6982771,https://recipe1.ezmember.co.kr/cache/recipe/2022/07/04/6356b2f293f5b32e73bed09d7f2630bf1_f.jpg
6858630,https://recipe1.ezmember.co.kr/cache/recipe/2016/10/19/a7ca3754ca1912a7374c929ef3a4778d1_f.jpg
6837409,https://recipe1.ezmember.co.kr/cache/recipe/2015/11/03/5772926793c1fb449ba36f4596e0e4ba1_f.jpg
7033412,https://recipe1.ezmember.co.kr/cache/recipe/2024/08/28/a825680622e7db79005640de959245251_f.jpg
6886663,https://recipe1.ezmember.co.kr/cache/recipe/2018/04/04/157dbd944277acc344bed401448dac231_f.jpg
6990660,https://recipe1.ezmember.co.kr/cache/recipe/2022/10/30/9160f774e7887262b315b884cd5d12161_f.jpg
6900701,https://recipe1.ezmember.co.kr/cache/recipe/2018/11/23/c4d5f830a1890194c4c5b11796bc478d1_f.jpg
6913218,https://recipe1.ezmember.co.kr/cache/recipe/2019/06/03/01c34d651f44c14fe5a09a310ea5607f1_f.jpg
7054716,https://recipe1.ezmember.co.kr/cache/recipe/2025/06/07/15c33faf3cabe3da62aa5698d7a8fda41_f.jpg
6898063,https://recipe1.ezmember.co.kr/cache/recipe/2018/10/17/0f09faa606e563cdab243d41ab6513c11_f.jpg
6969771,https://recipe1.ezmember.co.kr/cache/recipe/2021/11/27/a07ec1fe4a05df92cc5e7ae74fba058f1_f.jpg
6900018,https://recipe1.ezmember.co.kr/cache/recipe/2018/11/12/efdc515fb683b9f198d3dbc7ba31beb61_f.jpg
6974469,https://recipe1.ezmember.co.kr/cache/recipe/2021/06/03/58c639aa96fe0e14be6b8d9b6888f2701_f.jpg
6949845,https://recipe1.ezmember.co.kr/cache/recipe/2021/01/02/c465ce8eb3992f38564788846f38b1921_f.jpg
6971274,https://recipe1.ezmember.co.kr/cache/recipe/2021/12/20/235ca485c88f5edc33e849c05bb2c9bf1_f.jpg
6976973,https://recipe1.ezmember.co.kr/cache/recipe/2022/03/27/727c6d49db10a5530d4805af44dd49c61_f.jpg
6879634,https://recipe1.ezmember.co.kr/cache/recipe/2017/11/15/ea6303b88561b702aba905a5a435c8931_f.jpg
6893225,https://recipe1.ezmember.co.kr/cache/recipe/2018/07/28/268ffdf32bbf2d183e3a65d44d5492671_f.jpg
7048909,https://recipe1.ezmember.co.kr/cache/recipe/2025/03/31/e14e57fb277ab20e524e19a689766a941_f.jpg
6947370,https://recipe1.ezmember.co.kr/cache/recipe/2020/11/24/7cc9fa241c6d360e36c756649e302dc81_f.jpg
6910539,https://recipe1.ezmember.co.kr/cache/recipe/2019/04/15/a04d1696800ed91d888b1891ba99e55f1_f.png
7018292,https://recipe1.ezmember.co.kr/cache/recipe/2024/01/22/1ffa1b21070469197c79738ab084b5561_f.jpg
6858811,https://recipe1.ezmember.co.kr/cache/recipe/2016/10/21/3c3c95534f19900a5e90543709dc40e41_f.jpg
6957422,https://recipe1.ezmember.co.kr/cache/recipe/2021/04/26/4f193c8033c5f9f936c3c9194ee9c0891_f.jpg
6870663,https://recipe1.ezmember.co.kr/cache/recipe/2017/06/02/b0fdd8f5e1e1b23a776c15067308b9571_f.jpg
6855406,https://recipe1.ezmember.co.kr/cache/recipe/2016/08/26/92aa848cca14b7ded7c88246d202f6071_f.jpg
5818416,https://recipe1.ezmember.co.kr/cache/recipe/2015/03/25/4d10f5da30a66907ccc81e854ad37b821_f.jpg
6712252,https://recipe1.ezmember.co.kr/cache/recipe/2015/04/17/285507dbf828db0c5dee9f16623421e91_f.jpg
6912607,https://recipe1.ezmember.co.kr/cache/recipe/2019/05/12/08ebd01bedc812c3c152142843b0dddd1_f.jpg
6903164,https://recipe1.ezmember.co.kr/cache/recipe/2018/12/30/6e5947d1e7fabfb15a9bd6c11f41b2551_f.jpg
6992621,https://recipe1.ezmember.co.kr/cache/recipe/2022/11/24/5765554b1773dad4b9da015a2eed4ce21_f.jpg
6863942,https://recipe1.ezmember.co.kr/cache/recipe/2017/01/15/e2055b3217386bbf1d4aef67db83c5401_f.jpg
6903224,https://recipe1.ezmember.co.kr/cache/recipe/2018/12/31/91a20c1eab262fadc3ab2840f96d23a21_f.jpg
2306622,https://recipe1.ezmember.co.kr/cache/recipe/2015/08/13/ffc43ae89c738f740caf6ff6886ed98c_f.jpg
6966118,https://recipe1.ezmember.co.kr/cache/recipe/2021/10/01/aade1a6cc76d1345be7db6926b580f241_f.jpg
7058374,https://recipe1.ezmember.co.kr/cache/recipe/2025/07/20/2e74a572b0d06e57209a6f11118ad1481_f.jpg
6832133,https://recipe1.ezmember.co.kr/cache/recipe/2015/08/17/d196ac5ee93d3d9034298e6400c9e44c1_f.jpg
6878933,https://recipe1.ezmember.co.kr/cache/recipe/2017/11/02/bdd6c354e63a0ff92609203f99cfc9b51_f.jpg
6915883,https://recipe1.ezmember.co.kr/cache/recipe/2019/07/15/425db1cf7415df32de192d59f80dc4ec1_f.jpg
6858225,https://recipe1.ezmember.co.kr/cache/recipe/2016/10/11/ff336bcfd843612b67f42d67cc3780ac1_f.jpg
6907163,https://recipe1.ezmember.co.kr/cache/recipe/2019/02/23/30ed4c7e55a7d9770522d96cb4655f6e1_f.jpg
6907527,https://recipe1.ezmember.co.kr/cache/recipe/2019/03/01/7b6c1c56623e7205874c78f7b106a26a1_f.jpg
6833676,https://recipe1.ezmember.co.kr/cache/recipe/2015/08/28/dd9a48ab8fec0cebf209106de7d8bc6e1_f.jpg
6910614,https://recipe1.ezmember.co.kr/cache/recipe/2019/04/16/4647fbcab67672e673a1704d23e2863e1_f.jpg
6893092,https://recipe1.ezmember.co.kr/cache/recipe/2018/07/25/a6e0408192db3faffef005814c7cd7bb1_f.jpg
6964182,https://recipe1.ezmember.co.kr/cache/recipe/2021/08/29/52abffc05279b80fdb65c793d4cb587c1_f.jpg
7055631,https://recipe1.ezmember.co.kr/cache/recipe/2025/06/11/6c5252aadcd94cde4569368c92c84d1b1_f.jpg
7011945,https://recipe1.ezmember.co.kr/cache/recipe/2023/10/20/954aac73c7917bc3e4c1d7e9572d216d1_f.jpg
6841354,https://recipe1.ezmember.co.kr/cache/recipe/2016/01/10/f5521cfad89cddafecfa7b04b9db9d591_f.jpg
6928857,https://recipe1.ezmember.co.kr/cache/recipe/2020/03/18/d30f44ed8eb772de03d452f09e6e03461_f.jpg
6900314,https://recipe1.ezmember.co.kr/cache/recipe/2018/11/17/1830b8233379d09c86f4ea7c4157cdc71_f.jpg
6833783,https://recipe1.ezmember.co.kr/cache/recipe/2015/09/08/35c5f58b043d7e28dfbe168d8e2145f61_f.jpg
6883247,https://recipe1.ezmember.co.kr/cache/recipe/2018/01/23/9fdb95ee093b8a0a7c0942c04c2e37941_f.jpg
6881446,https://recipe1.ezmember.co.kr/cache/recipe/2017/12/27/5fa509b8f90ac1cb932f68e211e3b3071_f.jpg
6940894,https://recipe1.ezmember.co.kr/cache/recipe/2020/09/04/c95cc07c98ea984fc1526d79fffd24511_f.jpg
6836100,https://recipe1.ezmember.co.kr/cache/recipe/2015/10/13/cd1866cd32e1be028a961c2b10d0427e1_f.png
6999683,https://recipe1.ezmember.co.kr/cache/recipe/2023/03/26/4fb4eb9b86ce242a25bd54b3b90fda831_f.jpg
6928444,https://recipe1.ezmember.co.kr/cache/recipe/2020/03/13/27273c63b2fea212d7ea8fd517b3978c1_f.jpg
6899521,https://recipe1.ezmember.co.kr/cache/recipe/2018/11/06/559e4549578c1119e4a25fe0ba88be181_f.jpg
6877485,https://recipe1.ezmember.co.kr/cache/recipe/2017/09/29/2ea2b462c73ac9e466ddfb7f0b489be51_f.jpg
6982481,https://recipe1.ezmember.co.kr/cache/recipe/2022/06/29/b36c05ae85bee97ccdd5f78aa3316a991_f.jpg
6907942,https://recipe1.ezmember.co.kr/cache/recipe/2019/03/07/44a07ed7bf49938e13a24a8fe6fa481d1_f.jpg
6933893,https://recipe1.ezmember.co.kr/cache/recipe/2020/06/06/2d49afc7b5073a1f7f4ed0e0e1288bb11_f.jpg
6893797,https://recipe1.ezmember.co.kr/cache/recipe/2018/08/08/33c84ea803b940688a160c3291f534731_f.jpg
6957979,https://recipe1.ezmember.co.kr/cache/recipe/2021/05/07/7dd3a33a90c603faea1d6755149a11a11_f.jpg
7043496,https://recipe1.ezmember.co.kr/cache/recipe/2025/01/26/c52f954de1a3cc6df0534781aa05d50e1_f.jpg
6968604,https://recipe1.ezmember.co.kr/cache/recipe/2021/11/10/4211fac58e60b61fa6245dac3c5d7fd31_f.jpg
7071866,https://recipe1.ezmember.co.kr/cache/recipe/2026/02/20/5e8d623f2eceb0186b2351dfaaba19901_f.jpg
6866707,https://recipe1.ezmember.co.kr/cache/recipe/2017/03/12/4d76f7d547aa5c81b3912fae01da74c11_f.jpg
6926339,https://recipe1.ezmember.co.kr/cache/recipe/2020/02/09/8c371da34929a0a392a9c368b7213dfd1_f.jpg
6863152,https://recipe1.ezmember.co.kr/cache/recipe/2016/12/27/c1cef1e7bc321d5ea1749b3991f65eca1_f.jpg
6961890,https://recipe1.ezmember.co.kr/cache/recipe/2021/07/17/5e1fa4bcd1634108c0103a80b957e1d11_f.jpg
6840395,https://recipe1.ezmember.co.kr/cache/recipe/2015/12/21/d12f1ebc510e5864d73e0a07b6909b0f1_f.jpg
6932770,https://recipe1.ezmember.co.kr/cache/recipe/2020/05/16/95918573d1cfea37eb9397536d75109e1_f.jpg
6925441,https://recipe1.ezmember.co.kr/cache/recipe/2020/01/23/1999e5058524cc80a42e911e5ab0ef9a1_f.jpg
6888971,https://recipe1.ezmember.co.kr/cache/recipe/2018/05/16/9d232d8adc639067b6187f1a0276e7a71_f.jpg
6872094,https://recipe1.ezmember.co.kr/cache/recipe/2017/07/02/8413cde838447ac7302fab3b3b0de31a1_f.jpg
6882438,https://recipe1.ezmember.co.kr/cache/recipe/2018/01/14/d6e4fa0cffa28157174d77fc859562c91_f.jpg
6837021,https://recipe1.ezmember.co.kr/cache/recipe/2015/10/28/68faec9a5902f52fd4ef2676a086c1831_f.jpg
6839182,https://recipe1.ezmember.co.kr/cache/recipe/2015/12/04/a91d3d62806f48471cedfef3851779c71_f.jpg
6915253,https://recipe1.ezmember.co.kr/cache/recipe/2019/07/04/bfe810ae79686ab6897b72ddb09b5a451_f.jpg
6879897,https://recipe1.ezmember.co.kr/cache/recipe/2017/11/21/0232a5c5b27f123e1deedca5378808dd1_f.jpg
6835266,https://recipe1.ezmember.co.kr/cache/recipe/2015/09/30/b9e13f952fb3d45fad5c37c5ed3e0a951_f.jpg
7016535,https://recipe1.ezmember.co.kr/cache/recipe/2023/12/26/9d1882e98d82d8712d8a4780d195499b1_f.jpg
6909790,https://recipe1.ezmember.co.kr/cache/recipe/2019/04/03/69f6e48684b2f2227658ef2b6857ddb01_f.jpg
6988455,https://recipe1.ezmember.co.kr/cache/recipe/2022/10/01/102b6fb428151485ab86c0562ab179b31_f.jpg
6831527,https://recipe1.ezmember.co.kr/cache/recipe/2015/08/11/61b13140791b9ddb8d7e28c428250fc91_f.jpg
6873341,https://recipe1.ezmember.co.kr/cache/recipe/2017/07/24/77b3d5eacd3234c0ca07a22f310332d21_f.png
6949954,https://recipe1.ezmember.co.kr/cache/recipe/2021/01/03/23788196a1f0e2ae72e674d8238bf54b1_f.jpg
6882437,https://recipe1.ezmember.co.kr/cache/recipe/2018/01/17/80d77fe163ef328f051699fcda8b7b0b1_f.jpg
6930417,https://recipe1.ezmember.co.kr/cache/recipe/2020/04/11/3727fe72d9ffbb83210dc47c668f03311_f.jpg
6896718,https://recipe1.ezmember.co.kr/cache/recipe/2018/09/28/59350f1f83ed0fed32331cfaad644e641_f.jpg
7018265,https://recipe1.ezmember.co.kr/cache/recipe/2024/01/22/9eeb900dd2582a7c214833e18515113b1_f.jpg
6948524,https://recipe1.ezmember.co.kr/cache/recipe/2020/12/15/9d266b60c3586e5586b03423fc6bebe41_f.jpg
6847977,https://recipe1.ezmember.co.kr/cache/recipe/2016/05/11/fb2e0d0d421b8dfeb7f3d5d5ee10b2a31_f.jpg
6875402,https://recipe1.ezmember.co.kr/cache/recipe/2017/08/26/2a267062a44c5e95b046c1a18dea0a6d1_f.jpg
6920532,https://recipe1.ezmember.co.kr/cache/recipe/2019/10/13/a5b0d15fd86b4e647b89f3a7a8cf82801_f.jpg
4820035,https://recipe1.ezmember.co.kr/cache/recipe/2015/06/08/cebac324e03deedcd1360bc3006cad7c_f.jpg
6726021,https://recipe1.ezmember.co.kr/cache/recipe/2015/04/24/ca1f7681393d8d0723a51388cda8f5c91_f.JPG
6915327,https://recipe1.ezmember.co.kr/cache/recipe/2019/07/05/751c7adaefbeb232b746fbb4b2216e931_f.jpg
6980863,https://recipe1.ezmember.co.kr/cache/recipe/2022/06/08/e11ec82a75c0cd5e8aefe62492e276831_f.jpg
7062895,https://recipe1.ezmember.co.kr/cache/recipe/2025/09/13/9945776b9e629fd2c2288abd8d5b23bd1_f.jpg
6828701,https://recipe1.ezmember.co.kr/cache/recipe/2015/06/11/ef472570eb8b1b0ba9e942bf966c61f91_f.jpg
6895634,https://recipe1.ezmember.co.kr/cache/recipe/2018/09/07/7ee546a00cdcfb84d64ba6f027335de91_f.jpg
6932425,https://recipe1.ezmember.co.kr/cache/recipe/2020/05/10/b5c2f29ee54d0d270a9a8775c610d08a1_f.jpg
6836133,https://recipe1.ezmember.co.kr/cache/recipe/2015/10/14/d39b560ab0ecf5ded3f6bfdf536d5c231_f.jpg
6868658,https://recipe1.ezmember.co.kr/cache/recipe/2017/04/19/d5d72639d8d997c18317b3508fbd50791_f.jpg
6875428,https://recipe1.ezmember.co.kr/cache/recipe/2017/08/27/336c2c8940af261eb2a2f8dc76cbda2b1_f.jpg
6981277,https://recipe1.ezmember.co.kr/cache/recipe/2022/06/14/d7eb3f924ba2348962b6912cf150878d1_f.jpg
4555995,https://recipe1.ezmember.co.kr/cache/recipe/2015/06/19/7a4bba52fe1010116b783ce9a88438c9_f.jpg
6852823,https://recipe1.ezmember.co.kr/cache/recipe/2016/07/15/c242811b1f9651627f33a41416969c7a1_f.jpg
4003549,https://recipe1.ezmember.co.kr/cache/recipe/2015/06/08/997277f38f5eef87eec656a6f3994e50_f.jpg
6928421,https://recipe1.ezmember.co.kr/cache/recipe/2020/03/13/38ee9fc377793a6c8738f11d2200d0621_f.jpg
6917781,https://recipe1.ezmember.co.kr/cache/recipe/2019/08/19/3d1acef7eadaac23ec711b981e63f4221_f.jpg
6957582,https://recipe1.ezmember.co.kr/cache/recipe/2021/04/29/6b1f2639a83722cdf3be32f2cba340fb1_f.jpg
6837316,https://recipe1.ezmember.co.kr/cache/recipe/2015/11/02/8d314f5fac889f4f8367612e64d797a61_f.jpg
6869859,https://recipe1.ezmember.co.kr/cache/recipe/2017/05/16/ad361d785a94ee6b591f354232caadba1_f.jpg
6867489,https://recipe1.ezmember.co.kr/cache/recipe/2017/03/27/6565d2e5a181e7a136308abc0d82db1b1_f.jpg
7065132,https://recipe1.ezmember.co.kr/cache/recipe/2025/10/26/edcd393891c6c2db6821a79c1b8fcb8a1_f.jpg
6884142,https://recipe1.ezmember.co.kr/cache/recipe/2018/02/18/6fa5028e3d24c7dc768c711fe31616ac1_f.jpg
6879803,https://recipe1.ezmember.co.kr/cache/recipe/2017/11/19/0c91b359c615fdffb3f4e4a58f127e661_f.jpg
6928913,https://recipe1.ezmember.co.kr/cache/recipe/2020/03/20/23129122c4c2adc2806428a010a6742b1_f.jpg
7073477,https://recipe1.ezmember.co.kr/cache/recipe/2026/03/23/096a6fab3176424a738fc393e9b903b61_f.jpg
6919715,https://recipe1.ezmember.co.kr/cache/recipe/2019/09/26/dec416e35507f19dbd1cef008d71ec971_f.jpg
6937583,https://recipe1.ezmember.co.kr/cache/recipe/2020/07/26/7a35bffe21f1361ec88cf42dc91ec5aa1_f.jpg
7062676,https://recipe1.ezmember.co.kr/cache/recipe/2025/09/13/01b30fbed5eb3ca81a20573b09e118861_f.jpg
6904222,https://recipe1.ezmember.co.kr/cache/recipe/2019/01/13/82ea83cf5dba1371e0006c2a79aa47d21_f.jpg
6897513,https://recipe1.ezmember.co.kr/cache/recipe/2018/10/10/0c5352c5c24b6815adeb0889ee62af6b1_f.jpg
6875830,https://recipe1.ezmember.co.kr/cache/recipe/2017/08/27/bf42b2aff0e7fffd5aaaf61e6a003ba01_f.jpg
6946174,https://recipe1.ezmember.co.kr/cache/recipe/2020/11/12/8d821c70c09af279af5b892f337c39ba1_f.jpg
6843047,https://recipe1.ezmember.co.kr/cache/recipe/2016/02/15/52e080c9c5275e8667c88774053cc0141_f.jpg
6931545,https://recipe1.ezmember.co.kr/cache/recipe/2020/04/25/2bd934e1d3c64453dc34f38c475e8a7c1_f.jpg
6854606,https://recipe1.ezmember.co.kr/cache/recipe/2016/08/14/f4b910bf362769936932b300b75c6dde1_f.jpg
6831765,https://recipe1.ezmember.co.kr/cache/recipe/2015/08/12/e671da57d52f97d3d5e55204cbfa0c611_f.jpg
6840451,https://recipe1.ezmember.co.kr/cache/recipe/2015/11/12/a0baf5591c134d1b53c70b5e43a305dd1_f.jpg
6917242,https://recipe1.ezmember.co.kr/cache/recipe/2019/08/10/3d3c454181bcf4ab3db2005cf78bde351_f.jpg
6838344,https://recipe1.ezmember.co.kr/cache/recipe/2015/11/19/7f7c71ba0f68d1fe629a442ae77b62b31_f.jpg
6941632,https://recipe1.ezmember.co.kr/cache/recipe/2020/09/12/78631e43d141bfccc2e162d5789624e51_f.jpg
4031099,https://recipe1.ezmember.co.kr/cache/recipe/2015/06/22/49183a58a4d30bb6f11e73fe495c08ec_f.jpg
6907293,https://recipe1.ezmember.co.kr/cache/recipe/2019/02/25/99a65cf269cf2e34301129e281549b221_f.jpg
6881388,https://recipe1.ezmember.co.kr/cache/recipe/2017/12/26/1a775b7d10d489d39e95060377236d191_f.jpg
6920226,https://recipe1.ezmember.co.kr/cache/recipe/2019/10/04/4f9151b6de0615be4cae048c8fab8f371_f.jpg
6879534,https://recipe1.ezmember.co.kr/cache/recipe/2017/11/14/43fb1f7e913b79140ea97ec0b6ee803c1_f.jpg
6830519,https://recipe1.ezmember.co.kr/cache/recipe/2015/07/22/99672b83e30d18dc1ceb2df842d4b7201_f.jpg
6843122,https://recipe1.ezmember.co.kr/cache/recipe/2016/02/16/f03b03e8cea8a236e8168eba0d4796a41_f.jpg
6842322,https://recipe1.ezmember.co.kr/cache/recipe/2016/01/29/f98a98e6b18c91bdce01f1fe246f18c51_f.jpg
6902902,https://recipe1.ezmember.co.kr/cache/recipe/2018/12/26/fc649ac38383e1cbf2cb722ae8a62c811_f.jpg
6956419,https://recipe1.ezmember.co.kr/cache/recipe/2021/04/07/2c79c1299ba655569c66aff9fb4975341_f.jpg
6857639,https://recipe1.ezmember.co.kr/cache/recipe/2016/09/28/413fe57b314d3a61d6e029d0db063af11_f.jpg
6854194,https://recipe1.ezmember.co.kr/cache/recipe/2016/08/08/3db4a45488d27182d207521489ab88a21_f.jpg
6981681,https://recipe1.ezmember.co.kr/cache/recipe/2022/06/17/38de8ca78eff2ad0c3d0869762974b561_f.jpg
6892505,https://recipe1.ezmember.co.kr/cache/recipe/2018/07/13/d7d86053cc53f804a093f68f7bbbf82b1_f.jpg
6832110,https://recipe1.ezmember.co.kr/cache/recipe/2015/08/17/bbcc516033d843a83d45bd7ea9677df11_f.jpg
6872859,https://recipe1.ezmember.co.kr/cache/recipe/2017/07/17/5dcdc989ba70923cc17f73d4f7370f2b1_f.jpg
6998039,https://recipe1.ezmember.co.kr/cache/recipe/2023/02/21/46afad5225f44e29e610dfe4f4e58a671_f.jpg
6963899,https://recipe1.ezmember.co.kr/cache/recipe/2021/08/24/85c65a99c0e6ecdb08f774d04f0790c71_f.jpg
6904946,https://recipe1.ezmember.co.kr/cache/recipe/2019/01/20/fc865e6f41a4195eb04d63ea16e4d4fe1_f.jpg
6942025,https://recipe1.ezmember.co.kr/cache/recipe/2020/09/16/128ef916f42521ed10cdbd79f347cf381_f.jpg
7072066,https://recipe1.ezmember.co.kr/cache/recipe/2026/02/05/029e83e057e477cf488897b1b1e34e2d1_f.jpg
6894880,https://recipe1.ezmember.co.kr/cache/recipe/2018/08/28/7cc57a54b06af06843ed2763958b1b591_f.jpg
6909645,https://recipe1.ezmember.co.kr/cache/recipe/2019/04/01/f33bccf3b6b513410d00f17ba85924361_f.jpg
6894705,https://recipe1.ezmember.co.kr/cache/recipe/2018/08/24/f168986bd0eac2396d14babcc8c2bde91_f.jpg
6928332,https://recipe1.ezmember.co.kr/cache/recipe/2020/03/12/a10366fa1118f773addcac16d86d04881_f.jpg
6904885,https://recipe1.ezmember.co.kr/cache/recipe/2019/01/21/0f592156fbab2e986607170dbd61fd371_f.jpg
6882281,https://recipe1.ezmember.co.kr/cache/recipe/2018/01/22/433c5fec33cde15f052c50c5a45f32321_f.jpg
6923460,https://recipe1.ezmember.co.kr/cache/recipe/2019/12/12/e1a9f889a9d187df18da17e02d7335201_f.jpg
7015017,https://recipe1.ezmember.co.kr/cache/recipe/2023/12/04/9064c4fd5c229be60541b4cf83a01acb1_f.jpg
6939217,https://recipe1.ezmember.co.kr/cache/recipe/2020/08/14/8094b0a945b7d43ad0c1d46e53a3555d1_f.jpg
6877618,https://recipe1.ezmember.co.kr/cache/recipe/2017/10/10/a232015fe107e130894a4e28795038e91_f.jpg
7050084,https://recipe1.ezmember.co.kr/cache/recipe/2025/04/12/972322ff5844fbb3bed2419631b6c7b51_f.jpg
6953278,https://recipe1.ezmember.co.kr/cache/recipe/2021/02/11/35c2450e79a348d87118357f584aa20d1_f.jpg
6900845,https://recipe1.ezmember.co.kr/cache/recipe/2018/11/26/070ebd7681f4f7f4c7b5398e3ab4711c1_f.jpg
6937590,https://recipe1.ezmember.co.kr/cache/recipe/2020/07/27/af382e50d4bea878a37aad820904591c1_f.jpg
6949856,https://recipe1.ezmember.co.kr/cache/recipe/2021/01/02/561c2d14f365dae81a10d0ddc146842b1_f.jpg
6915760,https://recipe1.ezmember.co.kr/cache/recipe/2019/07/13/edf3442d1f56c27493d439bdd2ecfacf1_f.jpg
6834286,https://recipe1.ezmember.co.kr/cache/recipe/2015/09/13/e76372b9ad2d0d4a32fd4e43993fb0981_f.jpg
6935977,https://recipe1.ezmember.co.kr/cache/recipe/2020/07/07/7ab99a24c0a86670a3d3679fab0700f11_f.jpg
6945539,https://recipe1.ezmember.co.kr/cache/recipe/2020/10/29/3e7a65e0445d8fb1a141ee6e4dfba46d1_f.jpg
6983662,https://recipe1.ezmember.co.kr/cache/recipe/2022/07/16/f42928cfe61a646ef30746f27d6d42ef1_f.jpg
6955207,https://recipe1.ezmember.co.kr/cache/recipe/2021/03/15/6a3e0e86e02d51e48255504ad5d4a2c61_f.jpg
6690857,https://recipe1.ezmember.co.kr/cache/recipe/2015/05/16/18873ccc69b0c8d04fdb6dcb55db8c6e1_f.jpg
6928107,https://recipe1.ezmember.co.kr/cache/recipe/2020/03/10/44d1a55d7599d6a8be7f0650f6ae46841_f.jpg
6908352,https://recipe1.ezmember.co.kr/cache/recipe/2019/03/10/c0da043d9f95429a0d639ffb698359561_f.jpg
6970739,https://recipe1.ezmember.co.kr/cache/recipe/2021/12/12/66b9f6ef56eb5ee629810f2ddac39b111_f.jpg
6981887,https://recipe1.ezmember.co.kr/cache/recipe/2022/06/21/34631919bb4f131354b2aefae0c84de21_f.jpg
6853515,https://recipe1.ezmember.co.kr/cache/recipe/2016/07/27/4148e5cc7fdaaa52aa0c83a51e597b091_f.jpg
6833634,https://recipe1.ezmember.co.kr/cache/recipe/2015/09/05/8b23541a8e61f1b005ae29fa32903b071_f.jpg
6852726,https://recipe1.ezmember.co.kr/cache/recipe/2016/07/14/c25ee326ca84356fbe508c334e4120481_f.jpg
7004193,https://recipe1.ezmember.co.kr/cache/recipe/2023/06/16/6569a79a5bcdaf762521f7972af127aa1_f.jpg
6795314,https://recipe1.ezmember.co.kr/cache/recipe/2015/05/27/06d69224cd5eecb357d1cf5afa50c4931_f.jpg
6878043,https://recipe1.ezmember.co.kr/cache/recipe/2017/10/16/afdd04c4fbf6a98e4c14ff2d7894ccbf1_f.jpg
7045828,https://recipe1.ezmember.co.kr/cache/recipe/2025/03/05/349a1283fa52224ee9bcc0252e374a021_f.jpg
6957118,https://recipe1.ezmember.co.kr/cache/recipe/2021/04/20/10d58476e4aa43e199dc139d05cd4c4d1_f.jpg
7049799,https://recipe1.ezmember.co.kr/cache/recipe/2025/04/09/c8cc1aaaf3e50ad49daf710d588304c91_f.jpg
6983720,https://recipe1.ezmember.co.kr/cache/recipe/2022/07/17/4a161e95d3e2a1b0311496750e5a639e1_f.jpg
6999623,https://recipe1.ezmember.co.kr/cache/recipe/2023/03/27/48b5b2598f9aafc55c917f5874e4e9c11_f.jpg
6961593,https://recipe1.ezmember.co.kr/cache/recipe/2021/07/12/9478a2d45278d415f695e299f70b28231_f.jpg
6867904,https://recipe1.ezmember.co.kr/cache/recipe/2017/04/04/efd7f986e9258ce9427fdc0eecd568cd1_f.jpg
6878377,https://recipe1.ezmember.co.kr/cache/recipe/2017/10/23/4a808aef647c834c920220efca678b461_f.jpg
5637137,https://recipe1.ezmember.co.kr/cache/recipe/2015/04/09/469c8c659daa68f4b12ab601d1f322451_f.jpg
6921651,https://recipe1.ezmember.co.kr/cache/recipe/2019/11/05/094080f01da561c947f13e7f627d511a1_f.jpg
7057445,https://recipe1.ezmember.co.kr/cache/recipe/2025/06/25/4f12f7e6d0299e4547daeef373d33f5b1_f.jpg
6893720,https://recipe1.ezmember.co.kr/cache/recipe/2018/08/07/2d746ce1c2a8010d7c7fe4f098013e1d1_f.jpg
6862474,https://recipe1.ezmember.co.kr/cache/recipe/2016/12/11/7c0ecf669b2b6980ac3b71018a3b5e071_f.jpg
6850363,https://recipe1.ezmember.co.kr/cache/recipe/2016/07/05/08971f21bd3871c5794d3c14d03b181e1_f.jpg
6863943,https://recipe1.ezmember.co.kr/cache/recipe/2017/01/15/8c94461563f660f8997c66b35746c0941_f.jpg
6930298,https://recipe1.ezmember.co.kr/cache/recipe/2020/04/09/8cb0f8b9fa0f1e2681031a2ab279be531_f.jpg
6903824,https://recipe1.ezmember.co.kr/cache/recipe/2019/01/08/66a5a9223f092ebefad7d5b2018d297b1_f.jpg
6875049,https://recipe1.ezmember.co.kr/cache/recipe/2017/08/20/d3f438836772ad12f6ba08077cda05471_f.jpg
6865738,https://recipe1.ezmember.co.kr/cache/recipe/2017/02/23/a673f82c26a7c00bfd9503655dfd68c11_f.jpg
6949191,https://recipe1.ezmember.co.kr/cache/recipe/2020/12/23/934c6d5bc03d39841e3b56bcc8cd19ad1_f.jpg
6917165,https://recipe1.ezmember.co.kr/cache/recipe/2019/08/08/0d7565fe68c482e1fde60dda826db6e81_f.jpg
6851744,https://recipe1.ezmember.co.kr/cache/recipe/2016/06/28/00e6ba291ad7167dcc04f31d03138c3d1_f.jpg
6894317,https://recipe1.ezmember.co.kr/cache/recipe/2018/08/17/91378ecc79be8adddbdf03634f0885201_f.jpg
6974035,https://recipe1.ezmember.co.kr/cache/recipe/2022/02/05/07134e70f679c34b9f0f2d36c1a40b4f1_f.jpg
6909276,https://recipe1.ezmember.co.kr/cache/recipe/2019/03/27/da29f8c7266f5141c9f2fc081605ca371_f.jpg
6877020,https://recipe1.ezmember.co.kr/cache/recipe/2017/09/25/74a12517b2f58b85df978846de466d4a1_f.jpg
6881152,https://recipe1.ezmember.co.kr/cache/recipe/2017/12/20/cf208e397d9d1fd2a22b78b30f161e8b1_f.jpg
6837462,https://recipe1.ezmember.co.kr/cache/recipe/2015/11/04/cfced188aa7d186df2fb7d011101e7d11_f.jpg
6922650,https://recipe1.ezmember.co.kr/cache/recipe/2019/11/25/a28886b412c14dc7c477b03b5d9146861_f.jpg
6874936,https://recipe1.ezmember.co.kr/cache/recipe/2017/08/18/546264b8f499d3ce0baf798e1cdbdf231_f.jpg
6762181,https://recipe1.ezmember.co.kr/cache/recipe/2015/05/14/aa06bb6baf1d652d032f86f3400eb1471_f.jpg
7034442,https://recipe1.ezmember.co.kr/cache/recipe/2024/09/13/c4e587a5401b937ba9c4b48e1bdba2ca1_f.jpg
6914075,https://recipe1.ezmember.co.kr/cache/recipe/2019/06/16/b0df66a7bc6c45eb2fd36bf2dc8cf4ef1_f.jpg
6842198,https://recipe1.ezmember.co.kr/cache/recipe/2016/01/27/41b24ab7227b419e9e241b5f973519b51_f.jpg
6894555,https://recipe1.ezmember.co.kr/cache/recipe/2018/08/22/8cf59aa68be208f45ebd5358fa01bb2b1_f.jpg
6960361,https://recipe1.ezmember.co.kr/cache/recipe/2021/06/17/a2ac21ee1102db78fa40c2b1760fb2a61_f.jpg
6852923,https://recipe1.ezmember.co.kr/cache/recipe/2016/07/18/5e98b53b9b23b8f5d8b3cc685b935f981_f.jpg
6913743,https://recipe1.ezmember.co.kr/cache/recipe/2019/06/10/1fd0a073f7ebe83708a477cfd6da4f101_f.jpg
6930031,https://recipe1.ezmember.co.kr/cache/recipe/2020/04/06/c84ae1d34ef11597cdb4e4b48056b00f1_f.jpg
6912284,https://recipe1.ezmember.co.kr/cache/recipe/2019/05/16/203755fe38431e7e9e09680bbe65c9751_f.jpg
6919189,https://recipe1.ezmember.co.kr/cache/recipe/2019/09/16/83640cffa7baaff8c85da19e392528481_f.jpg
7067057,https://recipe1.ezmember.co.kr/cache/recipe/2025/11/22/0892182f0ddcfcb2f377dc37f7f253d71_f.jpg
6917168,https://recipe1.ezmember.co.kr/cache/recipe/2019/08/08/17cdec1d49a03c2d22ac8df38a25b5dd1_f.jpg
6956945,https://recipe1.ezmember.co.kr/cache/recipe/2021/04/16/b170eb4f00d71d6769b77de19e7c90bb1_f.jpg
6905666,https://recipe1.ezmember.co.kr/cache/recipe/2019/01/31/6b776b5d65f4bf11882de2e131b657fa1_f.jpg
6940690,https://recipe1.ezmember.co.kr/cache/recipe/2020/09/02/605d7c65c058cf7988c0f3d634e788d61_f.jpg
1573002,https://recipe1.ezmember.co.kr/cache/recipe/2015/06/08/b1f58bf5b38951daee040b4770b67abf_f.jpg
6983678,https://recipe1.ezmember.co.kr/cache/recipe/2022/07/16/5082c7c6cdc4b7332b2e13825db757051_f.jpg
6897489,https://recipe1.ezmember.co.kr/cache/recipe/2018/10/07/94b92c63db4f9cba2e86143eb10422ef1_f.jpg
6934093,https://recipe1.ezmember.co.kr/cache/recipe/2020/06/09/4a6383f7c3346906e61d6b0d46d5308b1_f.jpg
6894003,https://recipe1.ezmember.co.kr/cache/recipe/2018/08/11/c2cf00f48768107beb7ae603d961c17d1_f.jpg
6874555,https://recipe1.ezmember.co.kr/cache/recipe/2017/08/11/2d5ee6084bd391ace8ef0dd33a2fa5cf1_f.jpg
6919707,https://recipe1.ezmember.co.kr/cache/recipe/2019/09/26/49e8e4e2937f81a1ab3e24832e2ea4e21_f.jpg
6916244,https://recipe1.ezmember.co.kr/cache/recipe/2019/07/22/e0437201a9cf00ca03f807011a3a2e591_f.jpg
5566805,https://recipe1.ezmember.co.kr/cache/recipe/2015/06/07/fad6fdc26da9d2d031bbb53be0682e1d_f.jpg
6909482,https://recipe1.ezmember.co.kr/cache/recipe/2019/04/14/8c31023536fd63d3b171a5aa195074851_f.jpg
6912061,https://recipe1.ezmember.co.kr/cache/recipe/2019/05/13/f6ee12d817f6ffd92895b65e9403a7561_f.jpg
6865583,https://recipe1.ezmember.co.kr/cache/recipe/2017/02/20/78242d7aa4fa3511fa4a4e39650a09a91_f.jpg
7067343,https://recipe1.ezmember.co.kr/cache/recipe/2025/11/28/a3475740ead5464d1e6f663e7c808b771_f.jpg
6906121,https://recipe1.ezmember.co.kr/cache/recipe/2019/02/08/038068f8de16b85258329335859180331_f.jpg
6909652,https://recipe1.ezmember.co.kr/cache/recipe/2019/04/01/7d333a4092540e23d51b9692282183101_f.jpg
6900986,https://recipe1.ezmember.co.kr/cache/recipe/2018/11/28/727b4731c405601499459be62190713d1_f.jpg
6961668,https://recipe1.ezmember.co.kr/cache/recipe/2021/07/13/5cf4f0ab086bcaf34647f7fc7927ae071_f.jpg
6932113,https://recipe1.ezmember.co.kr/cache/recipe/2020/05/05/ebd81996c7bed60658b430babb9744221_f.jpg
6893078,https://recipe1.ezmember.co.kr/cache/recipe/2018/07/25/27cb47686d66ea888ee2a6c7298da5bb1_f.jpg
7032855,https://recipe1.ezmember.co.kr/cache/recipe/2024/08/19/bddc9259aec6282a2111b813b32764ce1_f.jpg
6872529,https://recipe1.ezmember.co.kr/cache/recipe/2017/07/11/c6056c1f9535db584b3dceab5c5144df1_f.jpg
4469016,https://recipe1.ezmember.co.kr/cache/recipe/2015/06/08/0e501f5729dac7e4f85cbccd67aeddf8_f.jpg
6882679,https://recipe1.ezmember.co.kr/cache/recipe/2018/01/22/a579d4584b64062c0f7f38d7423172691_f.jpg
4718862,https://recipe1.ezmember.co.kr/cache/recipe/2015/06/17/267f11cfb83c47b07f274eb3e1b9c7fd_f.jpg
6843417,https://recipe1.ezmember.co.kr/cache/recipe/2016/02/21/79c5ad8505defae18af76ad3d21507641_f.jpg
2528933,https://recipe1.ezmember.co.kr/cache/recipe/2015/06/08/6ea309958e6755abde9261045ca31316_f.jpg
6882253,https://recipe1.ezmember.co.kr/cache/recipe/2018/01/13/2f0ceb5f877e8829669a1cbd994701121_f.jpg
6895856,https://recipe1.ezmember.co.kr/cache/recipe/2018/09/14/5e1d6b6a8067dac91101ea88f8a7be091_f.jpg
6839735,https://recipe1.ezmember.co.kr/cache/recipe/2015/12/12/8e7300501da0c35b175954af89f1ba211_f.png
6830597,https://recipe1.ezmember.co.kr/cache/recipe/2015/07/23/94b5f03812d217f3bc395ae936cf436f1_f.jpg
6922171,https://recipe1.ezmember.co.kr/cache/recipe/2019/11/14/f20a52ec83e1b58032e49ad6ff1f1ddd1_f.jpg
6946844,https://recipe1.ezmember.co.kr/cache/recipe/2020/11/23/d5906e81265592b540416e3a5e3a53241_f.jpg
6913889,https://recipe1.ezmember.co.kr/cache/recipe/2019/06/13/2f30fa0fc5e0f955eeaec6082cda80481_f.jpg
6950325,https://recipe1.ezmember.co.kr/cache/recipe/2021/01/07/52bf0ccc49c2f4dd5404c67e15edfbff1_f.jpg
6838079,https://recipe1.ezmember.co.kr/cache/recipe/2015/11/13/afc4ce434ed3844c5e879c28632a4ec91_f.jpg
6974817,https://recipe1.ezmember.co.kr/cache/recipe/2022/02/18/7740decb1b3fe50ebed618f99a3ce8c61_f.jpg
6861814,https://recipe1.ezmember.co.kr/cache/recipe/2016/11/28/12a55fa909f50f0d6757e1b3ba94f4681_f.jpg
6896769,https://recipe1.ezmember.co.kr/cache/recipe/2018/09/29/e0b56cd5bc7abf0144091cceaa75add61_f.jpg
6977291,https://recipe1.ezmember.co.kr/cache/recipe/2022/04/04/5601f44ec6b34f41b602284448b999ab1_f.jpg
6861968,https://recipe1.ezmember.co.kr/cache/recipe/2021/10/28/36037c348524c3ae86066a975d5db9b21_f.jpg
6935100,https://recipe1.ezmember.co.kr/cache/recipe/2020/06/26/1d556ba17f2ae8bdf2d41c165541f8e21_f.jpg
6878156,https://recipe1.ezmember.co.kr/cache/recipe/2017/10/18/009042d31a39abd8c2821529903cdf821_f.jpg
7053282,https://recipe1.ezmember.co.kr/cache/recipe/2025/05/21/2bfc082067eec3ef0793ac74443334311_f.jpg
6904043,https://recipe1.ezmember.co.kr/cache/recipe/2019/01/10/423f44e6462236cc4a07208201b8f1581_f.jpg
6874834,https://recipe1.ezmember.co.kr/cache/recipe/2017/08/16/b64a0d3eb429956b9f3c7f5a1abfffab1_f.jpg
6899024,https://recipe1.ezmember.co.kr/cache/recipe/2018/10/30/626f35ea45f1a50c238f29b53e5f4f681_f.jpg
6884118,https://recipe1.ezmember.co.kr/cache/recipe/2018/02/15/eac6385f34f9edc2608394af92f5f6951_f.jpg
6916922,https://recipe1.ezmember.co.kr/cache/recipe/2019/08/05/ba9341b1d30b50c20fe4084d830426f61_f.jpg
6902378,https://recipe1.ezmember.co.kr/cache/recipe/2018/12/19/592efe2a28b9a22752082d734f88fc1d1_f.jpg
6845223,https://recipe1.ezmember.co.kr/cache/recipe/2016/03/25/25791ef32ab2082b61a48f838b25fa8b1_f.jpg
6928141,https://recipe1.ezmember.co.kr/cache/recipe/2020/03/10/c284c869685e4f221956776b935659a91_f.jpg
6937033,https://recipe1.ezmember.co.kr/cache/recipe/2020/07/19/3ef6da21b1d7f3c45f2a98cdad3a0c8b1_f.jpg
6931406,https://recipe1.ezmember.co.kr/cache/recipe/2020/04/23/23287c7864a99189a9157d889bed3b1c1_f.jpg
6903041,https://recipe1.ezmember.co.kr/cache/recipe/2018/12/28/e7b70827a4c3f4708e96ceb2d33a3cf71_f.JPG
4955460,https://recipe1.ezmember.co.kr/cache/recipe/2015/06/02/96927b0e62eb805c12091788b5a17ed11_f.jpg
6887351,https://recipe1.ezmember.co.kr/cache/recipe/2018/04/15/40135f28ac9a889bb398244856a9fb3a1_f.jpg
6936774,https://recipe1.ezmember.co.kr/cache/recipe/2020/07/15/923ca5f69ae63fed99087642ae4c1c961_f.jpg
6926656,https://recipe1.ezmember.co.kr/cache/recipe/2020/05/26/becef4a301190fbed0c97434ded3308e1_f.jpg
6652942,https://recipe1.ezmember.co.kr/cache/recipe/2015/05/18/37dfc2311ba5abbcb62b7d66491a6a031_f.jpg
6962507,https://recipe1.ezmember.co.kr/cache/recipe/2021/07/30/dd3f887e03973902bf418df3d306dc9a1_f.jpg
6900646,https://recipe1.ezmember.co.kr/cache/recipe/2018/11/23/8b085b64ce721258a9dc32cf26e6521a1_f.JPG
6854818,https://recipe1.ezmember.co.kr/cache/recipe/2016/08/17/c80179dcf16c5b51452f866381c505f71_f.jpg
6961768,https://recipe1.ezmember.co.kr/cache/recipe/2021/07/15/7895b0d47380507b7c7957a657e0f46c1_f.jpg
6967597,https://recipe1.ezmember.co.kr/cache/recipe/2021/10/27/afeddcf5a263ae6f42e32df19e3c13991_f.jpg
6897116,https://recipe1.ezmember.co.kr/cache/recipe/2018/10/04/ff65862862cc04f8ac3d71fe567786f61_f.jpg
6946979,https://recipe1.ezmember.co.kr/cache/recipe/2020/11/25/d0fca68222869c92b6657cb992fad5fe1_f.jpg
4559533,https://recipe1.ezmember.co.kr/cache/recipe/2015/05/27/78f9f9af5a22c70dfeda9285e2f0a1821_f.jpg
6921882,https://recipe1.ezmember.co.kr/cache/recipe/2019/11/09/998674a508d0b1f3458592f41b8a203e1_f.jpg
6943440,https://recipe1.ezmember.co.kr/cache/recipe/2020/10/05/de1cf030935f81588cdf2319453d17d11_f.jpg
6885253,https://recipe1.ezmember.co.kr/cache/recipe/2018/03/11/fe128d833e23e05df7d0764dcd10e6c51_f.jpg
6835646,https://recipe1.ezmember.co.kr/cache/recipe/2015/10/05/2111efcd11b98e7bf5697d6987d336831_f.jpg
6972832,https://recipe1.ezmember.co.kr/cache/recipe/2022/01/16/df1a6d8ab86fc70a3c66bddc7ad6e0251_f.jpg
6866687,https://recipe1.ezmember.co.kr/cache/recipe/2017/03/09/daf95e9fcf54902df7f453adfc8cb1a01_f.jpg
7074076,https://recipe1.ezmember.co.kr/cache/recipe/2026/04/03/7864d683a125621208fcf2ec50f754f91_f.jpg
6498193,https://recipe1.ezmember.co.kr/cache/recipe/2015/04/04/5dc4a6448997d38b6fed5d850ca1aa351_f.jpg
4319743,https://recipe1.ezmember.co.kr/cache/recipe/2015/04/20/32b98d1306254634bbcb7ae48c9e20781_f.jpg
4089151,https://recipe1.ezmember.co.kr/cache/recipe/2015/06/08/a71e0a6f7f53a7f9b5a4140354afc144_f.jpg
6682135,https://recipe1.ezmember.co.kr/cache/recipe/2015/04/17/3300ffdad59902f3a8c9ddf27ffe600f1_f.jpg
6905532,https://recipe1.ezmember.co.kr/cache/recipe/2019/01/30/fd0296e47a974474d75ce71246af52ef1_f.jpg
6891471,https://recipe1.ezmember.co.kr/cache/recipe/2018/06/25/1407a002f2210597e4763947c81e09171_f.jpg
7066447,https://recipe1.ezmember.co.kr/cache/recipe/2025/11/17/8e74e9a807339bf05819f833ddc068eb1_f.jpg
6852650,https://recipe1.ezmember.co.kr/cache/recipe/2016/07/13/15853e2fab2da9234e8512e5231303421_f.jpg
6877126,https://recipe1.ezmember.co.kr/cache/recipe/2017/09/26/d78f86338bdab63f9e4e16fc4d058f2d1_f.jpg
6938921,https://recipe1.ezmember.co.kr/cache/recipe/2020/08/11/7e1f5d6bda71aea74baa274db87280131_f.jpg
6875278,https://recipe1.ezmember.co.kr/cache/recipe/2017/08/24/7724d56add287736cb59eeb73807c51f1_f.jpg
6973049,https://recipe1.ezmember.co.kr/cache/recipe/2022/01/18/ab659cfaf9de0f1360303927c4ce355c1_f.jpg
6894840,https://recipe1.ezmember.co.kr/cache/recipe/2018/08/27/49b513c8b30d451795fd1697f34939b11_f.jpg
3807106,https://recipe1.ezmember.co.kr/cache/recipe/2015/04/16/de1795d5b05d700e0af3c8522123035c1_f.jpg
1819615,https://recipe1.ezmember.co.kr/cache/recipe/2015/08/19/93a43d9155ac662b07498acf1eb2183f_f.jpg
4019962,https://recipe1.ezmember.co.kr/cache/recipe/2015/04/20/caa5a42e17e5ae22e6108e54abf7abd01_f.jpg
6957744,https://recipe1.ezmember.co.kr/cache/recipe/2021/05/03/011d7bf5bcdaae5f7b9c13b3704790a41_f.jpg
6868668,https://recipe1.ezmember.co.kr/cache/recipe/2017/04/19/def5d5992cc2d690d88f6ce75d86cff31_f.jpg
5913619,https://recipe1.ezmember.co.kr/cache/recipe/2015/03/27/493ef1f5b6fd1db5e1322b2ec86528d11_f.jpg
6913970,https://recipe1.ezmember.co.kr/cache/recipe/2019/06/14/4998e15ea2b772e6262c6163b6c88b8f1_f.jpg
6917099,https://recipe1.ezmember.co.kr/cache/recipe/2019/08/07/9e5711c4bb1543ea2696657e6145bdc01_f.jpg
6868879,https://recipe1.ezmember.co.kr/cache/recipe/2017/04/24/ed79713aaebbb081898de9e465ab6ebf1_f.jpg
6832615,https://recipe1.ezmember.co.kr/cache/recipe/2015/08/23/969f123ff08c5cf9a90d0c7ca5ca24b21_f.jpg
6878357,https://recipe1.ezmember.co.kr/cache/recipe/2017/10/23/6f24836ff9cf05c7282647aab16fe2661_f.jpg
6856289,https://recipe1.ezmember.co.kr/cache/recipe/2016/09/01/0a2eb3ed190f9d7928674d1e44e1b50e1_f.jpg
6879663,https://recipe1.ezmember.co.kr/cache/recipe/2017/11/16/9024a8eebe7927dbb2d55d92919dd73a1_f.jpg
6936422,https://recipe1.ezmember.co.kr/cache/recipe/2020/07/12/605fd767747dbd85a24f293df882d8411_f.jpg
7026060,https://recipe1.ezmember.co.kr/cache/recipe/2024/05/10/0cbba96ffb5f43bbe25f01948363b3fe1_f.jpg
3460748,https://recipe1.ezmember.co.kr/cache/recipe/2015/04/22/01d1c9bcf545d17e3f1eb204a96ea8e71_f.jpg
7072347,https://recipe1.ezmember.co.kr/cache/recipe/2026/01/28/118157df151d907bea5fe0ffd1fcb8d41_f.jpg
6961662,https://recipe1.ezmember.co.kr/cache/recipe/2021/07/13/6353f9bf10dad243caca4add21250e691_f.jpg
6919672,https://recipe1.ezmember.co.kr/cache/recipe/2019/09/25/f9bd18193b6f13317e927d7b2bce20931_f.jpg
6931211,https://recipe1.ezmember.co.kr/cache/recipe/2020/04/21/9cc9f58a1e9667ec3a703348f2e1cc2c1_f.jpg
6965999,https://recipe1.ezmember.co.kr/cache/recipe/2021/09/30/d4bf743e3bb5a3e94d6b55e5d79147801_f.jpg
6970433,https://recipe1.ezmember.co.kr/cache/recipe/2021/12/07/6f3a30541bf3b7eee85ea900de23e5381_f.jpg
6834063,https://recipe1.ezmember.co.kr/cache/recipe/2015/09/02/07b894e732522273d16d3049eceed57c1_f.jpg
6888011,https://recipe1.ezmember.co.kr/cache/recipe/2018/04/29/e1f200167bd6cf55945098cc6f36ced41_f.jpg
6840578,https://recipe1.ezmember.co.kr/cache/recipe/2015/12/23/0846f57a0f1d387e15f333ceb4147e681_f.jpg
6916181,https://recipe1.ezmember.co.kr/cache/recipe/2019/07/20/8ef76745a78949c63f237b75e2032b6e1_f.jpg
6978346,https://recipe1.ezmember.co.kr/cache/recipe/2022/04/25/3f367b4f9ef28b54e71e7e35b15e1cc01_f.jpg
6861740,https://recipe1.ezmember.co.kr/cache/recipe/2016/11/27/c8493991feb7dba692c8fc00c06c08ce1_f.jpg
6958307,https://recipe1.ezmember.co.kr/cache/recipe/2021/05/13/c3c123fabff0cec636d1a2cba5653da61_f.jpg
6837583,https://recipe1.ezmember.co.kr/cache/recipe/2015/11/05/fd2d009e845a78af8bb316362f9b4cb51_f.jpg
6921076,https://recipe1.ezmember.co.kr/cache/recipe/2019/10/22/a52bb0d05d3b2877551c2c83bc8dfb971_f.jpg
6907012,https://recipe1.ezmember.co.kr/cache/recipe/2019/02/20/fc8d4344d44631880de54e1d4c975a2f1_f.jpg
7046029,https://recipe1.ezmember.co.kr/cache/recipe/2025/02/26/88257cb20ab3ff35d4e904d6afd2bd901_f.jpg
6861806,https://recipe1.ezmember.co.kr/cache/recipe/2016/11/28/2b835225d6eccf32c348c98484ab84bb1_f.jpg
7065863,https://recipe1.ezmember.co.kr/cache/recipe/2025/11/01/1c50b23f96cff20bfcdb5691211036751_f.jpg
6832385,https://recipe1.ezmember.co.kr/cache/recipe/2015/08/17/898d0133e97bff7534732516c0e7ad421_f.jpg
6877700,https://recipe1.ezmember.co.kr/cache/recipe/2017/10/02/0e734923522c3d8806003f7aca55eb531_f.jpg
6846946,https://recipe1.ezmember.co.kr/cache/recipe/2016/04/23/61e2ab9fb227b51d075502673e7582451_f.jpg
7041599,https://recipe1.ezmember.co.kr/cache/recipe/2024/12/31/4223e961712c9222ae4526fb19f0dbb41_f.jpg
6835265,https://recipe1.ezmember.co.kr/cache/recipe/2015/09/29/f3f3d4714bad15303044225745c287881_f.jpg
6874723,https://recipe1.ezmember.co.kr/cache/recipe/2017/08/14/dfe34f22e8e60f6655ecdd0fcfd40da01_f.jpg
6832454,https://recipe1.ezmember.co.kr/cache/recipe/2015/08/20/cdfe6d09a2060b6bd193ff84611a84841_f.jpg
6865321,https://recipe1.ezmember.co.kr/cache/recipe/2017/02/15/e4ab79ad07b341ce09b4c6a5eace9e0b1_f.jpg
6938850,https://recipe1.ezmember.co.kr/cache/recipe/2020/08/10/ae97c14fa22a0862a747c8b5085964271_f.jpg
6865859,https://recipe1.ezmember.co.kr/cache/recipe/2017/02/25/6ba34e40fa8ecefdebd10a19ce45695f1_f.jpg
6869055,https://recipe1.ezmember.co.kr/cache/recipe/2017/04/27/2237af605cf24105e2761147887a7a5c1_f.jpg
6874402,https://recipe1.ezmember.co.kr/cache/recipe/2017/08/09/852e209397f7e9480fb1ea995f9262ec1_f.jpg
6845738,https://recipe1.ezmember.co.kr/cache/recipe/2016/04/01/0ec7b9e027ef2218914f6b16b430a9291_f.jpg
6911917,https://recipe1.ezmember.co.kr/cache/recipe/2019/05/08/8715a0e2f2d6411c0bf12aee6d3614e51_f.jpg
6956219,https://recipe1.ezmember.co.kr/cache/recipe/2021/04/03/7a4f97bcc709890dddd53a246ab613a71_f.jpg
6961920,https://recipe1.ezmember.co.kr/cache/recipe/2021/07/01/e0c87fb09e6a6cb72b23ec27c29adb5f1_f.jpg
7008960,https://recipe1.ezmember.co.kr/cache/recipe/2023/08/30/ae8fd0ff43f6c6cac6bc1d2cad8ffc0f1_f.jpg
6895926,https://recipe1.ezmember.co.kr/cache/recipe/2018/08/13/52ec9cefe2356b585f6007143fceaed41_f.jpg
6951352,https://recipe1.ezmember.co.kr/cache/recipe/2021/01/18/1fa42c72e455fd07035204273e1cf9d51_f.jpg
6850630,https://recipe1.ezmember.co.kr/cache/recipe/2016/06/08/09739a85d4424a41bda162dbea7c5a0e1_f.jpg
6971825,https://recipe1.ezmember.co.kr/cache/recipe/2021/12/31/7f5061b603d542093c7f708a7e0c072c1_f.jpg
6541357,https://recipe1.ezmember.co.kr/cache/recipe/2015/04/04/c16de30194660da36a31b5021ec707a81_f.jpg
6919302,https://recipe1.ezmember.co.kr/cache/recipe/2019/09/17/17b2f9752b5fa864cae926b0709cedf41_f.jpg
6831799,https://recipe1.ezmember.co.kr/cache/recipe/2015/08/12/7bb3eaddd40d3d5e3599c5e8baec14a21_f.jpg
6845063,https://recipe1.ezmember.co.kr/cache/recipe/2016/03/21/bf223f3bfba464a97d9c8b1f9d3b10101_f.jpg
6852913,https://recipe1.ezmember.co.kr/cache/recipe/2016/07/17/2ced014879bfa4a0c3b7ce042304b81d1_f.jpg
6968168,https://recipe1.ezmember.co.kr/cache/recipe/2021/11/04/281cf2000c074abe47f7770c97656e051_f.jpg
6876172,https://recipe1.ezmember.co.kr/cache/recipe/2017/09/10/d57524181e7e3f686132f0f2a18de6e51_f.jpg
6907023,https://recipe1.ezmember.co.kr/cache/recipe/2019/02/21/ba22f694e57221484cad7817886031dd1_f.jpg
6882018,https://recipe1.ezmember.co.kr/cache/recipe/2018/01/09/52fe2d3ee08c653f7ae8009186b607e91_f.jpg
6958316,https://recipe1.ezmember.co.kr/cache/recipe/2021/04/16/f276bfc3c31c658cb7a8fe1f76e377b11_f.jpg
6908527,https://recipe1.ezmember.co.kr/cache/recipe/2019/03/16/9c899f8fb7e228efe211bc7e9c71c0511_f.jpg
6863494,https://recipe1.ezmember.co.kr/cache/recipe/2017/01/04/6161b17cf8ec3bc8125e3d9013e89a991_f.jpg
6961800,https://recipe1.ezmember.co.kr/cache/recipe/2021/07/15/3f7dfa3bab76f84989355bb35f247ef01_f.jpg
6887626,https://recipe1.ezmember.co.kr/cache/recipe/2021/10/28/d4b5323159805977b46ea39897634ecf1_f.jpg
6867504,https://recipe1.ezmember.co.kr/cache/recipe/2017/03/27/74be1943e9e1a2793b269da597ee84f21_f.jpg
6843829,https://recipe1.ezmember.co.kr/cache/recipe/2016/02/29/ffdee76dcc50f1a470c8fecc51da614f1_f.jpg
6890543,https://recipe1.ezmember.co.kr/cache/recipe/2018/06/09/842886314871508ea5e722f54df8ca841_f.jpg
6869280,https://recipe1.ezmember.co.kr/cache/recipe/2017/05/01/bf8201ec8fedfbc5a671fdf59321a64d1_f.jpg
6857544,https://recipe1.ezmember.co.kr/cache/recipe/2016/09/27/3312aff4fcc25118bddb186c5653cb491_f.jpg
6876443,https://recipe1.ezmember.co.kr/cache/recipe/2017/09/14/d16cc70bdbfeafdd66ca2f1c605232d41_f.jpg
6845784,https://recipe1.ezmember.co.kr/cache/recipe/2016/04/01/f7c507a7b2b9a33cdf7adf60e80389f31_f.jpg
7059720,https://recipe1.ezmember.co.kr/cache/recipe/2025/07/31/801830f5aacda9b2ab01eff43fc0910a1_f.jpg
6876352,https://recipe1.ezmember.co.kr/cache/recipe/2017/09/12/e12886f69fa2311e3b8fa3909abe96fd1_f.jpg
6898226,https://recipe1.ezmember.co.kr/cache/recipe/2018/10/19/0d15accc3741999d2aac2d7180f4d80b1_f.jpg
6897829,https://recipe1.ezmember.co.kr/cache/recipe/2018/10/14/317a5dbffff22aa9b2e7d26d652243131_f.jpg
6829114,https://recipe1.ezmember.co.kr/cache/recipe/2015/06/18/d3ec67b44782b8443f407fbe5f193d8a1_f.jpg
6839341,https://recipe1.ezmember.co.kr/cache/recipe/2015/12/06/3e96491121d0e467918aff5cc8568b5a1_f.jpg
6896724,https://recipe1.ezmember.co.kr/cache/recipe/2018/09/28/bf1119e96115a8d19b2014d81c9e4fb41_f.jpg
6908900,https://recipe1.ezmember.co.kr/cache/recipe/2019/03/21/94cbb8a818661463bec33472b37bba0f1_f.jpg
6864374,https://recipe1.ezmember.co.kr/cache/recipe/2017/01/25/b7a6af7072e4d0fef2713f2c501f47211_f.jpg
6860372,https://recipe1.ezmember.co.kr/cache/recipe/2016/11/10/480de87672accf9873c0854e66200fae1_f.jpg
6888717,https://recipe1.ezmember.co.kr/cache/recipe/2018/05/11/14f3086644603ecaf1a3d0464fed2e361_f.jpg
6908223,https://recipe1.ezmember.co.kr/cache/recipe/2019/03/11/e256621532fb2d3e45b7f8e72cde99dd1_f.jpg
6877820,https://recipe1.ezmember.co.kr/cache/recipe/2017/10/13/9e551435d5275b2c2f2377865a6ec2101_f.jpg
6920930,https://recipe1.ezmember.co.kr/cache/recipe/2019/10/20/9bfcc11c475230369bc8ea91066f0ca01_f.jpg
6869535,https://recipe1.ezmember.co.kr/cache/recipe/2017/05/10/84b2ce48e056768e6097fa825d9982b11_f.jpg
6839359,https://recipe1.ezmember.co.kr/cache/recipe/2015/12/08/52b48bec9fec8111ef11c8a5872fbdd51_f.jpg
6980833,https://recipe1.ezmember.co.kr/cache/recipe/2022/06/07/e12c30852bdc6b15cc0fd25647d1b9421_f.jpg
6878335,https://recipe1.ezmember.co.kr/cache/recipe/2017/10/22/f64829fac211752c156bd582434cc7e61_f.jpg
6886995,https://recipe1.ezmember.co.kr/cache/recipe/2018/04/10/c137e87e061d91c814bb7480e643a1481_f.jpg
6970770,https://recipe1.ezmember.co.kr/cache/recipe/2021/12/13/4560f1a50b4c9a751c02970be0c5aaa31_f.jpg
6847126,https://recipe1.ezmember.co.kr/cache/recipe/2016/04/15/22e9a7cd2b5625bc87f7f2f87884bf7d1_f.jpg
6887295,https://recipe1.ezmember.co.kr/cache/recipe/2018/04/14/16909437127a91cbaa5c1395e12e27291_f.jpg
6913373,https://recipe1.ezmember.co.kr/cache/recipe/2019/06/05/474c1e5bb7880cd5c3e4eb8646aea3631_f.jpg
6952366,https://recipe1.ezmember.co.kr/cache/recipe/2021/01/30/a2fb4a2b71da0b32e6639ec36874a1741_f.jpg
7029680,https://recipe1.ezmember.co.kr/cache/recipe/2024/07/04/4e6c2191ae31c1aa8debb926be49ddc71_f.png
6966150,https://recipe1.ezmember.co.kr/cache/recipe/2021/10/02/baad13f38e027011deb9c8e6be3a10ef1_f.jpg
6958076,https://recipe1.ezmember.co.kr/cache/recipe/2021/05/09/4cdf7b38fbbceccc7bc5f04fc18607701_f.jpg
6977042,https://recipe1.ezmember.co.kr/cache/recipe/2022/03/31/8f29fb4a0d88649b63cddad5085f3b671_f.jpg
6899465,https://recipe1.ezmember.co.kr/cache/recipe/2018/11/06/295980e68565be80de60cc367eccb8981_f.jpg
6838061,https://recipe1.ezmember.co.kr/cache/recipe/2015/11/13/f1bd026978181e9c8facd6b04bbe20d41_f.jpg
7068682,https://recipe1.ezmember.co.kr/cache/recipe/2025/12/07/3837ed002840f229a88e83b62a7f6e001_f.jpg
6832669,https://recipe1.ezmember.co.kr/cache/recipe/2015/08/24/895b106f623d14ff70aab7554fd4e9ae1_f.jpg
6866098,https://recipe1.ezmember.co.kr/cache/recipe/2017/03/01/83a30e17c12a28176df4cbadadab7e551_f.jpg
6885951,https://recipe1.ezmember.co.kr/cache/recipe/2018/03/22/21d4abb72a40bf00f9849a1d73c794c01_f.jpg
7040350,https://recipe1.ezmember.co.kr/cache/recipe/2024/12/11/b9dea09812a865a44e7ab31c897cf5631_f.jpg
3919727,https://recipe1.ezmember.co.kr/cache/recipe/2015/04/22/79439f994083cc8896fa8eb7eeb0bca31_f.jpg
6935088,https://recipe1.ezmember.co.kr/cache/recipe/2020/06/26/f4358d47b3960abe5f6907510aba44f61_f.jpg
6920112,https://recipe1.ezmember.co.kr/cache/recipe/2019/10/01/ba4c9dcef9813206eb621a327c3d34d21_f.jpg
6887757,https://recipe1.ezmember.co.kr/cache/recipe/2018/04/23/e3c78b226524c31a743e40df92ee215b1_f.jpg
6936366,https://recipe1.ezmember.co.kr/cache/recipe/2020/07/11/abd377be3d28acc0ed14911067a4d0e41_f.jpg
4081690,https://recipe1.ezmember.co.kr/cache/recipe/2015/06/19/e44138b2d4f6ad7f9cfc91d88db97b76_f.jpg
3994329,https://recipe1.ezmember.co.kr/cache/recipe/2015/07/03/f4f59c88284db169437f901fa48a6863_f.jpg
6882009,https://recipe1.ezmember.co.kr/cache/recipe/2018/01/09/ff73b4e331281d90ed4fc9954a792e491_f.jpg
6911596,https://recipe1.ezmember.co.kr/cache/recipe/2019/05/04/524beb4716025d1db35439384ed8610f1_f.jpg
6943068,https://recipe1.ezmember.co.kr/cache/recipe/2020/09/28/2d69bc26a0e62ad2b041fe857d7a282e1_f.jpg
7045892,https://recipe1.ezmember.co.kr/cache/recipe/2025/02/25/22f230197c56f748c38f9cffcaf836581_f.jpg
6877579,https://recipe1.ezmember.co.kr/cache/recipe/2017/10/09/82b6f793ad38a78d30502fcc51101f981_f.jpg
6948473,https://recipe1.ezmember.co.kr/cache/recipe/2020/12/15/1bed138b9c8d97a9e3905d332e3ce54a1_f.jpg
7032876,https://recipe1.ezmember.co.kr/cache/recipe/2024/08/20/0891cf0d9e292cda3663960100dccb141_f.jpg
6835758,https://recipe1.ezmember.co.kr/cache/recipe/2015/10/20/08993ce6f9ddcfb8976c4852c589694a1_f.jpg
6940801,https://recipe1.ezmember.co.kr/cache/recipe/2020/09/03/d36771d9b212f218a67f94895f37c93c1_f.jpg
6963223,https://recipe1.ezmember.co.kr/cache/recipe/2021/08/13/875542f0d7564413d5cdcae9e1f2de1f1_f.jpg
6869828,https://recipe1.ezmember.co.kr/cache/recipe/2017/05/15/2966e9828ff8e824206dc370436710e61_f.jpg
4510631,https://recipe1.ezmember.co.kr/cache/recipe/2015/06/22/deb8bf13462e06865665ca1b6f691f5a_f.jpg
6982555,https://recipe1.ezmember.co.kr/cache/recipe/2022/07/01/7226c1d6ff9548913084194c2d65993d1_f.jpg
6919532,https://recipe1.ezmember.co.kr/cache/recipe/2019/09/23/2f3802f83730ba9544646d01de26694e1_f.jpg
6829884,https://recipe1.ezmember.co.kr/cache/recipe/2015/07/09/43130c749c4d08f8cfce9c2a24ce25cf1_f.jpg
6795130,https://recipe1.ezmember.co.kr/cache/recipe/2015/05/26/8cb252b7c1e69e5a62b566f1a77ebe671_f.jpg
6904622,https://recipe1.ezmember.co.kr/cache/recipe/2019/01/17/88bd35acea98d7e484854700be9ad8621_f.jpg
7071728,https://recipe1.ezmember.co.kr/cache/recipe/2026/02/18/ad57b0f5735480fb9d14348f56d0ca561_f.jpg
3393092,https://recipe1.ezmember.co.kr/cache/recipe/2015/04/22/a482bb8c1cb1fa4ade1b3f226a6a6b581_f.jpg
6904963,https://recipe1.ezmember.co.kr/cache/recipe/2019/01/22/4bcd0c669c5b5db74271a5917467a97f1_f.jpg
6906626,https://recipe1.ezmember.co.kr/cache/recipe/2019/02/15/57d5d6af13e1a4702e8862649cc1230c1_f.jpg
6916094,https://recipe1.ezmember.co.kr/cache/recipe/2019/07/19/7ecc7bf02cfa3e04bc677399086c1cdf1_f.jpg
6901207,https://recipe1.ezmember.co.kr/cache/recipe/2018/12/03/982ead5eb30dcd459b8c9aa79710fb851_f.jpg
6901714,https://recipe1.ezmember.co.kr/cache/recipe/2018/12/11/b624f304940c6af33b8b3ee9f7a435061_f.jpg
6920502,https://recipe1.ezmember.co.kr/cache/recipe/2019/10/12/e5367868f3eeacd6220def600758922d1_f.jpg
6871978,https://recipe1.ezmember.co.kr/cache/recipe/2017/06/30/465dd117e935b4d5daf1e34c520813c11_f.jpg
5574431,https://recipe1.ezmember.co.kr/cache/recipe/2015/06/01/d2872d6ca707c58d003769a56a8eed241_f.jpg
6872753,https://recipe1.ezmember.co.kr/cache/recipe/2017/07/14/e2875f55ef4d15ac5b6626c94ae2a6f81_f.jpg
6958639,https://recipe1.ezmember.co.kr/cache/recipe/2021/05/19/68f8c6bddae33acf5590ea4dc4ac638c1_f.jpg
7046979,https://recipe1.ezmember.co.kr/cache/recipe/2025/03/04/f68e307844775b243de0037ee81efd871_f.jpg
6889520,https://recipe1.ezmember.co.kr/cache/recipe/2018/05/24/2e69ae0cd7105d76d1682dbaa3ca38161_f.jpg
6851746,https://recipe1.ezmember.co.kr/cache/recipe/2016/06/28/3da4db678b023c334bedec1c442f192a1_f.jpg
6928252,https://recipe1.ezmember.co.kr/cache/recipe/2020/03/11/59e0bffb578ac615884ef878c71cbabb1_f.jpg
6843628,https://recipe1.ezmember.co.kr/cache/recipe/2016/02/25/097aad9ca1a743ea985bdf9463b3484d1_f.jpg
6947398,https://recipe1.ezmember.co.kr/cache/recipe/2020/12/02/98785dd6dfbac64d3912c7938d0b45491_f.jpg
6873869,https://recipe1.ezmember.co.kr/cache/recipe/2017/07/31/3c02d12148a5bfa1839a90878cd963f11_f.jpg
6910374,https://recipe1.ezmember.co.kr/cache/recipe/2019/04/12/99b5ff593a781ef190c1ce94c5115dea1_f.jpg
6934991,https://recipe1.ezmember.co.kr/cache/recipe/2020/06/25/0924de4aaa6aac1231383e13b4dd3c4a1_f.jpg
4413861,https://recipe1.ezmember.co.kr/cache/recipe/2015/06/08/22b48040982c880a2e386fa6cf1f0248_f.jpg
7008942,https://recipe1.ezmember.co.kr/cache/recipe/2023/08/29/a5b98a057a7c33c084c2c602d8676d281_f.jpg
6964833,https://recipe1.ezmember.co.kr/cache/recipe/2021/09/09/b75952dae97666b0648bde4d60802b871_f.jpg
6922664,https://recipe1.ezmember.co.kr/cache/recipe/2019/11/25/98cd78adf9a6e51ab1c37c7c26367ee01_f.jpg
6890084,https://recipe1.ezmember.co.kr/cache/recipe/2018/06/02/cca968d074f9f9af46880d27c22a38511_f.jpg
6936043,https://recipe1.ezmember.co.kr/cache/recipe/2020/07/08/38607af722fdbcba2835386bca7f47b91_f.jpg
6902774,https://recipe1.ezmember.co.kr/cache/recipe/2018/12/25/c00f127facdd2660ef691ba96f88cf301_f.jpg
6844289,https://recipe1.ezmember.co.kr/cache/recipe/2016/03/08/519adcce057501b0bb4848a7b8d08d421_f.jpg
6964703,https://recipe1.ezmember.co.kr/cache/recipe/2021/08/10/acebbace3a73dcf2d3dbea56d39beb921_f.jpg
7035177,https://recipe1.ezmember.co.kr/cache/recipe/2024/09/24/1a2c0f9a255fbe6955b2d7b43a345ee61_f.jpg
7024851,https://recipe1.ezmember.co.kr/cache/recipe/2024/04/20/8611f09818f1eaa0f4f11ad854f864851_f.jpg
6943152,https://recipe1.ezmember.co.kr/cache/recipe/2020/09/29/82ff7ff584d8bf55dc01c9434b2d87591_f.jpg
7072039,https://recipe1.ezmember.co.kr/cache/recipe/2026/02/24/e5d1756e9e16b0ef713b281fd401ee6e1_f.jpg
1257380,https://recipe1.ezmember.co.kr/cache/recipe/2015/09/11/db9166d50b3805ea9aeb9aa62c999101_f.jpg
6892102,https://recipe1.ezmember.co.kr/cache/recipe/2018/07/06/79509790416dbfe56c90016d67a9b0a11_f.jpg
6873974,https://recipe1.ezmember.co.kr/cache/recipe/2017/08/02/df2b54fce2aaec1532f7cdc3c8fcb24b1_f.jpg
6903806,https://recipe1.ezmember.co.kr/cache/recipe/2019/01/08/a68b57d3eef965f778601eafc89a47711_f.jpg
6936757,https://recipe1.ezmember.co.kr/cache/recipe/2020/07/15/58aa7ffcef550a1707cc042c55bbe8611_f.jpg
4684909,https://recipe1.ezmember.co.kr/cache/recipe/2015/06/08/eb881d613d4cd37291661a117d17ba5f_f.jpg
6977742,https://recipe1.ezmember.co.kr/cache/recipe/2022/04/12/4a8e98d555b8968e918e75e22201729d1_f.jpg
6902745,https://recipe1.ezmember.co.kr/cache/recipe/2018/12/24/da7d27ecd262e265be3f195b62ae8f431_f.jpg
7048399,https://recipe1.ezmember.co.kr/cache/recipe/2025/03/25/1fb16c5586321b8fb72058837b9fa0371_f.jpg
6892065,https://recipe1.ezmember.co.kr/cache/recipe/2018/07/06/690ab1f03c221efacb5a4c55c5ecd2b61_f.jpg
6861975,https://recipe1.ezmember.co.kr/cache/recipe/2016/12/01/af7a140d23bc6661e6963b09b6fbfd3e1_f.jpg
6956675,https://recipe1.ezmember.co.kr/cache/recipe/2021/04/11/58ea361151dc0de82cf315aa59594d981_f.jpg
6959351,https://recipe1.ezmember.co.kr/cache/recipe/2021/06/01/6a2271de1a49286412eaea1159a9cfac1_f.jpg
7050733,https://recipe1.ezmember.co.kr/cache/recipe/2025/04/20/19deccd534fc5a0a4aeb9156ad1153af1_f.jpg
6904680,https://recipe1.ezmember.co.kr/cache/recipe/2019/01/18/1f0da65ea74d76a667168a291a33fda51_f.jpg
7067641,https://recipe1.ezmember.co.kr/cache/recipe/2025/12/03/27f4ecf4f906ef6faa682c3d0185ccb11_f.jpg
6920069,https://recipe1.ezmember.co.kr/cache/recipe/2019/10/03/813da26cdfb4727196434548381b0e9c1_f.jpg
6875694,https://recipe1.ezmember.co.kr/cache/recipe/2017/09/01/9c05e88d7302d8a485dd6c3cea9b971e1_f.jpg
7062314,https://recipe1.ezmember.co.kr/cache/recipe/2025/09/10/975d38d649b1ad627d4d9b34c44e767d1_f.jpg
6952341,https://recipe1.ezmember.co.kr/cache/recipe/2021/01/30/c765096a4ecbfeca348f3401c04f2b261_f.jpg
7063823,https://recipe1.ezmember.co.kr/cache/recipe/2025/09/29/ba02b75b59fb9ba7c348242ae790b2931_f.jpg
6846695,https://recipe1.ezmember.co.kr/cache/recipe/2016/04/19/24d38ff130696396f3a86fb8cd1256ed1_f.jpg
6905831,https://recipe1.ezmember.co.kr/cache/recipe/2019/02/02/0838da522071561e394d311243ab7bc51_f.jpg
6288326,https://recipe1.ezmember.co.kr/cache/recipe/2015/06/01/fa1b1968fb9ec25e1fb8cfbab7e3cb6b1_f.jpg
6839078,https://recipe1.ezmember.co.kr/cache/recipe/2015/12/02/5ac7b2df4ab82d2cb4e892dc33bcb3881_f.jpg
7059176,https://recipe1.ezmember.co.kr/cache/recipe/2025/07/18/5f8fac2ed99b2c20e4436678d67a844c1_f.jpg
6904225,https://recipe1.ezmember.co.kr/cache/recipe/2019/01/13/1d13bc02ddb740d57ade2f09879253dc1_f.jpg
6832536,https://recipe1.ezmember.co.kr/cache/recipe/2015/08/22/56d440c46461add830746ae2cfa2f09f1_f.jpg
7022379,https://recipe1.ezmember.co.kr/cache/recipe/2024/02/26/0b8cdf42442f3a879aeddf21c5e0253f1_f.jpg
6860370,https://recipe1.ezmember.co.kr/cache/recipe/2016/11/10/8d1da5fd51d1f0f56535aded120a271c1_f.jpg
6854260,https://recipe1.ezmember.co.kr/cache/recipe/2016/08/08/cc93a7627ca8e60478570cea686406e61_f.jpg
6943944,https://recipe1.ezmember.co.kr/cache/recipe/2020/10/12/69a6fafc5d0cd80053029a67a0a0ded81_f.jpg
6902074,https://recipe1.ezmember.co.kr/cache/recipe/2018/12/15/670d7c3d82c4c169543f74d4b61353fa1_f.jpg
6959079,https://recipe1.ezmember.co.kr/cache/recipe/2021/05/04/8da4ef3ae2a9ebc618e1245cea3f719d1_f.jpg
6855293,https://recipe1.ezmember.co.kr/cache/recipe/2016/08/24/c6bc647c85eb3a48f6a7b9f731ce32991_f.jpg
7001880,https://recipe1.ezmember.co.kr/cache/recipe/2023/05/08/ff334161989fc5b93f6151e61e0714ea1_f.jpg
6904655,https://recipe1.ezmember.co.kr/cache/recipe/2019/01/17/9e4cd5a843868a93ff68bfa3b59f40041_f.jpg
6895456,https://recipe1.ezmember.co.kr/cache/recipe/2018/09/07/4d51d7c1f036f59ad3829963993a5d6b1_f.jpg
6862020,https://recipe1.ezmember.co.kr/cache/recipe/2016/12/01/bbae82feabc8e3393d499b5a5d1f65091_f.jpg
6845797,https://recipe1.ezmember.co.kr/cache/recipe/2016/04/01/b12fd7917b026c9fee4395abd90334c11_f.jpg
6924476,https://recipe1.ezmember.co.kr/cache/recipe/2020/01/04/832cd80994610dda69e569e04e57e98b1_f.jpg
6840405,https://recipe1.ezmember.co.kr/cache/recipe/2015/12/21/4cfe333816a0597ca65adf22582b2c141_f.jpg
7008493,https://recipe1.ezmember.co.kr/cache/recipe/2023/08/21/eea5b82f1bf0ed268324796c9e7ff6c61_f.jpg
6857120,https://recipe1.ezmember.co.kr/cache/recipe/2016/09/19/b19f03e69547fd94162156a3fc7cbede1_f.jpg
6921798,https://recipe1.ezmember.co.kr/cache/recipe/2019/10/31/85501ce2516d4695953b9c5fc8fb05fe1_f.jpg
6906196,https://recipe1.ezmember.co.kr/cache/recipe/2019/02/09/1341e5f9280de9ee5c5f73051652a8301_f.jpg
6969324,https://recipe1.ezmember.co.kr/cache/recipe/2021/11/19/0cf5ddfe107b7bc0f73e0bb3f689a0f81_f.jpg
6940611,https://recipe1.ezmember.co.kr/cache/recipe/2020/09/01/537cc7bdea19d2bf623deaedc16749851_f.jpg
6911768,https://recipe1.ezmember.co.kr/cache/recipe/2019/05/08/86d8ca72f07dc6a0d8bf07f4bc2942a91_f.jpg
6923413,https://recipe1.ezmember.co.kr/cache/recipe/2019/12/11/8071937add454560d30aa6b9364076b71_f.jpg
6939743,https://recipe1.ezmember.co.kr/cache/recipe/2020/08/21/23f7ede8c4ec707e689eb81830d8e37c1_f.jpg
6924122,https://recipe1.ezmember.co.kr/cache/recipe/2019/12/27/f929aa567f6671c3780284324f6b43fc1_f.jpg
6865303,https://recipe1.ezmember.co.kr/cache/recipe/2017/02/15/a8e89c0a5df72a4b16e815d9996994701_f.jpg
6895235,https://recipe1.ezmember.co.kr/cache/recipe/2018/09/04/b23b000f6154a85ee04e1a6e13c01d941_f.jpg
6940872,https://recipe1.ezmember.co.kr/cache/recipe/2020/09/04/b2eff8d6a6ab9258b12a5153c3d07c7d1_f.jpg
4428453,https://recipe1.ezmember.co.kr/cache/recipe/2015/04/21/cc155757c478a58c51e962e1509e6f611_f.jpg
6830266,https://recipe1.ezmember.co.kr/cache/recipe/2015/07/15/1556c7a249fc3efc934560853a39db311_f.jpg
6884267,https://recipe1.ezmember.co.kr/cache/recipe/2018/02/20/9cbae3176f72b6ce3f9d914844c7c5811_f.jpg
6900159,https://recipe1.ezmember.co.kr/cache/recipe/2018/11/13/9bdf379562a34fbf43cd35b1755fdee01_f.jpg
6910325,https://recipe1.ezmember.co.kr/cache/recipe/2019/04/12/702fb87ee8984655e68c374783a7d5bd1_f.jpg
6943812,https://recipe1.ezmember.co.kr/cache/recipe/2020/10/10/a2ff22c7d3396fe029c0ad6431439d3b1_f.jpg
7004961,https://recipe1.ezmember.co.kr/cache/recipe/2023/06/28/5fae3acae522327ae556fe4fadfa2be81_f.jpg
6916387,https://recipe1.ezmember.co.kr/cache/recipe/2019/07/24/d1a2593a062e5d02559965bb1e5987d81_f.jpg
6905393,https://recipe1.ezmember.co.kr/cache/recipe/2019/01/28/b80cab84ce48ef565c4451401317165d1_f.jpg
6851170,https://recipe1.ezmember.co.kr/cache/recipe/2016/06/17/9885bfd34ff6d1edfa29481d1279aa251_f.jpg
6838961,https://recipe1.ezmember.co.kr/cache/recipe/2015/12/02/365d113ac3bb832690f0134d2f0ee9741_f.jpg
6904749,https://recipe1.ezmember.co.kr/cache/recipe/2019/01/19/b8c91a9b1e1f96c204c35c4342ff07271_f.jpg
6920312,https://recipe1.ezmember.co.kr/cache/recipe/2019/10/08/20bdc20b5f7e2c1d0b8c8695f0f3c8d21_f.jpg
6883387,https://recipe1.ezmember.co.kr/cache/recipe/2018/02/04/1265a3a81e1dec28d586acaebc7c96711_f.jpg
6854531,https://recipe1.ezmember.co.kr/cache/recipe/2016/08/12/bbf561d84d35f13c45ac9f92c271820b1_f.jpg
6875329,https://recipe1.ezmember.co.kr/cache/recipe/2017/08/24/fa0fa49a3a1fb05dff98f4a576c196a71_f.jpg
6840691,https://recipe1.ezmember.co.kr/cache/recipe/2015/12/24/7324db2f15695da04e466d1be13b058b1_f.jpg
6894694,https://recipe1.ezmember.co.kr/cache/recipe/2018/08/24/7371e6432e43acebc9c562c5159fbfe41_f.jpg
6955855,https://recipe1.ezmember.co.kr/cache/recipe/2021/03/27/e8e2b9d62221ab99474bed9ca686b8881_f.jpg
6910644,https://recipe1.ezmember.co.kr/cache/recipe/2019/04/17/f51596683f29930b4b63baba173bfd231_f.jpg
6869645,https://recipe1.ezmember.co.kr/cache/recipe/2017/05/11/2525078c1ff6a1386223b897e8232dc31_f.jpg
6911061,https://recipe1.ezmember.co.kr/cache/recipe/2019/04/24/3130842be2fc5cafa57c21da44c17ee01_f.jpg
7000185,https://recipe1.ezmember.co.kr/cache/recipe/2023/04/04/f6d3e820ad9ab3fc4d778f02f1f4f1971_f.jpg
6829512,https://recipe1.ezmember.co.kr/cache/recipe/2015/06/28/faed071c69df5a89ce5a19e498e4ac4b1_f.jpg
6890071,https://recipe1.ezmember.co.kr/cache/recipe/2018/05/22/61761b2a1e2bc00e64bfde0b7407bad51_f.jpg
6837479,https://recipe1.ezmember.co.kr/cache/recipe/2015/11/04/119d09a506777c160506930f7a5a78c51_f.jpg
6838118,https://recipe1.ezmember.co.kr/cache/recipe/2015/11/14/7b58e42fe9bc103d73fd12860e9fcd8c1_f.jpg
6894834,https://recipe1.ezmember.co.kr/cache/recipe/2018/08/27/356485aa03e4700b2ee24de038e1d34b1_f.jpg
7015978,https://recipe1.ezmember.co.kr/cache/recipe/2023/12/17/f4bbacf286068fb1ca60bcedc6da6c311_f.jpg
4514401,https://recipe1.ezmember.co.kr/cache/recipe/2015/06/19/c3e243cebf56268f624b1abde31b5bb4_f.jpg
6851639,https://recipe1.ezmember.co.kr/cache/recipe/2016/06/26/4bcfda68e311cfa3e78e7ee87fb84ff31_f.jpg
6944802,https://recipe1.ezmember.co.kr/cache/recipe/2020/10/22/008f43a26c22a78ce8f1e6bb5f39b32d1_f.jpg
6981049,https://recipe1.ezmember.co.kr/cache/recipe/2022/06/10/6c51b4921d87b7519f537e06f96692161_f.jpg
6872268,https://recipe1.ezmember.co.kr/cache/recipe/2017/07/05/f5c656c16c0dd90bebd41c140a09d5ef1_f.jpg
6892882,https://recipe1.ezmember.co.kr/cache/recipe/2018/07/20/cfee099d950970a898f7f37d609457001_f.jpg
6882327,https://recipe1.ezmember.co.kr/cache/recipe/2018/01/05/a116addb43865cb578c06b335f845f7b1_f.jpg
6936393,https://recipe1.ezmember.co.kr/cache/recipe/2020/07/12/b7d662d48a2c1f6d92f780d84b19caa61_f.jpg
6876685,https://recipe1.ezmember.co.kr/cache/recipe/2017/09/18/1adad2e0a9d3cead52c69310620bfa5d1_f.jpg
6983315,https://recipe1.ezmember.co.kr/cache/recipe/2022/07/11/f2c282bbb8189ec35874154dc89c59851_f.jpg
6832682,https://recipe1.ezmember.co.kr/cache/recipe/2015/08/26/10f199d6a73ac6fed990426b8488adc61_f.jpg
6962810,https://recipe1.ezmember.co.kr/cache/recipe/2021/08/05/1d94464dd94616f1af7a8bd40ef6988b1_f.jpg
6876116,https://recipe1.ezmember.co.kr/cache/recipe/2017/09/09/53d8a8fcb763742c97458ac5c45307991_f.jpg
6912016,https://recipe1.ezmember.co.kr/cache/recipe/2019/05/12/b8e612f7103f4911629020ba05c2a7201_f.jpg
6621266,https://recipe1.ezmember.co.kr/cache/recipe/2015/09/14/05651148bac73c71eb6d6cbe7e514b5b1_f.jpg
6873398,https://recipe1.ezmember.co.kr/cache/recipe/2017/07/25/1b15af483cbc179292f29e90f1b1ee661_f.png
6941394,https://recipe1.ezmember.co.kr/cache/recipe/2020/09/09/e8763c78e7af34879803d0efdb628c741_f.jpg
5713949,https://recipe1.ezmember.co.kr/cache/recipe/2015/06/02/f0e5f205354e96c80b766b9a097369da1_f.jpg
6901865,https://recipe1.ezmember.co.kr/cache/recipe/2018/12/13/ef930a2290e9929b91f4d81b156b46db1_f.jpg
6860061,https://recipe1.ezmember.co.kr/cache/recipe/2016/11/07/c76f80091f98fda0030c95b91a7292cf1_f.jpg
6936605,https://recipe1.ezmember.co.kr/cache/recipe/2020/07/14/290f6a04dbfc2febf9360a7a4f6cf4841_f.jpg
6867321,https://recipe1.ezmember.co.kr/cache/recipe/2017/03/23/32e12ed97614c70aae51d3c019ea4a031_f.jpg
2848922,https://recipe1.ezmember.co.kr/cache/recipe/2015/04/10/ab9a7e1dbccee8ca89dd6eec9e3bbfd71_f.jpg
6851642,https://recipe1.ezmember.co.kr/cache/recipe/2016/06/26/9eb0cdd6fd6ca5561661b2dc51569df41_f.jpg
6854780,https://recipe1.ezmember.co.kr/cache/recipe/2016/08/17/d390916f6b28e5199dc5c0a2ad43fb4e1_f.jpg
6915918,https://recipe1.ezmember.co.kr/cache/recipe/2019/07/16/dac35be400a6e98f95ffb8b2b753446f1_f.jpg
6902667,https://recipe1.ezmember.co.kr/cache/recipe/2018/12/23/d020358caa87b7c77efff5148e2fe3831_f.jpg
6907364,https://recipe1.ezmember.co.kr/cache/recipe/2019/02/26/ba2a6d57d3eeaf0ebc32eade38ef23c61_f.jpg
6862808,https://recipe1.ezmember.co.kr/cache/recipe/2016/12/22/64c70eb3fd5e056e1b970b1d4a3c5f911_f.jpg
6832419,https://recipe1.ezmember.co.kr/cache/recipe/2015/08/20/2d668412a2bb68068bfb49dbb8f3d8a71_f.jpg
7069121,https://recipe1.ezmember.co.kr/cache/recipe/2026/01/01/e84c3ee41b40b433cccff2612df214f71_f.jpg
7078973,https://recipe1.ezmember.co.kr/cache/recipe/2026/07/06/9e5402122f0399a4d4929694cc661ad61_f.jpg
5103911,https://recipe1.ezmember.co.kr/cache/recipe/2015/04/18/1dca7c97f98c4f518189344e83005f6a1_f.jpg
6786023,https://recipe1.ezmember.co.kr/cache/recipe/2015/05/22/d2b195160bdf1500e627cc1737b5c6701_f.jpg
5016314,https://recipe1.ezmember.co.kr/cache/recipe/2015/06/08/5bd955fe5beccc24f7f9300291510327_f.jpg
6930977,https://recipe1.ezmember.co.kr/cache/recipe/2020/04/18/7a2a822a88e74e13c8c2530e946c33ad1_f.jpg
6945117,https://recipe1.ezmember.co.kr/cache/recipe/2020/10/27/b34880cba0f7c0afd417b448f90ec3dd1_f.jpg
6942400,https://recipe1.ezmember.co.kr/cache/recipe/2020/09/21/ee42429d75549ab89734749ab85f1d0f1_f.jpg
6874573,https://recipe1.ezmember.co.kr/cache/recipe/2017/08/11/49e73e8ee0854378fa1281463c39c6ef1_f.jpg
6852558,https://recipe1.ezmember.co.kr/cache/recipe/2016/07/12/92d9aacdc6bd378bca66d0668b3f38b01_f.jpg
6906545,https://recipe1.ezmember.co.kr/cache/recipe/2019/02/13/c035ce93026329998ff902d667fe5a4d1_f.jpg
6832907,https://recipe1.ezmember.co.kr/cache/recipe/2015/08/27/dbe0c896febf639858bcd4310a30bc891_f.jpg
7054612,https://recipe1.ezmember.co.kr/cache/recipe/2025/06/06/64fee3954abc9d3c6e0c3d997bfe23ab1_f.jpg
6896269,https://recipe1.ezmember.co.kr/cache/recipe/2018/09/20/d041415d8d78f8321c9a8c58c4a052c31_f.jpg
7003409,https://recipe1.ezmember.co.kr/cache/recipe/2023/06/04/c4156d049a0f40b405b09e349d0ad3381_f.jpg
6909982,https://recipe1.ezmember.co.kr/cache/recipe/2019/04/07/d50dbf8eb8668092c11828dc9d39260d1_f.jpg
6945394,https://recipe1.ezmember.co.kr/cache/recipe/2020/11/01/b3b976a5976027843dc87e527c9f293c1_f.jpg
6790299,https://recipe1.ezmember.co.kr/cache/recipe/2015/05/26/128dd9b419614cf51bb6b96dc3eafff71_f.jpg
6909560,https://recipe1.ezmember.co.kr/cache/recipe/2019/03/31/5c3c737ca47057000dc9756ba0233c581_f.jpg
6948161,https://recipe1.ezmember.co.kr/cache/recipe/2020/12/11/083b0e11441f91bd81e39217964494011_f.jpg
5074724,https://recipe1.ezmember.co.kr/cache/recipe/2015/04/18/9e17182722dc9fc488ecef8cd0bdf4641_f.jpg
6989009,https://recipe1.ezmember.co.kr/cache/recipe/2022/10/09/10f51c82c7182b4fa2b9c6d72c61f0371_f.jpg
6326713,https://recipe1.ezmember.co.kr/cache/recipe/2015/04/09/0cf8cd44ecd5c80d2029568498b4c1521_f.jpg
6929228,https://recipe1.ezmember.co.kr/cache/recipe/2020/03/24/b30f764ea54afe03050c1a7eccd59b031_f.jpg
6898463,https://recipe1.ezmember.co.kr/cache/recipe/2018/10/22/8627ecb17c1ef0227aad6587ed89d3691_f.jpg
4043265,https://recipe1.ezmember.co.kr/cache/recipe/2015/03/26/175921788c6bf7c19548c41fcecaf8a61_f.jpg
4327502,https://recipe1.ezmember.co.kr/cache/recipe/2015/04/20/1d7b97f1e027781605d5de2652620dba1_f.jpg
6918713,https://recipe1.ezmember.co.kr/cache/recipe/2019/09/05/211d59865d03b48f7984e47e264589dc1_f.jpg
6892541,https://recipe1.ezmember.co.kr/cache/recipe/2018/07/13/e233ef3f0c1aeb229e63891e2dceadea1_f.jpg
6914096,https://recipe1.ezmember.co.kr/cache/recipe/2019/06/17/c31572437b992954b344cdd84b92e23f1_f.png
6863872,https://recipe1.ezmember.co.kr/cache/recipe/2017/01/13/73bedc8c8cec5aba0622404551de386e1_f.jpg
6876741,https://recipe1.ezmember.co.kr/cache/recipe/2017/09/12/25ab5b566960c17e1a11060eb239f4cc1_f.jpg
6899491,https://recipe1.ezmember.co.kr/cache/recipe/2018/11/05/67bbc7c609c7536952239c38b12853da1_f.jpg
6901493,https://recipe1.ezmember.co.kr/cache/recipe/2018/11/12/63227fa1c8ff8d477c0b08261b9d6b631_f.jpg
6927370,https://recipe1.ezmember.co.kr/cache/recipe/2020/02/27/ef7d3b72dcabe2548165435c35c905f21_f.jpg
6860179,https://recipe1.ezmember.co.kr/cache/recipe/2016/11/08/75a411f2c7fbe6d0d0e0f37736807f4b1_f.jpg
6829328,https://recipe1.ezmember.co.kr/cache/recipe/2015/06/24/eb81d686d6b7f585d9bb43be37c832611_f.jpg
6908649,https://recipe1.ezmember.co.kr/cache/recipe/2019/03/18/01ff32077f3cbd88e656c12913d9682a1_f.jpg
6992990,https://recipe1.ezmember.co.kr/cache/recipe/2022/11/30/6dd0aea6d36a1df0015f7319f2129f861_f.jpg
6924498,https://recipe1.ezmember.co.kr/cache/recipe/2020/01/04/67e39e64ad120fdfda7d739a0e5add571_f.jpg
6903419,https://recipe1.ezmember.co.kr/cache/recipe/2019/01/03/7aaab7635ed2a98a40765a508dd910d81_f.jpg
6891905,https://recipe1.ezmember.co.kr/cache/recipe/2018/04/17/14873b36fc4df2ac51988b9b57c979811_f.jpg
6932515,https://recipe1.ezmember.co.kr/cache/recipe/2020/05/11/48f786df630c420569701c9a95e0f5761_f.jpg
6891209,https://recipe1.ezmember.co.kr/cache/recipe/2018/06/20/45ec71e5b8a3a998d23e917a3da2e8e01_f.jpg
6879335,https://recipe1.ezmember.co.kr/cache/recipe/2017/11/09/577f07d2a67736a0df97f8f5c95d26f01_f.jpg
6986156,https://recipe1.ezmember.co.kr/cache/recipe/2022/08/23/f95810a7cd896c8cd803838b3ac179651_f.jpg
3943084,https://recipe1.ezmember.co.kr/cache/recipe/2015/06/08/c457b227510fffdb1232b1f742af21b0_f.jpg
6941287,https://recipe1.ezmember.co.kr/cache/recipe/2020/09/08/f80289a94e461cd6359fadfebc60e4b91_f.jpg
4264091,https://recipe1.ezmember.co.kr/cache/recipe/2015/04/20/65344dd3db94c07517c78a24c15e2a351_f.jpg
5091634,https://recipe1.ezmember.co.kr/cache/recipe/2015/04/10/14457e0a3c1ce5875889241ab82b7cd41_f.jpg
6810288,https://recipe1.ezmember.co.kr/cache/recipe/2015/06/02/5635551dbba30925d14325752a007ca71_f.jpg
6850294,https://recipe1.ezmember.co.kr/cache/recipe/2016/06/01/5413214ab9c53eaf379c652f96b816961_f.jpg
6959292,https://recipe1.ezmember.co.kr/cache/recipe/2021/05/31/d7dd2f7a406cc768288af37a274705171_f.jpg
793400,https://recipe1.ezmember.co.kr/cache/recipe/2015/06/09/9ad00f403d2478824d906eefded0811b_f.jpg
6921596,https://recipe1.ezmember.co.kr/cache/recipe/2019/10/31/a9cc8575dacfcf89f5984b7fcebf0df31_f.jpg
6828949,https://recipe1.ezmember.co.kr/cache/recipe/2015/06/14/897863942cec3cd09fcb355ad44494051_f.jpg
6839004,https://recipe1.ezmember.co.kr/cache/recipe/2015/11/21/a6dbb238335a88f4dcc9716fb0f7ba301_f.jpg
6889997,https://recipe1.ezmember.co.kr/cache/recipe/2018/06/01/a4444a8e28fb28552fadbc8cc917b0eb1_f.jpg
6877746,https://recipe1.ezmember.co.kr/cache/recipe/2017/10/12/06271fe004b12e4f22fe3337a182c6271_f.jpg
7032731,https://recipe1.ezmember.co.kr/cache/recipe/2024/08/17/9c50d3cc406a8d4c0286cb6a73c7f6521_f.jpg
7064586,https://recipe1.ezmember.co.kr/cache/recipe/2025/10/16/0f477c31d5a04c62bcb4494e6a3969041_f.jpg
2497869,https://recipe1.ezmember.co.kr/cache/recipe/2015/06/08/b6bd46b16f8695d0e7e8c48e2ba3dd26_f.jpg
6789179,https://recipe1.ezmember.co.kr/cache/recipe/2015/05/24/5cc6fab7b4b90921007ed6f1ab8204f0_f.jpg
6829312,https://recipe1.ezmember.co.kr/cache/recipe/2015/06/24/2f879d295d9fca78f75c1356af6ce36e1_f.jpg
6985259,https://recipe1.ezmember.co.kr/cache/recipe/2022/08/10/2d5819a7ff5b2e03fcbd0fe744eed2fd1_f.jpg
6874433,https://recipe1.ezmember.co.kr/cache/recipe/2017/08/09/1f2101537069c98efddefe3c19ae43071_f.jpg
6895477,https://recipe1.ezmember.co.kr/cache/recipe/2018/09/08/ae3e44762752f037d1a1fc71b221d3421_f.jpg
6889860,https://recipe1.ezmember.co.kr/cache/recipe/2018/05/29/aefcfd6aa3d5f69a49794e21296158a01_f.jpg
6906292,https://recipe1.ezmember.co.kr/cache/recipe/2019/02/11/d26a012c3c10d7e59dc78b290bb4aa271_f.jpg
6998485,https://recipe1.ezmember.co.kr/cache/recipe/2023/03/09/234b6385aea340a0c530c98258565cc61_f.jpg
6853815,https://recipe1.ezmember.co.kr/cache/recipe/2016/08/01/1250bf1376b25174655411144e38c6b41_f.jpg
6938600,https://recipe1.ezmember.co.kr/cache/recipe/2020/08/07/4e83a355a5cee8a206ae3a20a2dadfef1_f.jpg
6855121,https://recipe1.ezmember.co.kr/cache/recipe/2016/08/22/2d0f6a9b824db6fb1a21863f0bb9b0041_f.jpg
6892313,https://recipe1.ezmember.co.kr/cache/recipe/2018/07/10/17f63a012f0134173343d2e80048c4ef1_f.jpg
4914263,https://recipe1.ezmember.co.kr/cache/recipe/2015/04/02/a09e2961d3e0049e27bf51cb541510cb1_f.jpg
6922149,https://recipe1.ezmember.co.kr/cache/recipe/2019/11/14/5d1a355d2d70a205b9cc578236d2f5091_f.jpg
6994297,https://recipe1.ezmember.co.kr/cache/recipe/2022/12/26/901e902fa2b370784b0bd4a4e9d2097b1_f.jpg
6829327,https://recipe1.ezmember.co.kr/cache/recipe/2015/06/23/ce0eba6477b77e05db68cfa3b0a2cbc31_f.jpg
6859769,https://recipe1.ezmember.co.kr/cache/recipe/2016/10/25/e330fcdd2812774f49c4e9de4d66c91d1_f.jpg
6878858,https://recipe1.ezmember.co.kr/cache/recipe/2017/10/31/0127ecc768ececf2f9bdd39aaffaf2f01_f.jpg
2669101,https://recipe1.ezmember.co.kr/cache/recipe/2015/06/08/c4f36c57eca2f1612ef7e7ecd6d3118a_f.jpg
6914712,https://recipe1.ezmember.co.kr/cache/recipe/2019/06/24/0d14d0276a516669be7329ca3aa038bb1_f.jpg
5669268,https://recipe1.ezmember.co.kr/cache/recipe/2015/04/10/427ebee71bb24d1ee85a84a59fbe11321_f.jpg
6856792,https://recipe1.ezmember.co.kr/cache/recipe/2016/09/10/3bfcb6a54727f43724d53cd0f616c4111_f.jpg
6928945,https://recipe1.ezmember.co.kr/cache/recipe/2020/03/20/10c18d6773e6ad72faabf6621ebed5ec1_f.jpg
6924709,https://recipe1.ezmember.co.kr/cache/recipe/2020/01/08/8c4210ba987f38dc8dc36a1266ebc8a11_f.jpg
6869700,https://recipe1.ezmember.co.kr/cache/recipe/2017/05/12/373b96f826d0c4c58b188ece55d7008b1_f.jpg
6869722,https://recipe1.ezmember.co.kr/cache/recipe/2017/05/13/ef43c3052e7177fb6410bfec1ccb35791_f.jpg
6952153,https://recipe1.ezmember.co.kr/cache/recipe/2021/01/27/c73f42a0835039ed2a39cd497939881f1_f.jpg
4620196,https://recipe1.ezmember.co.kr/cache/recipe/2015/06/19/5cf1176be9fb723823b690e41c1d072e_f.jpg
6943017,https://recipe1.ezmember.co.kr/cache/recipe/2020/09/28/ba4e87deb78ebe38b1288d6b4a479ec21_f.jpg
6909233,https://recipe1.ezmember.co.kr/cache/recipe/2019/03/26/6bf7e4b20189e2ddc914561f39c078661_f.jpg
6887401,https://recipe1.ezmember.co.kr/cache/recipe/2018/04/16/4da0b66e3443a9e3dabcfe8751be3db71_f.jpg
7052673,https://recipe1.ezmember.co.kr/cache/recipe/2025/05/14/2e8dc6fd38d2300bb247ef7fd3cbd1471_f.jpg
7028726,https://recipe1.ezmember.co.kr/cache/recipe/2024/06/20/d40b846acb9d1eb75a4ed14fd919559c1_f.jpg
6738007,https://recipe1.ezmember.co.kr/cache/recipe/2015/05/05/04096dc184cea643ab2141d3958762171_f.jpg
6878308,https://recipe1.ezmember.co.kr/cache/recipe/2017/10/21/be098baad1c7937454f56cea2b3d43031_f.jpg
6866927,https://recipe1.ezmember.co.kr/cache/recipe/2017/03/16/67129b3efb169110d80744b30d219b141_f.jpg
6962478,https://recipe1.ezmember.co.kr/cache/recipe/2021/07/29/34b267df8d75f994b49b3300e5d440d11_f.jpg
6902615,https://recipe1.ezmember.co.kr/cache/recipe/2018/12/22/c69dc92715fe410533ad68c37b6a8de31_f.jpg
6884664,https://recipe1.ezmember.co.kr/cache/recipe/2018/02/28/571098804b7f7e42913b964c1d889a2d1_f.jpg
6832437,https://recipe1.ezmember.co.kr/cache/recipe/2015/08/22/31ac7a123a167d8e1feb05a3263428601_f.jpg
6840717,https://recipe1.ezmember.co.kr/cache/recipe/2015/12/21/f9df0a58f4846592397ae483f08fd8931_f.jpg
6930606,https://recipe1.ezmember.co.kr/cache/recipe/2020/04/13/fa6565915e30b0e25d5f9712754e46ad1_f.jpg
7070171,https://recipe1.ezmember.co.kr/cache/recipe/2026/01/19/8709664c9a34db2acda6d0f204d8e3f31_f.jpg
6424531,https://recipe1.ezmember.co.kr/cache/recipe/2015/06/02/bfa5240be0b7f01aa0959a2706d365db1_f.jpg
6837998,https://recipe1.ezmember.co.kr/cache/recipe/2015/11/12/208b4e6748ef33c0b87e1a14797bb2c71_f.jpg
6827518,https://recipe1.ezmember.co.kr/cache/recipe/2015/06/10/bda85722382329c24c54c2d4dd9a6a601_f.jpg
6949350,https://recipe1.ezmember.co.kr/cache/recipe/2020/12/26/7526a8a6c902c88624229cd7657f55e81_f.jpg
6905454,https://recipe1.ezmember.co.kr/cache/recipe/2019/01/28/e17d28640f78f20bedd4af3c6a6c07311_f.jpg
6835914,https://recipe1.ezmember.co.kr/cache/recipe/2015/10/10/3209eef7f6b914313a4d00bf775eb48f1_f.jpg
6901627,https://recipe1.ezmember.co.kr/cache/recipe/2018/12/10/b2749698cb0818ded4571eae169627c81_f.jpg
6905195,https://recipe1.ezmember.co.kr/cache/recipe/2019/01/25/655e06bebda52a91f432657bb159da441_f.jpg
6840189,https://recipe1.ezmember.co.kr/cache/recipe/2015/12/17/41196b8ad2efc065e3077b05c3e649151_f.jpg
6883447,https://recipe1.ezmember.co.kr/cache/recipe/2018/02/05/448955224c50a67ecdc0f556b09ef6001_f.jpg
6850471,https://recipe1.ezmember.co.kr/cache/recipe/2016/06/04/a0a2c0eaaa8969956154a0326eba671d1_f.jpg
6896601,https://recipe1.ezmember.co.kr/cache/recipe/2018/09/27/07c420c4e06da971ed017b20faff276a1_f.JPG
6957789,https://recipe1.ezmember.co.kr/cache/recipe/2021/05/04/148af6ed951b62783d2b905f7124df5c1_f.jpg
6831477,https://recipe1.ezmember.co.kr/cache/recipe/2015/08/10/be356de0f5ee6b049cb501ed543b01f61_f.jpg
6967971,https://recipe1.ezmember.co.kr/cache/recipe/2021/11/02/306f187e02fc34bf87153f302cb483b91_f.jpg
6907622,https://recipe1.ezmember.co.kr/cache/recipe/2019/03/03/aaab028fd0809888c6581a6486130b2e1_f.jpg
6851265,https://recipe1.ezmember.co.kr/cache/recipe/2016/06/20/60b220acd9eb4a40eb44aa457dcd90dd1_f.jpg
6915810,https://recipe1.ezmember.co.kr/cache/recipe/2019/07/14/5c60b716a92ee806f9ad393b8b95f6071_f.jpg
6856391,https://recipe1.ezmember.co.kr/cache/recipe/2016/09/03/509a4e9867dd79b0252ef8bbb236b16d1_f.jpg
6890291,https://recipe1.ezmember.co.kr/cache/recipe/2018/06/05/b9824048c042d71cc11919155130edde1_f.jpg
6865685,https://recipe1.ezmember.co.kr/cache/recipe/2017/02/22/6bf12a137f2634ed9677ffbde1e5b7101_f.jpg
6841716,https://recipe1.ezmember.co.kr/cache/recipe/2016/01/18/60c25df9c45e0af72c7059f9abe52a0d1_f.jpg
3897231,https://recipe1.ezmember.co.kr/cache/recipe/2015/04/23/5cd72439f9f94e0eec589d8fab8522cd1_f.jpg
6854402,https://recipe1.ezmember.co.kr/cache/recipe/2016/08/10/a0e18d8a1b3239603ff0c64b4287634c1_f.jpg
4083232,https://recipe1.ezmember.co.kr/cache/recipe/2015/06/08/aaa537a730a9dddc13ca024fd75dea9d_f.jpg
6892462,https://recipe1.ezmember.co.kr/cache/recipe/2018/07/12/2f780c05e12dd76e8d6eeaf644eba3ce1_f.jpg
6853640,https://recipe1.ezmember.co.kr/cache/recipe/2016/07/28/2a2454b1b20afc2e166e4ee96ee555461_f.jpg
6869432,https://recipe1.ezmember.co.kr/cache/recipe/2017/05/08/dd6b9a3345bdfbe206c48cb00a5b23ec1_f.png
6842474,https://recipe1.ezmember.co.kr/cache/recipe/2016/02/02/19a6b1bb031a61c37e397772fb88af841_f.jpg
6894616,https://recipe1.ezmember.co.kr/cache/recipe/2018/08/23/68694dcf9a0c7c0210a2ae78a4cc6efd1_f.jpg
6867947,https://recipe1.ezmember.co.kr/cache/recipe/2017/04/05/c0f05d89e1cb65d469a75a061f3430c71_f.jpg
5176427,https://recipe1.ezmember.co.kr/cache/recipe/2015/06/08/10056c605ad52255ce2c379a694cce021_f.jpg
7051195,https://recipe1.ezmember.co.kr/cache/recipe/2025/04/25/8abe3f3002a915a92e85f330ce53050f1_f.jpg
6954338,https://recipe1.ezmember.co.kr/cache/recipe/2021/03/01/e669bcc12ecdc1c92a4455037c84c7501_f.jpg
6870370,https://recipe1.ezmember.co.kr/cache/recipe/2017/05/26/15e3ae9d1b3b76f05e04fb71d6024ba21_f.jpg
6829981,https://recipe1.ezmember.co.kr/cache/recipe/2015/07/16/cb3cb11257544f46d3419ac9338846c11_f.jpg
7070129,https://recipe1.ezmember.co.kr/cache/recipe/2026/01/19/b8777cfd224e33fd893929d388db1b2f1_f.jpg
6844785,https://recipe1.ezmember.co.kr/cache/recipe/2016/03/16/71731ba08bbb623aa2989118b11e4fd21_f.jpg
6838532,https://recipe1.ezmember.co.kr/cache/recipe/2015/11/22/3353338e1cc105b7c2f2801815c792791_f.jpg
6864321,https://recipe1.ezmember.co.kr/cache/recipe/2017/01/25/7bda9c91a7de622906d92e78d60bb7df1_f.jpg
7005236,https://recipe1.ezmember.co.kr/cache/recipe/2023/06/28/c3461f605a39957441eb6a7b1607b6801_f.jpg
6911789,https://recipe1.ezmember.co.kr/cache/recipe/2019/05/08/2c257555679a5fca8251952075a9edc91_f.jpg
6962834,https://recipe1.ezmember.co.kr/cache/recipe/2021/08/06/88e7f8bc8ed7769431c77e61b02016f01_f.jpg
6862700,https://recipe1.ezmember.co.kr/cache/recipe/2016/12/15/06a567ea5bad3a8e37e23123ef6b3a7e1_f.jpg
6853307,https://recipe1.ezmember.co.kr/cache/recipe/2016/07/23/a24fbf8165c95555c0418cb1d111a0aa1_f.jpg
4093089,https://recipe1.ezmember.co.kr/cache/recipe/2015/04/20/1896e8eced7a6cdb25169e035df2d3cb1_f.jpg
6875404,https://recipe1.ezmember.co.kr/cache/recipe/2017/08/26/e90f4461e8306c65f610caec1f70c0181_f.jpg
5206151,https://recipe1.ezmember.co.kr/cache/recipe/2015/06/10/3f8c86e7676e0748a84cebf13e92e7b81_f.jpg
6969052,https://recipe1.ezmember.co.kr/cache/recipe/2021/11/15/c766812030508ec099eac077f074b6161_f.jpg
6800369,https://recipe1.ezmember.co.kr/cache/recipe/2015/05/29/bceb5f236e7dcd8115a773bf4b0d04cb1_f.jpg
7014377,https://recipe1.ezmember.co.kr/cache/recipe/2023/11/25/d2987ce6602a2fb54cdbf3cf9526d25d1_f.jpg
6873639,https://recipe1.ezmember.co.kr/cache/recipe/2017/07/27/eade87592caa6dccde1fa4582aec88591_f.jpg
6897278,https://recipe1.ezmember.co.kr/cache/recipe/2018/10/06/29631618927cbc9c31f4d85be831087b1_f.jpg
6982138,https://recipe1.ezmember.co.kr/cache/recipe/2022/06/24/53f5898cf38e0c1e14a891321c8ad5b01_f.jpg
6928976,https://recipe1.ezmember.co.kr/cache/recipe/2020/03/21/af1ab6b6de3e7ca2192531faa9cd356f1_f.jpg
6945081,https://recipe1.ezmember.co.kr/cache/recipe/2020/10/27/5d7f300352c9beaa6ff31416cd61596a1_f.jpg
6839530,https://recipe1.ezmember.co.kr/cache/recipe/2015/12/10/78cd3dc7bf2a70bb6967988a7d775de21_f.jpg
6832351,https://recipe1.ezmember.co.kr/cache/recipe/2015/08/21/b232e1fd7360573ddb1e87bad8e87b1d1_f.jpg
6972973,https://recipe1.ezmember.co.kr/cache/recipe/2022/01/17/e386e2d88adc27eef56248d74a4f98a11_f.jpg
7070989,https://recipe1.ezmember.co.kr/cache/recipe/2026/02/03/e2163c2c710330c9e96306518f4ec4821_f.jpg
7019729,https://recipe1.ezmember.co.kr/cache/recipe/2024/02/10/880d2b811929fe830c13f78d2b61ca1c1_f.jpg
1795762,https://recipe1.ezmember.co.kr/cache/recipe/2015/08/18/6275910bdaa824face859d6cb3167066_f.jpg
6858702,https://recipe1.ezmember.co.kr/cache/recipe/2016/10/20/b4f1fbe255f40093011ab60260eee5a31_f.jpg
6863593,https://recipe1.ezmember.co.kr/cache/recipe/2017/01/06/9b2ce0b9fc4dc384c7c5f24a6405dbcf1_f.jpg
6968179,https://recipe1.ezmember.co.kr/cache/recipe/2021/11/05/a33ddef25a109f548261eff39bf28d4f1_f.jpg
6987658,https://recipe1.ezmember.co.kr/cache/recipe/2022/09/18/404bebd525d33f3432224cc9f32c09f31_f.jpg
6678703,https://recipe1.ezmember.co.kr/cache/recipe/2015/04/04/c488cdd062b702d32e007a03b3fdc02d1_f.jpg
6837515,https://recipe1.ezmember.co.kr/cache/recipe/2015/10/27/a80a6b2080cdeadc5fc8df5ea06eb5771_f.jpg
6893399,https://recipe1.ezmember.co.kr/cache/recipe/2018/07/31/44df4989f106007a16083eb2d6a612261_f.jpg
6890482,https://recipe1.ezmember.co.kr/cache/recipe/2018/06/08/fbc8ba26a19b5afd77899ee215b215201_f.jpg
6842950,https://recipe1.ezmember.co.kr/cache/recipe/2016/02/13/44104424898e3a07d731ffc5978d4dd51_f.jpg
6850326,https://recipe1.ezmember.co.kr/cache/recipe/2016/06/01/b0c004015c26ca7c3c2554144a6c3b9c1_f.jpg
6900055,https://recipe1.ezmember.co.kr/cache/recipe/2018/11/13/27476e12743ff84c61a6a6efc5c14d441_f.jpg
7062092,https://recipe1.ezmember.co.kr/cache/recipe/2025/09/05/4ae93da92a02fb15270ebacf953e6f761_f.jpg
4921947,https://recipe1.ezmember.co.kr/cache/recipe/2015/06/17/7b376b3ef65300bf21c11beeb34ca78c_f.jpg
6923856,https://recipe1.ezmember.co.kr/cache/recipe/2019/12/21/0fa4f5f0d715be5eabf39e34c3e14c671_f.jpg
6837929,https://recipe1.ezmember.co.kr/cache/recipe/2015/11/29/dee4f7768a8de4b2c7d4708bfdc319131_f.jpg
6936517,https://recipe1.ezmember.co.kr/cache/recipe/2020/07/13/b263c5a2d04a9ab0145a774be5eb86261_f.jpg
6904426,https://recipe1.ezmember.co.kr/cache/recipe/2019/01/31/0e8240ea9e511416063a6ef6af834bab1_f.jpg
6876111,https://recipe1.ezmember.co.kr/cache/recipe/2017/09/09/5dab395a1412260e456d7f14c0e25b381_f.jpg
6892006,https://recipe1.ezmember.co.kr/cache/recipe/2018/07/05/5a8b8d43184bdaa635adfe63e2183cbf1_f.jpg
6892405,https://recipe1.ezmember.co.kr/cache/recipe/2018/07/11/f4a502a35eefac4184a7dd73a12d7d401_f.jpg
6963927,https://recipe1.ezmember.co.kr/cache/recipe/2021/08/19/25251bb02da7a86198d3e0b8a950040a1_f.jpg
6876726,https://recipe1.ezmember.co.kr/cache/recipe/2017/09/19/d60875eaae8c2638d6d67d920aa9313c1_f.jpg
6870472,https://recipe1.ezmember.co.kr/cache/recipe/2017/05/29/044664123de3189201cb76e1ed6275d91_f.jpg
6854183,https://recipe1.ezmember.co.kr/cache/recipe/2016/08/07/ad9366e4f1af39681a10d35abe530bbe1_f.jpg
6848398,https://recipe1.ezmember.co.kr/cache/recipe/2016/05/18/fe4a4221ab85b1c3ed87a5db088a7fe81_f.jpg
7061790,https://recipe1.ezmember.co.kr/cache/recipe/2025/08/30/d27ba9c4a4c0d9546ae3b294076f23891_f.jpg
6890221,https://recipe1.ezmember.co.kr/cache/recipe/2018/06/04/30a3e2f389f57000c0b6beb904e8c2561_f.jpg
6922037,https://recipe1.ezmember.co.kr/cache/recipe/2019/11/12/d893b0576bf2b9678b76e2bf7dc364271_f.jpg
6839701,https://recipe1.ezmember.co.kr/cache/recipe/2015/12/17/339c7dd867b8bbc262b9cf40c49db4f81_f.jpg
6832487,https://recipe1.ezmember.co.kr/cache/recipe/2015/08/21/a28e22adf7150eaa33bf43fea423956f1_f.jpg
6913634,https://recipe1.ezmember.co.kr/cache/recipe/2019/06/10/44f952aa1bdf29b43ec8d4d88f046cbb1_f.jpg
6890258,https://recipe1.ezmember.co.kr/cache/recipe/2018/06/04/c90f0adc7386691f291c87222b8fba6c1_f.jpg
6942073,https://recipe1.ezmember.co.kr/cache/recipe/2020/09/17/45086e19c4bfc73adeaf89bbba0881381_f.jpg
6946499,https://recipe1.ezmember.co.kr/cache/recipe/2020/11/17/a5dde35d6bd0170df87f24e3590c29931_f.jpg
6900296,https://recipe1.ezmember.co.kr/cache/recipe/2018/11/16/b000448ba274fa16dc9b51fa7eae70f21_f.jpg
6890404,https://recipe1.ezmember.co.kr/cache/recipe/2018/06/07/690990bdfc2fac887c472224299c6b581_f.jpg
6907706,https://recipe1.ezmember.co.kr/cache/recipe/2019/03/04/b103c99384ef358598c007fa17efd4e71_f.jpg
6913351,https://recipe1.ezmember.co.kr/cache/recipe/2019/06/05/4e363af2b32dc82533c7c21fbb7be38e1_f.jpg
6961023,https://recipe1.ezmember.co.kr/cache/recipe/2021/07/01/440fcef4e5043e2ba085c7f7430d951d1_f.jpg
6956760,https://recipe1.ezmember.co.kr/cache/recipe/2021/04/13/37af6cbb2b297348aceb60f1cb4dfb831_f.jpg
6836198,https://recipe1.ezmember.co.kr/cache/recipe/2015/10/15/c17ef248465a287455b8614da90da5191_f.jpg
6857867,https://recipe1.ezmember.co.kr/cache/recipe/2016/10/04/814c2dab07a72874a7f8c3233eef01711_f.jpg
4511743,https://recipe1.ezmember.co.kr/cache/recipe/2015/04/21/09f8033611d0973c62182a8dfe612b531_f.jpg
6936844,https://recipe1.ezmember.co.kr/cache/recipe/2020/07/16/83bcb86a5964cba604556e51524fd31a1_f.jpg
6859412,https://recipe1.ezmember.co.kr/cache/recipe/2016/10/29/ad242e7d4f67a7aa411253e3c3feb0061_f.jpg
6906064,https://recipe1.ezmember.co.kr/cache/recipe/2019/02/07/8f82258095a94fb9cf2f50f21e50df481_f.jpg
6879550,https://recipe1.ezmember.co.kr/cache/recipe/2017/11/14/9510b5fd36b326c7191306e629103ee51_f.jpg
6953765,https://recipe1.ezmember.co.kr/cache/recipe/2021/02/19/2d668ca5e5aa606dfe76eecb501024d31_f.jpg
6916318,https://recipe1.ezmember.co.kr/cache/recipe/2019/07/22/5eb71437de3fc6196296644a77343e4f1_f.jpg
6896956,https://recipe1.ezmember.co.kr/cache/recipe/2018/10/02/466407faf92a035b32428e45565253621_f.jpg
7076878,https://recipe1.ezmember.co.kr/cache/recipe/2026/05/29/ee851dc8ab6967559e5c5832e1edb7ca1_f.png
4232522,https://recipe1.ezmember.co.kr/cache/recipe/2015/04/21/bb6b7dd15a36a3d911c8c1cfe688504d1_f.jpg
6903588,https://recipe1.ezmember.co.kr/cache/recipe/2019/01/05/8cf7a3c0e113de435fa189b1d3e6984c1_f.jpg
6958994,https://recipe1.ezmember.co.kr/cache/recipe/2021/05/25/4acdd303a43473342238e2fa5db435741_f.jpg
6934015,https://recipe1.ezmember.co.kr/cache/recipe/2020/06/08/eb8b05faa18dc80be9f3ebcb2fc46ec21_f.jpg
6864252,https://recipe1.ezmember.co.kr/cache/recipe/2017/01/23/e3bbad5e5c594232ed1a95ecc14bc3561_f.jpg
6866636,https://recipe1.ezmember.co.kr/cache/recipe/2017/03/10/3c5d3fe5c43d74e789484c4f50e9a5161_f.jpg
4037806,https://recipe1.ezmember.co.kr/cache/recipe/2015/04/22/aee20434dcb3502d8e6f2302485435371_f.jpg
6834046,https://recipe1.ezmember.co.kr/cache/recipe/2015/09/10/3774931aa39c1d44502c5e2f473a7e091_f.jpg
6986470,https://recipe1.ezmember.co.kr/cache/recipe/2022/08/29/0ae7117325b316e22bcef202f838e5671_f.jpg
6879969,https://recipe1.ezmember.co.kr/cache/recipe/2017/11/22/780bd1c52a210cf1088964bf42e51a221_f.jpg
6875782,https://recipe1.ezmember.co.kr/cache/recipe/2017/09/03/e9d94042ceb9f94cea14b2307eec339d1_f.jpg
5266933,https://recipe1.ezmember.co.kr/cache/recipe/2015/04/08/a365f3bf54d33658c666340b4e6182f11_f.jpg
6889221,https://recipe1.ezmember.co.kr/cache/recipe/2018/05/22/125d0d4e2b22a4374254d17250fd29091_f.jpg
6871626,https://recipe1.ezmember.co.kr/cache/recipe/2017/06/22/953f0774568fb7c1ccde8af812aec57a1_f.jpg
6873278,https://recipe1.ezmember.co.kr/cache/recipe/2017/07/24/965deb3e656384d88aa7cabe8b5938411_f.jpg
6901807,https://recipe1.ezmember.co.kr/cache/recipe/2018/12/12/536e142ecd0ca3ea152b4fff9359af4e1_f.jpg
6906379,https://recipe1.ezmember.co.kr/cache/recipe/2019/02/11/1ce65fbc9c92d051b39ad85d169ac4151_f.jpg
6845969,https://recipe1.ezmember.co.kr/cache/recipe/2016/04/05/c6933b4d32781a03a410bf64dfd525181_f.jpg
6924831,https://recipe1.ezmember.co.kr/cache/recipe/2020/01/11/47443f3ee333acc0932e84f7bd565f881_f.jpg
6946720,https://recipe1.ezmember.co.kr/cache/recipe/2020/11/20/8d5a3cc71acad5222f02999ba1c209d31_f.jpg
6880624,https://recipe1.ezmember.co.kr/cache/recipe/2017/12/07/a3a5c6d76bd84096b368579063db58041_f.jpg
6889424,https://recipe1.ezmember.co.kr/cache/recipe/2018/05/23/c347d80301f544bace1007c03cf483031_f.jpg
6844882,https://recipe1.ezmember.co.kr/cache/recipe/2016/03/16/c67e812dcf51bbf4cbd283747419ee7a1_f.jpg
6901025,https://recipe1.ezmember.co.kr/cache/recipe/2018/11/29/d7c3a5dcf9c0afe954a8ddef3d76b53b1_f.jpg
6872349,https://recipe1.ezmember.co.kr/cache/recipe/2017/07/06/a1f94ca2e1b04681e0137ac1e06fad2e1_f.jpg
3794431,https://recipe1.ezmember.co.kr/cache/recipe/2015/06/08/a5b830f2cdb6c07f44db341a8cd4f259_f.jpg
2632605,https://recipe1.ezmember.co.kr/cache/recipe/2015/06/08/0ca9a77215ecfc2e460594e9eb63a2c9_f.jpg
6869383,https://recipe1.ezmember.co.kr/cache/recipe/2017/05/06/240d23e5414769d3af7f06d04844fdcb1_f.jpg
6887106,https://recipe1.ezmember.co.kr/cache/recipe/2018/04/11/3c2e16d9ae56cd47ac743ac5c61f577c1_f.jpg
6871738,https://recipe1.ezmember.co.kr/cache/recipe/2017/06/24/51e4d96334e1a9c2c2d9152596a446b51_f.jpg
6851681,https://recipe1.ezmember.co.kr/cache/recipe/2016/06/27/328ed7d6914c358ba68e41870eec03f01_f.jpg
6876776,https://recipe1.ezmember.co.kr/cache/recipe/2017/09/20/bd10a9aaab5255364ac3c006c74e555c1_f.jpg
5590466,https://recipe1.ezmember.co.kr/cache/recipe/2015/06/01/8ec59ad1fe42b2b482f38f779e24cb2d1_f.jpg
6917167,https://recipe1.ezmember.co.kr/cache/recipe/2019/08/08/81b64e1855ed41f6f8c8f9f8a64474d41_f.jpg
6884415,https://recipe1.ezmember.co.kr/cache/recipe/2018/02/23/0619d76317de3c7a9fb90f99ef93bcc01_f.jpg
6936293,https://recipe1.ezmember.co.kr/cache/recipe/2020/07/10/0f420e8abf2ab3b2a407b215d7622e691_f.jpg
6943066,https://recipe1.ezmember.co.kr/cache/recipe/2020/09/28/75c10c955423466477e2f3eac3a00cd91_f.jpg
7065433,https://recipe1.ezmember.co.kr/cache/recipe/2025/10/30/647fcecf4eabad16a14691abe083e6761_f.jpg
6872440,https://recipe1.ezmember.co.kr/cache/recipe/2017/07/08/07b70623dde6b8f3863118a2fec260bf1_f.jpg
6900467,https://recipe1.ezmember.co.kr/cache/recipe/2018/11/20/b428ac89333ab81036d1437fa8d9db751_f.jpg
6920657,https://recipe1.ezmember.co.kr/cache/recipe/2019/10/15/1063b6f1a5ac6e565ceeb08ab74f1e821_f.jpg
6925247,https://recipe1.ezmember.co.kr/cache/recipe/2020/01/19/f42394f9a4ab044436d853a694ae16fe1_f.jpg
6938331,https://recipe1.ezmember.co.kr/cache/recipe/2020/08/04/e373827fb1a590a75c457929e2d1f5f61_f.jpg
6964279,https://recipe1.ezmember.co.kr/cache/recipe/2021/08/31/e71b4d76b1991c69a5a7ae732eefca811_f.jpg
6943691,https://recipe1.ezmember.co.kr/cache/recipe/2020/10/08/d5433aba967ea3f61b47de15a1abf4bd1_f.jpg
6866429,https://recipe1.ezmember.co.kr/cache/recipe/2017/03/07/55a5d13c99e28ef4aed700c54792f4fe1_f.jpg
6922950,https://recipe1.ezmember.co.kr/cache/recipe/2019/11/30/3a788f20ba83ba7f56ab5a5e34b683eb1_f.jpg
6900699,https://recipe1.ezmember.co.kr/cache/recipe/2018/11/23/8187f65b40757fc17985c4069d22b93b1_f.jpg
6900739,https://recipe1.ezmember.co.kr/cache/recipe/2018/11/24/ac09bc6a12a16dec3588f0d621e97b251_f.jpg
6926292,https://recipe1.ezmember.co.kr/cache/recipe/2020/02/05/958d345012cfd39bee198fbe6729eb6a1_f.jpg
6851998,https://recipe1.ezmember.co.kr/cache/recipe/2016/07/02/79aae2aa5a7d29bd6f5a997c699936701_f.jpg
6943752,https://recipe1.ezmember.co.kr/cache/recipe/2020/10/09/c7cc0781122ee9617364ba7f738315ed1_f.jpg
6923838,https://recipe1.ezmember.co.kr/cache/recipe/2019/12/20/d8e2dade9a7912aae26082c413257f5d1_f.jpg
6910313,https://recipe1.ezmember.co.kr/cache/recipe/2019/04/12/88a161583121702219ccd1bcbc7a75811_f.jpg
6915661,https://recipe1.ezmember.co.kr/cache/recipe/2019/07/11/eb7e828dcd2e79c16adaa9324ae59b2c1_f.jpg
6834406,https://recipe1.ezmember.co.kr/cache/recipe/2015/09/02/f6f631bbdbf93f28e2db83b21b93af041_f.jpg
6912940,https://recipe1.ezmember.co.kr/cache/recipe/2019/05/28/805af863c671e978172da4c37d3aa70e1_f.jpg
6638953,https://recipe1.ezmember.co.kr/cache/recipe/2015/04/06/fafb817e08b4452869613c24b11910e51_f.jpg
7042949,https://recipe1.ezmember.co.kr/cache/recipe/2025/01/19/5cceb208e35688ddf1afd186eb6dcffd1_f.jpg
6832783,https://recipe1.ezmember.co.kr/cache/recipe/2015/08/25/ff59ee941854b55052c23610895c731b1_f.jpg
6854931,https://recipe1.ezmember.co.kr/cache/recipe/2016/08/19/c2ce3d59ee4f2caee300b97b1aa7d42f1_f.jpg
6899442,https://recipe1.ezmember.co.kr/cache/recipe/2018/11/05/0198b62ab0a42b7cabb9a4923ee686e01_f.jpg
6889298,https://recipe1.ezmember.co.kr/cache/recipe/2018/05/21/b217037cc85801304102f72f3d4ecd3e1_f.jpg
6926683,https://recipe1.ezmember.co.kr/cache/recipe/2020/02/16/75f8c58a1ec5f9f9323fec2f6ec5b2ba1_f.jpg
6873286,https://recipe1.ezmember.co.kr/cache/recipe/2017/07/24/863c1a525843d2ea7d36200a20a2a5931_f.png
6864320,https://recipe1.ezmember.co.kr/cache/recipe/2017/01/25/0b9b774b38db5787e04e77e8b89899121_f.jpg
6982684,https://recipe1.ezmember.co.kr/cache/recipe/2022/05/16/5eb23b823e5ed70205bfcc533d5fd05a1_f.jpg
6872568,https://recipe1.ezmember.co.kr/cache/recipe/2017/07/11/e7c9979be834180af440858401080c161_f.jpg
6881990,https://recipe1.ezmember.co.kr/cache/recipe/2018/01/09/0d719ba8b24ce10e3f514bec01dd56261_f.jpg
6838591,https://recipe1.ezmember.co.kr/cache/recipe/2015/11/23/09ad03df5f567c9c039c7ebc3681d5371_f.jpg
6942099,https://recipe1.ezmember.co.kr/cache/recipe/2020/09/17/96bd4b1ff3690025d7db38057d18f10b1_f.jpg
6940179,https://recipe1.ezmember.co.kr/cache/recipe/2020/08/26/f4f74e56a5a888c440faf97feeff16f81_f.jpg
6833925,https://recipe1.ezmember.co.kr/cache/recipe/2015/09/08/dd42f6de52c55b5e5b783510857bb40f1_f.jpg
6974158,https://recipe1.ezmember.co.kr/cache/recipe/2022/02/08/cab1cef279e5577555a4234a887359431_f.jpg
6911934,https://recipe1.ezmember.co.kr/cache/recipe/2019/05/10/a6f07acb536e7b311c7515627aa439a51_f.jpg
6960270,https://recipe1.ezmember.co.kr/cache/recipe/2021/06/15/55767824e3c0fe216044630e253ce9201_f.jpg
6937405,https://recipe1.ezmember.co.kr/cache/recipe/2020/07/23/38456e6ddfb19ef0724b038ec7e8d5171_f.jpg
7012583,https://recipe1.ezmember.co.kr/cache/recipe/2023/10/29/10a507ee3cd3a05b87a23c92cbbd5d701_f.jpg
6892466,https://recipe1.ezmember.co.kr/cache/recipe/2018/07/12/9ecd2df420be7490f5154a31de722a3a1_f.jpg
6983251,https://recipe1.ezmember.co.kr/cache/recipe/2022/07/11/bfe0b81859e5eed1038968dea91505951_f.jpg
6909842,https://recipe1.ezmember.co.kr/cache/recipe/2019/04/04/e56415f4a4f68e4f3d07c6aea6a2cae11_f.jpg
6960372,https://recipe1.ezmember.co.kr/cache/recipe/2021/06/17/87585207ce6c370718d402b12be174b01_f.jpg
2467403,https://recipe1.ezmember.co.kr/cache/recipe/2015/07/30/f337e8d5313674532de322d157612dd8_f.jpg
6914730,https://recipe1.ezmember.co.kr/cache/recipe/2019/06/26/40a4d3d23d4cf1d1817b00d0a028df921_f.jpg
7018734,https://recipe1.ezmember.co.kr/cache/recipe/2024/01/27/ab23124a3d8834e973dc7b12728c211f1_f.jpg
6858631,https://recipe1.ezmember.co.kr/cache/recipe/2016/10/19/5a35e08f4da8a086174f696de26aa61a1_f.jpg
6833463,https://recipe1.ezmember.co.kr/cache/recipe/2015/09/03/63229a54e6c0b3eebb308b4ecca934e11_f.jpg
1586162,https://recipe1.ezmember.co.kr/cache/recipe/2015/10/16/14365b7c0c0a74b87ba7978a5f47b5e0_f.jpg
6992692,https://recipe1.ezmember.co.kr/cache/recipe/2022/11/25/0b0acadcc104fa5f42a7071a993b477b1_f.jpg
6955605,https://recipe1.ezmember.co.kr/cache/recipe/2021/03/22/f3973535367e398f69b8045b3df938471_f.jpg
6950148,https://recipe1.ezmember.co.kr/cache/recipe/2020/12/16/24de737d56a214321bfa57d5a2f93b961_f.jpg
6887078,https://recipe1.ezmember.co.kr/cache/recipe/2018/04/11/6682c081a082ea0bab10a781d1712dae1_f.jpg
6857792,https://recipe1.ezmember.co.kr/cache/recipe/2016/10/02/7d59f2f98a45e343db0e025d6b0a19dc1_f.jpg
6876551,https://recipe1.ezmember.co.kr/cache/recipe/2017/09/03/9a3eda9750f6c040f0abf6f94c7cc02d1_f.jpg
6860493,https://recipe1.ezmember.co.kr/cache/recipe/2016/11/11/e414c58ffe29b3cbf6cde658f1e6ba781_f.jpg
6873605,https://recipe1.ezmember.co.kr/cache/recipe/2017/07/27/f75357f7639eb5fba38e801463dad8301_f.jpg
6905867,https://recipe1.ezmember.co.kr/cache/recipe/2019/02/03/7d2b7c242163c700dcc858692f39359a1_f.jpg
6833874,https://recipe1.ezmember.co.kr/cache/recipe/2015/09/09/146ffd9b4d7fd0b216b9d3eb07ee4aee1_f.jpg
7063060,https://recipe1.ezmember.co.kr/cache/recipe/2025/09/20/9a40c7e29f5f15442ca981a7384856201_f.jpg
7058810,https://recipe1.ezmember.co.kr/cache/recipe/2025/07/18/d437725f49d708c37a4045533edf63301_f.jpg
4052910,https://recipe1.ezmember.co.kr/cache/recipe/2015/08/06/d4778500523a3c038a128eb6bfe883b21_f.jpg
6908340,https://recipe1.ezmember.co.kr/cache/recipe/2019/03/13/6f64c352813b2d4ffbdd900a5f1eeb061_f.jpg
6740420,https://recipe1.ezmember.co.kr/cache/recipe/2015/05/05/4fb112cd56cd21b9c5ad44e655b5bb301_f.jpg
6918074,https://recipe1.ezmember.co.kr/cache/recipe/2019/08/23/4919ed7e5560748b517a9be35db648df1_f.jpg
6910661,https://recipe1.ezmember.co.kr/cache/recipe/2019/04/17/28d4ecd03259135565b73e72f54ae8211_f.jpg
6849742,https://recipe1.ezmember.co.kr/cache/recipe/2016/05/22/15a48dca144a691b99169ec7a878258b1_f.jpg
6983522,https://recipe1.ezmember.co.kr/cache/recipe/2022/07/14/a878ac02ed1c357250f8f93f34b17dda1_f.jpg
7024887,https://recipe1.ezmember.co.kr/cache/recipe/2024/04/18/dee8eb93d55466f4c342b70b2d13cd481_f.jpg
7042580,https://recipe1.ezmember.co.kr/cache/recipe/2025/01/14/ca94af613085eef92fc47a00cae926de1_f.jpg
6835547,https://recipe1.ezmember.co.kr/cache/recipe/2015/10/04/b19c4a07bc69c9a1024e7abd7b5d1f691_f.jpg
6942942,https://recipe1.ezmember.co.kr/cache/recipe/2020/09/26/e42dd35092b25ca898096f4bfd649b2b1_f.jpg
6994956,https://recipe1.ezmember.co.kr/cache/recipe/2023/01/06/45be21c6ac88e47fae6ff5ffc09a2b121_f.jpg
7063520,https://recipe1.ezmember.co.kr/cache/recipe/2025/09/29/742d45a66a70a07541c477d06e6909531_f.jpg
6838008,https://recipe1.ezmember.co.kr/cache/recipe/2015/11/12/f6bcbe02a36016931a467880a5b00c1e1_f.jpg
4013032,https://recipe1.ezmember.co.kr/cache/recipe/2015/04/22/1aeb78be9699fe03eda5ad0b43d455101_f.jpg
6906459,https://recipe1.ezmember.co.kr/cache/recipe/2019/02/12/588f0069ec58144b6171ea3ac4e95d291_f.jpg
6852989,https://recipe1.ezmember.co.kr/cache/recipe/2016/07/18/4bd0af857dd0e03ac03a7189399472b91_f.jpg
6900689,https://recipe1.ezmember.co.kr/cache/recipe/2018/10/05/ecf7df1a766b04ce1feadaee40d7b8c71_f.jpg
6949639,https://recipe1.ezmember.co.kr/cache/recipe/2020/12/30/fce75e9e99a75af0ec0ffa9e55d3a0611_f.jpg
6959528,https://recipe1.ezmember.co.kr/cache/recipe/2021/06/03/fe6951bc5cf0b75dcf6fc99f1dce5fc11_f.jpg
7028671,https://recipe1.ezmember.co.kr/cache/recipe/2024/06/19/3a8f060d908d5a1ee46af1d29786fe951_f.jpg
6947540,https://recipe1.ezmember.co.kr/cache/recipe/2020/12/04/d7d1e59f70ef81cdbed1d52007bcfd8e1_f.jpg
6892274,https://recipe1.ezmember.co.kr/cache/recipe/2018/07/10/0142c9072a2cd33210a0fc8ce2a518361_f.jpg
6888571,https://recipe1.ezmember.co.kr/cache/recipe/2018/05/09/d4fe0376a59ba2afe264cfc4cce51dbf1_f.jpg
6895723,https://recipe1.ezmember.co.kr/cache/recipe/2018/09/12/87c098dbfe15fd8a9e4e092ae98983291_f.jpg
6831001,https://recipe1.ezmember.co.kr/cache/recipe/2015/08/01/0629c6304aa77e06004ae151d2ac72d21_f.jpg
6848304,https://recipe1.ezmember.co.kr/cache/recipe/2016/05/17/62d2830b96b5d60a0eda0674e2eb7ebc1_f.jpg
6884721,https://recipe1.ezmember.co.kr/cache/recipe/2018/03/01/ca3f8b50d81074fffd3871446263750a1_f.jpg
6877754,https://recipe1.ezmember.co.kr/cache/recipe/2017/10/12/e0493587a0b6f093762c8393ecac50081_f.jpg
6999502,https://recipe1.ezmember.co.kr/cache/recipe/2023/03/24/ceafdb62000da39c366351b900536efc1_f.jpg
7071957,https://recipe1.ezmember.co.kr/cache/recipe/2026/02/23/eacb49b1332e8ac184816d44266e72981_f.jpg
7006903,https://recipe1.ezmember.co.kr/cache/recipe/2023/07/28/23c9e2ef8b2a0db30c472aa3d2c06bc91_f.jpg
6955396,https://recipe1.ezmember.co.kr/cache/recipe/2021/03/16/ef331a81f3b6b15b78822f2ebfb314151_f.jpg
6884200,https://recipe1.ezmember.co.kr/cache/recipe/2018/02/18/fe6f7eaf8855ea05657e3a61cc4c10e71_f.jpg
6852685,https://recipe1.ezmember.co.kr/cache/recipe/2016/07/13/a070c4ce7791157808df44c0c9052c371_f.jpg
7058526,https://recipe1.ezmember.co.kr/cache/recipe/2025/07/10/aba0c38a3f26f2340375c0b4072266181_f.jpg
6906814,https://recipe1.ezmember.co.kr/cache/recipe/2019/02/18/4a90560a2c32fbf7b5a728334daad4811_f.jpg
6847605,https://recipe1.ezmember.co.kr/cache/recipe/2016/05/04/ade84238cdda5ce3dcb34c60db96aff41_f.jpg
6923954,https://recipe1.ezmember.co.kr/cache/recipe/2019/12/23/75c3719566a50bb7acd91b58793202781_f.jpg
6907544,https://recipe1.ezmember.co.kr/cache/recipe/2019/03/01/445ff04b30efa6a710b5b4fa3fb953581_f.jpg
6868800,https://recipe1.ezmember.co.kr/cache/recipe/2017/04/21/ddbac6919856d2e088c5fd256d0cc6381_f.jpg
4356431,https://recipe1.ezmember.co.kr/cache/recipe/2015/04/15/0f0a01b27c48f1d70c208df195ae3b141_f.jpg
6914267,https://recipe1.ezmember.co.kr/cache/recipe/2019/06/19/0be1874c6f2fa12b4c507ffd0f26805e1_f.jpg
6894541,https://recipe1.ezmember.co.kr/cache/recipe/2018/08/22/10467fc809e53fa45fe1c430f15cf8051_f.jpg
6886035,https://recipe1.ezmember.co.kr/cache/recipe/2018/03/23/14e0b1a1386a6af70baed504493154391_f.jpg
6840191,https://recipe1.ezmember.co.kr/cache/recipe/2015/12/22/de62fed31c9587cd8f7e70b8d5cdb8131_f.jpg
6888983,https://recipe1.ezmember.co.kr/cache/recipe/2018/05/16/e05bfb1bf1e559d95d43c1e6247470911_f.jpg
6898933,https://recipe1.ezmember.co.kr/cache/recipe/2018/10/29/50f37a21f4296c61770bf9b3bbb3e74f1_f.jpg
6951557,https://recipe1.ezmember.co.kr/cache/recipe/2021/01/20/1b8e16b5913013833251cf63fe55642b1_f.jpg
4527744,https://recipe1.ezmember.co.kr/cache/recipe/2015/06/08/0e39d4779333459fddf885cc82e8f9f5_f.jpg
6993090,https://recipe1.ezmember.co.kr/cache/recipe/2022/12/02/7f964c85492d93649997f1e9eb5d4b0a1_f.jpg
6944346,https://recipe1.ezmember.co.kr/cache/recipe/2020/10/16/8da15cdb2e5c7749514fb537cb81356b1_f.jpg
6934535,https://recipe1.ezmember.co.kr/cache/recipe/2020/06/18/eaf96278a1270af32623ed10ad9c4ed31_f.jpg
6880978,https://recipe1.ezmember.co.kr/cache/recipe/2017/12/15/66a7e1c737087b0a8737492fd40a507a1_f.jpg
6994463,https://recipe1.ezmember.co.kr/cache/recipe/2022/12/29/4f31f5d3d59e970221db46585f1552f31_f.jpg
6873376,https://recipe1.ezmember.co.kr/cache/recipe/2017/07/24/37bc37291062afea547da63ff24229f41_f.jpg
6707756,https://recipe1.ezmember.co.kr/cache/recipe/2015/05/12/d248a8ef82231b702e3f268e6c915cc61_f.jpg
5012173,https://recipe1.ezmember.co.kr/cache/recipe/2015/04/10/9f7ed6eea7df61847806897d0ae730a4_f.jpg
6936444,https://recipe1.ezmember.co.kr/cache/recipe/2020/07/12/1d0b2aed3c8618de16a9c6941691c1451_f.jpg
6962804,https://recipe1.ezmember.co.kr/cache/recipe/2021/08/02/d61d4659f797432d52694ccc1cc4d6061_f.jpg
6871858,https://recipe1.ezmember.co.kr/cache/recipe/2017/06/27/10212c8536fdba2f0ea6ba90f1655bbc1_f.jpg
6863076,https://recipe1.ezmember.co.kr/cache/recipe/2016/09/14/35494133679fa6f8ccc33e89308c7c631_f.jpg
6850739,https://recipe1.ezmember.co.kr/cache/recipe/2016/06/10/17512d4ac8f9890600968458b55a36051_f.jpg
6989010,https://recipe1.ezmember.co.kr/cache/recipe/2022/10/09/aafb534b00195c48f8fd8b4f31f2b2ea1_f.jpg
6842067,https://recipe1.ezmember.co.kr/cache/recipe/2016/01/25/88669206d68aa5c4e45f759e25918dae1_f.jpg
6912034,https://recipe1.ezmember.co.kr/cache/recipe/2019/05/12/ffc2ccfc59aca4960265b51a862798bb1_f.jpg
6935648,https://recipe1.ezmember.co.kr/cache/recipe/2020/07/03/cbd443f59851adf19fa87827a945fd5b1_f.jpg
6984463,https://recipe1.ezmember.co.kr/cache/recipe/2022/07/29/a8849df1b3bb29a3a4aad7c2e65e6c6f1_f.jpg
7038746,https://recipe1.ezmember.co.kr/cache/recipe/2024/11/17/287e4a2df39ae1b55efbdedbda52dffc1_f.jpg
6833522,https://recipe1.ezmember.co.kr/cache/recipe/2015/09/07/d7074261af5a08e226df4b26a463ee811_f.jpg
6926155,https://recipe1.ezmember.co.kr/cache/recipe/2020/02/07/450177838739defc4eb6c43f5fa10e301_f.jpg
6846951,https://recipe1.ezmember.co.kr/cache/recipe/2016/04/23/9551559875a178d7144fd3111d6922361_f.jpg
6906678,https://recipe1.ezmember.co.kr/cache/recipe/2019/02/15/8b589596dd93e71d0479abca74c765761_f.jpg
6962597,https://recipe1.ezmember.co.kr/cache/recipe/2021/08/01/b9960f9079cbba1333914497e20e017f1_f.jpg
6894215,https://recipe1.ezmember.co.kr/cache/recipe/2018/08/15/9cf3fb3b0244f07b63068e91952e59cf1_f.jpg
6888567,https://recipe1.ezmember.co.kr/cache/recipe/2018/05/09/69ba4907bd14fdd567a28288d53878361_f.jpg
6884766,https://recipe1.ezmember.co.kr/cache/recipe/2018/03/02/d52384b8bd2f0a294e6194b2e8684e8f1_f.jpg
6907504,https://recipe1.ezmember.co.kr/cache/recipe/2019/03/01/c1e111bf6f6b164ee2ccb1a2cbdaf8bd1_f.jpg
6884507,https://recipe1.ezmember.co.kr/cache/recipe/2018/02/25/63852a996b069749306699a7edd9065c1_f.jpg
6890831,https://recipe1.ezmember.co.kr/cache/recipe/2018/06/13/5e26f6d414cadb6e31655056a9c789cf1_f.jpg
6903050,https://recipe1.ezmember.co.kr/cache/recipe/2018/12/28/c97d633886a48c89095e1b79197f13511_f.jpg
6923881,https://recipe1.ezmember.co.kr/cache/recipe/2019/12/21/12cf3d3d289dd4ca69d8e7e35c655d161_f.jpg
4493900,https://recipe1.ezmember.co.kr/cache/recipe/2015/06/26/e0645e6ad40ce270e1c8df21e3e7dcd2_f.jpg
7041137,https://recipe1.ezmember.co.kr/cache/recipe/2024/12/23/260d2a632fe33677281a612247f3c0b01_f.jpg
6899825,https://recipe1.ezmember.co.kr/cache/recipe/2018/11/09/2342369171c0652a04ddc53b39038a1d1_f.jpg
6872438,https://recipe1.ezmember.co.kr/cache/recipe/2017/07/03/6448afc31f49ce06c62e97f3a8c7391d1_f.jpg
6977515,https://recipe1.ezmember.co.kr/cache/recipe/2022/04/08/e4cc5dc0fb6704bc0169dcf2e040f3a21_f.jpg
6957452,https://recipe1.ezmember.co.kr/cache/recipe/2021/04/27/81a71ffd4e16580fc4c46b53dd1ba6251_f.jpg
6925157,https://recipe1.ezmember.co.kr/cache/recipe/2020/01/17/e7ca0d78bef198596c620ff86956cb2f1_f.jpg
6934500,https://recipe1.ezmember.co.kr/cache/recipe/2020/06/17/5a2d9bf58bf4fcaccc5111246bfb5e401_f.jpg
6901643,https://recipe1.ezmember.co.kr/cache/recipe/2018/12/10/974ea8e5d2fbd1132a24ef944d3419471_f.jpg
6851022,https://recipe1.ezmember.co.kr/cache/recipe/2016/06/15/d2876fd3c6a9622b923e554dfe6653a11_f.jpg
6882923,https://recipe1.ezmember.co.kr/cache/recipe/2018/01/27/be6732acc24c51f7a5a7694ca31a3d391_f.jpg
6953088,https://recipe1.ezmember.co.kr/cache/recipe/2021/02/08/ad7239ff9e87a18ea4f10cdb9b42ea361_f.jpg
7028106,https://recipe1.ezmember.co.kr/cache/recipe/2024/06/05/b8efabe6eab33cba1e8b9e92e7db16371_f.jpg
6948273,https://recipe1.ezmember.co.kr/cache/recipe/2020/12/13/97f53b0045351c0294854a0b7660efa11_f.jpg
6935691,https://recipe1.ezmember.co.kr/cache/recipe/2020/07/03/ee406cb0f8c79e9eddb39f284d9725de1_f.jpg
6956291,https://recipe1.ezmember.co.kr/cache/recipe/2021/04/02/d92ddcd627d34b43839c8431954f0e7a1_f.jpg
6837107,https://recipe1.ezmember.co.kr/cache/recipe/2015/10/29/ebfdabeb9e74411e842e2fb8be1969201_f.jpg
6917439,https://recipe1.ezmember.co.kr/cache/recipe/2019/08/13/24070744003bf02cff4de188951b8d3c1_f.jpg
7061275,https://recipe1.ezmember.co.kr/cache/recipe/2025/08/23/f8caa61a3b57bdbfc3f69da1d5d6a0081_f.jpg
6899884,https://recipe1.ezmember.co.kr/cache/recipe/2018/11/08/75ef4e3f8e31d6c3dddbaaecf5aa99c91_f.jpg
6846489,https://recipe1.ezmember.co.kr/cache/recipe/2016/04/14/226cb6cfaf4b860719f18fb9852c29e91_f.gif
4193589,https://recipe1.ezmember.co.kr/cache/recipe/2015/04/22/9c0e40eb8ea688df1c9a78f4c8f39d721_f.jpg
6915631,https://recipe1.ezmember.co.kr/cache/recipe/2019/07/11/8a62b8a3f2dfd688f8034c424f8d965f1_f.png
6904624,https://recipe1.ezmember.co.kr/cache/recipe/2019/01/11/ca2943e239b6474f0b29e55aa68c38b31_f.jpg
6924437,https://recipe1.ezmember.co.kr/cache/recipe/2020/01/03/c75f03428299f993e4b34703f36ae6f21_f.jpg
7047843,https://recipe1.ezmember.co.kr/cache/recipe/2025/03/19/15d74bad9ec9dab35fe49856c007299a1_f.jpg
6985768,https://recipe1.ezmember.co.kr/cache/recipe/2022/08/16/e676940b4974ec3d6d740dd90e8fa5471_f.jpg
6858071,https://recipe1.ezmember.co.kr/cache/recipe/2016/10/07/cbdff72a5e8bddbaf13a49155cef32d81_f.jpg
6865301,https://recipe1.ezmember.co.kr/cache/recipe/2017/02/15/f5d351e58aa29a38813dead5858e84ea1_f.jpg
7064958,https://recipe1.ezmember.co.kr/cache/recipe/2025/10/23/e4d60508d271e6c2e2e8d8490bef48f31_f.jpg
6981936,https://recipe1.ezmember.co.kr/cache/recipe/2022/06/22/91177046629dc22e744929ad4a001d701_f.jpg
6941096,https://recipe1.ezmember.co.kr/cache/recipe/2020/09/06/c9a46b729b12519043842049d0cb7fc31_f.jpg
7035762,https://recipe1.ezmember.co.kr/cache/recipe/2024/09/27/c621c080c0202b8c56a154e36fc784351_f.jpg
6922304,https://recipe1.ezmember.co.kr/cache/recipe/2019/11/18/6aa5c825ed566dd92deb47a68b06bb521_f.jpg
6852321,https://recipe1.ezmember.co.kr/cache/recipe/2016/07/07/3298ea6af02b91ae1935517c73c20ddd1_f.jpg
6901508,https://recipe1.ezmember.co.kr/cache/recipe/2018/12/07/e1dae5c068cc5ebfe147cb9ed06900611_f.jpg
6832504,https://recipe1.ezmember.co.kr/cache/recipe/2015/08/24/0d38a771648a0ed4b693e355cc62bce71_f.jpg
6918971,https://recipe1.ezmember.co.kr/cache/recipe/2019/09/10/b18965a4c33652594dea37b2a5d0422c1_f.jpg
6833215,https://recipe1.ezmember.co.kr/cache/recipe/2015/08/31/8f4dd15a1552679323372bc5221d66e01_f.jpg
6894304,https://recipe1.ezmember.co.kr/cache/recipe/2018/08/17/d786a730a246096b98077f2d2aa35cfa1_f.jpg
6919796,https://recipe1.ezmember.co.kr/cache/recipe/2019/09/23/e02d559fd711fb6a0152fac86d986fbd1_f.jpg
6830243,https://recipe1.ezmember.co.kr/cache/recipe/2015/07/14/427c7ee47e7fe649af0c6b3f289605a81_f.jpg
6830834,https://recipe1.ezmember.co.kr/cache/recipe/2015/07/29/76c2717c2fc1c614186776b9b1e46f2e1_f.jpg
6873536,https://recipe1.ezmember.co.kr/cache/recipe/2017/07/26/3dbdbbc4cfcdeb0d436e0f968f24bc361_f.jpg
6860437,https://recipe1.ezmember.co.kr/cache/recipe/2016/11/10/ab6d3b7a9b4a145c8311ee1e25181a481_f.jpg
6887633,https://recipe1.ezmember.co.kr/cache/recipe/2018/04/20/f79f817efe6b5769ae6b768b74caa5c51_f.jpg
7020802,https://recipe1.ezmember.co.kr/cache/recipe/2024/02/26/f5e206d6dde990c0217bfb0096fca7a51_f.jpg
6982993,https://recipe1.ezmember.co.kr/cache/recipe/2022/07/07/cb9847d11b2bd529a83a55a9fb436aa81_f.jpg
6921965,https://recipe1.ezmember.co.kr/cache/recipe/2019/11/11/a886d1037ce0c99f066fdab4ac8603e91_f.jpg
6896411,https://recipe1.ezmember.co.kr/cache/recipe/2018/09/22/10673b9fc553741223eba11ed5c24f461_f.jpg
6837531,https://recipe1.ezmember.co.kr/cache/recipe/2015/11/04/d5716bed94df16cb9d4e41a7064a28121_f.jpg
6992588,https://recipe1.ezmember.co.kr/cache/recipe/2022/11/23/c74c045e3ba95a7fb4e87bf349f062801_f.jpg
6958860,https://recipe1.ezmember.co.kr/cache/recipe/2021/05/23/219147adfe097e3c10b2d923a5d254711_f.jpg
6916952,https://recipe1.ezmember.co.kr/cache/recipe/2019/08/05/5ec950e8e2ccf75dd3beb4015614e3da1_f.jpg
6839156,https://recipe1.ezmember.co.kr/cache/recipe/2015/12/04/046f8c0cfdd6961275a8a8f2691d6b391_f.jpg
7066803,https://recipe1.ezmember.co.kr/cache/recipe/2025/11/23/0390361599646e56455bec24b04ccb291_f.jpg
6877225,https://recipe1.ezmember.co.kr/cache/recipe/2017/09/28/2134392a0f7cb2e4bc15a10ac54f5fb41_f.jpg
6843687,https://recipe1.ezmember.co.kr/cache/recipe/2016/02/26/e83675bb7db80e5fbc6bf0ec1068531d1_f.jpg
6561166,https://recipe1.ezmember.co.kr/cache/recipe/2015/05/22/3c18bebcc5b97f03aeacf33eb07f1c251_f.jpg
6888277,https://recipe1.ezmember.co.kr/cache/recipe/2018/04/28/caa577903776054943f97e6fc731eec91_f.jpg
5173598,https://recipe1.ezmember.co.kr/cache/recipe/2015/06/04/a2318022454e0aa5c9ba932f4b4b98691_f.jpg
6907297,https://recipe1.ezmember.co.kr/cache/recipe/2019/02/25/78323786296121e3f4fbe18475c3852d1_f.jpg
6923989,https://recipe1.ezmember.co.kr/cache/recipe/2019/12/21/aa74528d83a29c304177a65d99582e161_f.jpg
6939582,https://recipe1.ezmember.co.kr/cache/recipe/2020/08/19/b4ff3779abce7640fa782ca0789ff1271_f.jpg
6874149,https://recipe1.ezmember.co.kr/cache/recipe/2017/08/06/f1074c2b74196d74ed0601b86b2218b31_f.jpg
6843200,https://recipe1.ezmember.co.kr/cache/recipe/2016/02/17/f768801672099c5a2fd9fe06d56dcf4f1_f.jpg
5405250,https://recipe1.ezmember.co.kr/cache/recipe/2015/04/02/46d5da3bce6ea694443125e2fb573d621_f.JPG
6851332,https://recipe1.ezmember.co.kr/cache/recipe/2016/06/21/16b5105d2cf09aa864e6a75c1a53d4571_f.jpg
6859612,https://recipe1.ezmember.co.kr/cache/recipe/2016/11/01/88b7822f642ccc1591e79b00ca369a6d1_f.jpg
6864243,https://recipe1.ezmember.co.kr/cache/recipe/2017/01/23/eeacae584635f78889442f0288e4b70b1_f.jpg
6903448,https://recipe1.ezmember.co.kr/cache/recipe/2019/01/03/dd0a7e24dbc7d5a6f84ee413d57b4e081_f.jpg
6940221,https://recipe1.ezmember.co.kr/cache/recipe/2020/08/27/28664669d21ee55e088e7c5cb8f3fa5e1_f.jpg
6854623,https://recipe1.ezmember.co.kr/cache/recipe/2016/08/15/a101dfc40adbe14955eab8541eb7e3d61_f.jpg
6835960,https://recipe1.ezmember.co.kr/cache/recipe/2015/10/11/3dd688fee3c8eb63b265646f336f0bfd1_f.png
6797230,https://recipe1.ezmember.co.kr/cache/recipe/2015/08/05/033ca576d91c9c99bad8874511b49d3c1_f.jpg
6888363,https://recipe1.ezmember.co.kr/cache/recipe/2018/05/06/c7cb15c2e164596b44b9f0646069acfa1_f.jpg
7009621,https://recipe1.ezmember.co.kr/cache/recipe/2023/09/10/2460122bef97c65289ae3cc64d3a27961_f.jpg
6841489,https://recipe1.ezmember.co.kr/cache/recipe/2018/07/19/51439d37b2b12b8d46765392e2f3f76a1_f.jpg
6979411,https://recipe1.ezmember.co.kr/cache/recipe/2022/05/16/6e11ab9eaf2654f75fe5d9a149b379bb1_f.jpg
6883577,https://recipe1.ezmember.co.kr/cache/recipe/2018/02/07/5fceef4a9dfc19e34b1dc0ac0fc6f9931_f.jpg
6934408,https://recipe1.ezmember.co.kr/cache/recipe/2020/06/15/c49bacc2a76956e6cee2435d52f1e8ca1_f.jpg
6921170,https://recipe1.ezmember.co.kr/cache/recipe/2019/10/24/eeb728e50187785549a5a74b8d2b6c061_f.jpg
6900138,https://recipe1.ezmember.co.kr/cache/recipe/2018/11/14/e66f94dfc9118358a3e39da3eef20c8d1_f.jpg
6875783,https://recipe1.ezmember.co.kr/cache/recipe/2017/09/04/7c423676bc7c12a5c6f729bfa0ee731b1_f.jpg
6957739,https://recipe1.ezmember.co.kr/cache/recipe/2021/05/03/7b8f544cb964b9c435ef02526820cd2c1_f.jpg
6898996,https://recipe1.ezmember.co.kr/cache/recipe/2018/10/30/092f08762936c267152a63926b9327bd1_f.jpg
6864161,https://recipe1.ezmember.co.kr/cache/recipe/2017/01/21/37bd64eaccbeeedb81982eb3527e32b31_f.jpg
6898510,https://recipe1.ezmember.co.kr/cache/recipe/2018/10/23/de6aa1bfc8a06d23a1090ab17985a1fa1_f.jpg
6675981,https://recipe1.ezmember.co.kr/cache/recipe/2015/05/18/c9db7340f45ccfef96f28686d3cf8df31_f.jpg
6862999,https://recipe1.ezmember.co.kr/cache/recipe/2016/12/22/bcd6d3c75688df3d585878912a7ac2d81_f.jpg
6922487,https://recipe1.ezmember.co.kr/cache/recipe/2019/11/21/4f92f503b0880cfaa0bfa8c06055f4371_f.jpg
6967929,https://recipe1.ezmember.co.kr/cache/recipe/2021/11/02/e5f5766f53d2a48300de4a1f73a7ab831_f.jpg
3955197,https://recipe1.ezmember.co.kr/cache/recipe/2015/04/27/809bf43208421cc3e2cce14455e708341_f.jpg
6975313,https://recipe1.ezmember.co.kr/cache/recipe/2022/03/01/147752374ab362f1329eeea25337c5611_f.jpg
6878245,https://recipe1.ezmember.co.kr/cache/recipe/2017/10/20/14f015049dc39efd62d7a6ee599e7ab81_f.jpg
6840529,https://recipe1.ezmember.co.kr/cache/recipe/2015/12/22/f6a4be07cb39ba7876806e049ce7b54f1_f.jpg
6986101,https://recipe1.ezmember.co.kr/cache/recipe/2022/08/22/dfd5fcb817604e444b5096362e0a1fa91_f.jpg
6868867,https://recipe1.ezmember.co.kr/cache/recipe/2017/04/20/94db62689a63a56b4baff13039f232991_f.jpg
4507646,https://recipe1.ezmember.co.kr/cache/recipe/2015/04/21/583fad8472327790b8419758b53a0e4d1_f.jpg
6876727,https://recipe1.ezmember.co.kr/cache/recipe/2017/09/19/77754abfd1908f22bf71c779814d03af1_f.jpg
6861687,https://recipe1.ezmember.co.kr/cache/recipe/2016/11/26/a01f243c11734077743dbaa8f08ddf6b1_f.jpg
6976195,https://recipe1.ezmember.co.kr/cache/recipe/2022/03/16/18544e4d32a690856d05e3d2bbf546f61_f.jpg
7024929,https://recipe1.ezmember.co.kr/cache/recipe/2024/04/22/290e35f037a8ed045b617ab5842b64721_f.jpg
6942326,https://recipe1.ezmember.co.kr/cache/recipe/2020/09/20/daeb8e4eab57230aa6288c1a74c29a401_f.jpg
6938579,https://recipe1.ezmember.co.kr/cache/recipe/2020/08/07/87761a040cc3cce963ef828435b8581b1_f.jpg
6958347,https://recipe1.ezmember.co.kr/cache/recipe/2021/05/14/921ccb7e310a5542be62b8a54c0073cc1_f.jpg
6900477,https://recipe1.ezmember.co.kr/cache/recipe/2018/11/20/ce91d75bf82738bb35c933c1e400349b1_f.jpg
7008229,https://recipe1.ezmember.co.kr/cache/recipe/2023/08/17/3a415c26ed361b21fc56d15eb3b454e11_f.jpg
6855581,https://recipe1.ezmember.co.kr/cache/recipe/2016/08/30/e5b2f64df795d70515479c54ccf229691_f.jpg
6904936,https://recipe1.ezmember.co.kr/cache/recipe/2019/01/21/1370953fa205e6987ed5339215474ec31_f.jpg
6864380,https://recipe1.ezmember.co.kr/cache/recipe/2017/01/26/00de6eac8cfe358e208ee45056275bf61_f.jpg
6906563,https://recipe1.ezmember.co.kr/cache/recipe/2019/02/14/0f2d06842ab39bd19e62406a0d4e78e61_f.jpg
6922391,https://recipe1.ezmember.co.kr/cache/recipe/2019/11/19/b42bfef8daf18e1fc16b4f36e2f41fc81_f.jpg
6908991,https://recipe1.ezmember.co.kr/cache/recipe/2019/03/22/724bd3e56de61f715f8545e11aec51401_f.jpg
6872116,https://recipe1.ezmember.co.kr/cache/recipe/2017/07/03/e02ffcf9d56a1436c24998ab97af17931_f.jpg
6945080,https://recipe1.ezmember.co.kr/cache/recipe/2020/10/27/ed02685fb1657d32c376d3a039ce1a741_f.jpg
6903798,https://recipe1.ezmember.co.kr/cache/recipe/2019/01/08/a5f0ee16fab571f14c3bc6a02170734a1_f.JPG
6970581,https://recipe1.ezmember.co.kr/cache/recipe/2021/12/09/6c92ebb7b7b638bda5358d7b1e848b601_f.jpg
