레시피ID,썸네일URL
6926694,https://recipe1.ezmember.co.kr/cache/recipe/2020/02/12/7061043d215fb1d7f0e9b2de5de8d1311_f.jpg
6859392,https://recipe1.ezmember.co.kr/cache/recipe/2016/10/28/21a217cff119fa1e9dda3199797335201_f.png
6918522,https://recipe1.ezmember.co.kr/cache/recipe/2019/08/29/4673ef9dfafeb278395aa09a5f54aed01_f.jpg
6999142,https://recipe1.ezmember.co.kr/cache/recipe/2023/03/17/3ea9e3e627a83db6a97715cbe4eb3de51_f.jpg
6854749,https://recipe1.ezmember.co.kr/cache/recipe/2016/08/17/d792c9658a78df758d17104d8ce5f67c1_f.png
6868760,https://recipe1.ezmember.co.kr/cache/recipe/2017/04/21/948128dea26b0195bd53a32ef756af061_f.jpg
6886385,https://recipe1.ezmember.co.kr/cache/recipe/2018/03/30/57246e8cae4226e8d209ef785cda5ed81_f.jpg
6933385,https://recipe1.ezmember.co.kr/cache/recipe/2020/05/25/76fc55580af498502d1cbcb740b158381_f.jpg
6903431,https://recipe1.ezmember.co.kr/cache/recipe/2019/01/03/a7e8c3b6948186e5493de0cd5424a6101_f.png
6900953,https://recipe1.ezmember.co.kr/cache/recipe/2018/11/28/d6356dc9a205166bb53a36ef232ca70f1_f.png
6940135,https://recipe1.ezmember.co.kr/cache/recipe/2020/08/25/94d945e242c0683019c665b15055f2cf1_f.png
6929002,https://recipe1.ezmember.co.kr/cache/recipe/2020/03/18/56997969f373b83abfadafff70eb9ab41_f.jpg
7008882,https://recipe1.ezmember.co.kr/cache/recipe/2023/08/28/f39d0e28b81a99d869bb7df8281ca5b91_f.jpg
6913652,https://recipe1.ezmember.co.kr/cache/recipe/2019/06/07/831309d0274a73e6b43cd5c0d2490ec51_f.jpg
7017140,https://recipe1.ezmember.co.kr/cache/recipe/2024/01/05/41ed968157053398abf8167e0870ced81_f.jpg
6914108,https://recipe1.ezmember.co.kr/cache/recipe/2019/06/14/255c8a119f023cb7399116210578e1a61_f.jpg
6917893,https://recipe1.ezmember.co.kr/cache/recipe/2019/08/19/3ee865eba19f14dccc88cfc7dc38c9c01_f.png
6934891,https://recipe1.ezmember.co.kr/cache/recipe/2020/06/24/b95273da1e769fd67cef85a5d0ccbf6c1_f.jpg
6953676,https://recipe1.ezmember.co.kr/cache/recipe/2021/02/18/917158500f82c4975d0c820b795dc2841_f.jpg
6943832,https://recipe1.ezmember.co.kr/cache/recipe/2020/10/06/415046500d703d58b7e50049a71070f11_f.png
6920370,https://recipe1.ezmember.co.kr/cache/recipe/2019/10/02/838fe3b3e75b38355733db34c67c1dcd1_f.png
6991344,https://recipe1.ezmember.co.kr/cache/recipe/2022/11/08/eb55f115360bb3b96c1334d2d85b436f1_f.jpg
6859395,https://recipe1.ezmember.co.kr/cache/recipe/2016/10/28/869b0111f6378f2a18ee41f9166a7d1d1_f.png
6911122,https://recipe1.ezmember.co.kr/cache/recipe/2019/04/23/2b873132c36ae1b11cdea919154c52141_f.jpg
6895820,https://recipe1.ezmember.co.kr/cache/recipe/2018/09/14/15af139c399c19899f44fb93f6dcd2cb1_f.png
6900269,https://recipe1.ezmember.co.kr/cache/recipe/2018/11/16/3ca8fc31a43f62f79f69ae030d6097011_f.png
6916774,https://recipe1.ezmember.co.kr/cache/recipe/2019/07/30/0eee3797e9ea815d43af634165909c9d1_f.jpg
6895245,https://recipe1.ezmember.co.kr/cache/recipe/2018/09/04/7c48237cf2a852e4aa8394617f0cfb4b1_f.png
6885310,https://recipe1.ezmember.co.kr/cache/recipe/2018/03/12/8d6b0b76c78e13d36b2488682b508d361_f.png
6920650,https://recipe1.ezmember.co.kr/cache/recipe/2019/10/10/a1f6bb1b33f31d04459a25a327874bbf1_f.jpg
6864393,https://recipe1.ezmember.co.kr/cache/recipe/2017/01/26/297503ddad56b94b793f970f7c6340ce1_f.png
6948877,https://recipe1.ezmember.co.kr/cache/recipe/2020/12/18/dbc455c6eaac0fcaf569d32ca8a1af111_f.png
6919464,https://recipe1.ezmember.co.kr/cache/recipe/2019/09/19/f0bb820e72c4e9622f4acdc43fa986a41_f.jpg
6922152,https://recipe1.ezmember.co.kr/cache/recipe/2019/11/14/b9df03dc0fc0b5bb36f8c67a0287d7da1_f.jpg
6941111,https://recipe1.ezmember.co.kr/cache/recipe/2020/09/04/a0b9365d70204a5270d5091291e37a9b1_f.png
6964257,https://recipe1.ezmember.co.kr/cache/recipe/2021/08/31/0629f38ece95a8dd85a67ba4a81261ba1_f.jpg
6871970,https://recipe1.ezmember.co.kr/cache/recipe/2017/06/30/879c698993e181ee003829d6546e58cd1_f.jpg
6895421,https://recipe1.ezmember.co.kr/cache/recipe/2018/09/07/9658b8c99828e50f6cab6281057c7d241_f.png
6939481,https://recipe1.ezmember.co.kr/cache/recipe/2020/08/12/e3ddaaa950025c25fa7dda54c965a6bd1_f.jpg
6988337,https://recipe1.ezmember.co.kr/cache/recipe/2022/09/29/9be5ab49bab75634ed78334c18b9f8f41_f.jpg
6905936,https://recipe1.ezmember.co.kr/cache/recipe/2019/02/04/8b65df4b3c348c5f5b4b8aebd4bcdac51_f.jpg
6898405,https://recipe1.ezmember.co.kr/cache/recipe/2018/10/22/ccc6f3a0e237d68b84c756f78e3040171_f.png
6875141,https://recipe1.ezmember.co.kr/cache/recipe/2017/08/22/ca11be5bb6bd3b11083f470e198578011_f.png
6920157,https://recipe1.ezmember.co.kr/cache/recipe/2019/10/01/cd7f0305cc690ee4fedaa800b29acff71_f.jpg
6961194,https://recipe1.ezmember.co.kr/cache/recipe/2021/07/02/407786fe3eaa36918161375f8a8a301f1_f.jpg
7015161,https://recipe1.ezmember.co.kr/cache/recipe/2023/12/06/340639dab664c1eb8b2371ce19d78a901_f.jpg
6949042,https://recipe1.ezmember.co.kr/cache/recipe/2020/12/22/f6732bb47938647ab19fbed33d3ed79e1_f.jpg
6930769,https://recipe1.ezmember.co.kr/cache/recipe/2020/04/13/416f0983f2c0039cdbee15425c914f991_f.jpg
6957729,https://recipe1.ezmember.co.kr/cache/recipe/2021/04/30/2c052194f6dbe92ef5f00e3e8d36c6051_f.jpg
6913279,https://recipe1.ezmember.co.kr/cache/recipe/2019/06/03/eb0511f20b1df734cc68840b92dfa5151_f.jpg
6865942,https://recipe1.ezmember.co.kr/cache/recipe/2017/02/27/6d90b2c654de577fc4c4e4287ac352da1_f.jpg
6990023,https://recipe1.ezmember.co.kr/cache/recipe/2022/10/20/ed8cbbc78971b759775a7454e99deb001_f.jpg
6912718,https://recipe1.ezmember.co.kr/cache/recipe/2019/05/23/3bea8cc63fb0242420a8817f1ef34b601_f.jpg
6935072,https://recipe1.ezmember.co.kr/cache/recipe/2020/06/25/fc07645982e930b61cd9701d20cc4d851_f.jpg
7006834,https://recipe1.ezmember.co.kr/cache/recipe/2023/07/26/dcd10b3cd2da577a3890cb0c20eaa0e91_f.jpg
6911883,https://recipe1.ezmember.co.kr/cache/recipe/2019/05/07/f6aff5af9708ecdc92b02f48ab7fe6a51_f.jpg
6953600,https://recipe1.ezmember.co.kr/cache/recipe/2021/02/17/e27568fb4725d0e98285e3a91927979f1_f.jpg
6957117,https://recipe1.ezmember.co.kr/cache/recipe/2021/04/20/2cedc46d1895d7fb95fa88078d5081c31_f.jpg
6933850,https://recipe1.ezmember.co.kr/cache/recipe/2020/06/05/605fee13b1d55cc66b040a0dea4e293f1_f.jpg
6893381,https://recipe1.ezmember.co.kr/cache/recipe/2018/07/31/83fa47ac438230f4c605dca9600e24b11_f.jpg
6887942,https://recipe1.ezmember.co.kr/cache/recipe/2018/04/27/5474567ccc937a6ecd72c634e93e1f8b1_f.png
6879952,https://recipe1.ezmember.co.kr/cache/recipe/2017/11/22/646bd5ef52ff4c266f77bc72fa661cfa1_f.png
6859868,https://recipe1.ezmember.co.kr/cache/recipe/2016/11/04/e4d1a4dd34b9104477c921a11903fceb1_f.png
6999507,https://recipe1.ezmember.co.kr/cache/recipe/2023/03/24/4b9f25f1015ff07c205d8652317e620b1_f.jpg
6918142,https://recipe1.ezmember.co.kr/cache/recipe/2019/08/21/f5baa7abe360b44a9e19e5e97e248f201_f.jpg
6884922,https://recipe1.ezmember.co.kr/cache/recipe/2018/03/05/0b4abd0ca6c427827976c6d12a366a2d1_f.png
6918136,https://recipe1.ezmember.co.kr/cache/recipe/2019/08/21/9579fc2ea96924b5603851f7449308a31_f.jpg
6959944,https://recipe1.ezmember.co.kr/cache/recipe/2021/06/10/e0a05955b26d426dec1d0417e27ea0b91_f.jpg
6936584,https://recipe1.ezmember.co.kr/cache/recipe/2020/07/10/0a6847840e0a95bbf6ea5818f3bdff391_f.jpg
6926862,https://recipe1.ezmember.co.kr/cache/recipe/2020/02/17/6aa49336fdb2c190ba001c06e6e5d3a01_f.jpg
6877036,https://recipe1.ezmember.co.kr/cache/recipe/2017/09/25/ea10502d69e6ab38b5a22e447a43d4891_f.png
6923206,https://recipe1.ezmember.co.kr/cache/recipe/2019/12/05/24b00e6ce63a061d130f4bf536a75bc21_f.jpg
6959923,https://recipe1.ezmember.co.kr/cache/recipe/2021/06/09/cb8fee4eb030734ba9dd91ea90cffecf1_f.jpg
6879994,https://recipe1.ezmember.co.kr/cache/recipe/2017/11/23/7a5dcaf460708d908080f38560a55d3c1_f.jpg
6976050,https://recipe1.ezmember.co.kr/cache/recipe/2022/03/14/31ed593031c1c33ffbd9d48be71dd6391_f.jpg
6884699,https://recipe1.ezmember.co.kr/cache/recipe/2018/02/28/7e62d9e8987dae4f64e8b4b194c75b191_f.png
6914463,https://recipe1.ezmember.co.kr/cache/recipe/2019/06/20/ab4c525445857c8ba9392e3c6b0c100f1_f.jpg
6917860,https://recipe1.ezmember.co.kr/cache/recipe/2019/08/16/970ed0e4bb0c5fb4b96e2064a79ab4bc1_f.jpg
6953080,https://recipe1.ezmember.co.kr/cache/recipe/2021/02/08/c91637c5c59cd689361b9bce81446e251_f.jpg
6885508,https://recipe1.ezmember.co.kr/cache/recipe/2018/03/15/131851eeffd586907de6e43df04c6c421_f.jpg
6858928,https://recipe1.ezmember.co.kr/cache/recipe/2016/10/24/05d3fb5c9504ae070557590932a778761_f.png
6906634,https://recipe1.ezmember.co.kr/cache/recipe/2019/02/15/90777d76740cd7e40cbcdec895a607571_f.jpg
6912149,https://recipe1.ezmember.co.kr/cache/recipe/2019/05/13/d58f25af26e60f9a4f907ae0116145a41_f.jpg
6922789,https://recipe1.ezmember.co.kr/cache/recipe/2019/11/27/db6fd8c9fe6be1e8449299518d143e271_f.jpg
6915544,https://recipe1.ezmember.co.kr/cache/recipe/2019/07/08/786cdfc1838aa1a01e29c07a90b78f5e1_f.jpg
6881424,https://recipe1.ezmember.co.kr/cache/recipe/2017/12/27/bc8f0b33c68cc6008dee8565924b4cf91_f.png
6865753,https://recipe1.ezmember.co.kr/cache/recipe/2017/02/23/fbd0cca7baef63424f18649959cdac601_f.jpg
6865941,https://recipe1.ezmember.co.kr/cache/recipe/2017/02/27/b81c774faf39bcb5ead1845c6506450a1_f.jpg
6990020,https://recipe1.ezmember.co.kr/cache/recipe/2022/10/20/ac34f022b658d19470ca21fd3c204ce11_f.jpg
6930223,https://recipe1.ezmember.co.kr/cache/recipe/2020/04/08/3a0391667f163e7a2ffa4cbd9e6b9a781_f.jpg
7034389,https://recipe1.ezmember.co.kr/cache/recipe/2024/09/10/af9ba29a79a3737af2d05dc6cf05555a1_f.jpg
6867669,https://recipe1.ezmember.co.kr/cache/recipe/2017/03/30/a86db66487d9f0c510c2753d1809afd41_f.jpg
7020039,https://recipe1.ezmember.co.kr/cache/recipe/2024/02/15/6f138e787eadf2d8ae26bca9918033cc1_f.jpg
6989108,https://recipe1.ezmember.co.kr/cache/recipe/2022/10/07/99b848d45fc17a376293c82f7a098d2e1_f.jpg
6862836,https://recipe1.ezmember.co.kr/cache/recipe/2016/12/19/aa71591f850b06c56d246053b3511b141_f.jpg
6865755,https://recipe1.ezmember.co.kr/cache/recipe/2017/02/23/6444c89bc66bb3645a68e88c5fed1ab71_f.jpg
6901295,https://recipe1.ezmember.co.kr/cache/recipe/2018/12/04/60043ebbe4286a4f6331cf712306e9161_f.png
6894270,https://recipe1.ezmember.co.kr/cache/recipe/2018/08/16/77db4637c744c241a259cb57e39005851_f.png
6969962,https://recipe1.ezmember.co.kr/cache/recipe/2021/12/01/c3d347a94970c8681d767a0ecda8701e1_f.jpg
6958740,https://recipe1.ezmember.co.kr/cache/recipe/2021/05/21/2bfd674b118a10d724108f3222e9f4791_f.jpg
6869775,https://recipe1.ezmember.co.kr/cache/recipe/2017/05/15/26f88ebb2a614c81ededcea27080b78f1_f.jpg
6862337,https://recipe1.ezmember.co.kr/cache/recipe/2016/12/08/a9fe44ac62e60a331aca184d436552501_f.jpg
6923495,https://recipe1.ezmember.co.kr/cache/recipe/2019/12/13/ac765099419003d25d927b8bdd4a08da1_f.jpg
6989409,https://recipe1.ezmember.co.kr/cache/recipe/2022/10/13/fa23760a032cab476c823285083c18a51_f.jpg
6888952,https://recipe1.ezmember.co.kr/cache/recipe/2018/05/16/5eaa28471248273d633be815bf318f631_f.jpg
6880890,https://recipe1.ezmember.co.kr/cache/recipe/2017/12/13/47d306ea03d9d4b43c6108211813e2501_f.jpg
6986170,https://recipe1.ezmember.co.kr/cache/recipe/2022/08/23/bb1a0e0fc989eaa411b8bb1fccbebdec1_f.jpg
6870372,https://recipe1.ezmember.co.kr/cache/recipe/2017/05/26/67b38c8f1e2529b6359f26af374ddc0f1_f.jpg
6891879,https://recipe1.ezmember.co.kr/cache/recipe/2018/07/04/4c4ddca8647d3e33620d5bc9b06ab92a1_f.jpg
6924522,https://recipe1.ezmember.co.kr/cache/recipe/2020/01/03/3318713aca114f29753e879b1bfca3501_f.jpg
6915708,https://recipe1.ezmember.co.kr/cache/recipe/2019/07/10/1b42ab2f3ffa7b3d8f3dde7ffb4f9b821_f.jpg
7003293,https://recipe1.ezmember.co.kr/cache/recipe/2023/06/02/46fd7c50b3bd5048d6e140bd7cba00dd1_f.jpg
6864544,https://recipe1.ezmember.co.kr/cache/recipe/2017/01/31/2a44db732c1e5b4acfee5d1622f371f41_f.png
6892084,https://recipe1.ezmember.co.kr/cache/recipe/2018/07/06/b45103af6fb91d7e2b569d234b5b1e921_f.png
6947483,https://recipe1.ezmember.co.kr/cache/recipe/2020/11/30/09da6f57219241a6e2ac9c658378a89f1_f.png
6959527,https://recipe1.ezmember.co.kr/cache/recipe/2021/06/03/1d905222f9090546664ba0774222c23e1_f.jpg
6997435,https://recipe1.ezmember.co.kr/cache/recipe/2023/02/21/62ace0c75096d2ba4f5598f755f22e261_f.jpg
6908792,https://recipe1.ezmember.co.kr/cache/recipe/2019/03/19/145a5cf12dae3e0812f1cadd482680861_f.jpg
6954497,https://recipe1.ezmember.co.kr/cache/recipe/2021/03/03/796cc2b8edfdb5144e7e0ef849d57a381_f.jpg
6927090,https://recipe1.ezmember.co.kr/cache/recipe/2020/02/20/ee4745b2c926d6fc014c43eeba5305e41_f.jpg
6910009,https://recipe1.ezmember.co.kr/cache/recipe/2019/04/05/fa2e7058d0019f2ca5067dd1e1dbafe81_f.jpg
6937240,https://recipe1.ezmember.co.kr/cache/recipe/2020/07/22/29fd65a7ffc0d2a8f087cf7834bf6ce81_f.jpg
6859680,https://recipe1.ezmember.co.kr/cache/recipe/2016/11/02/bfd897e15f140a7f7b41daaa5edd2c781_f.png
6902206,https://recipe1.ezmember.co.kr/cache/recipe/2018/12/17/bddd871adf35730ba3a53b89efdf45561_f.png
6940334,https://recipe1.ezmember.co.kr/cache/recipe/2020/08/27/47d6c9ab0e5b3c939d406d7ef36602481_f.png
6898404,https://recipe1.ezmember.co.kr/cache/recipe/2018/10/22/1f3d72742f6468ebe4c6044858debc091_f.png
6900678,https://recipe1.ezmember.co.kr/cache/recipe/2018/11/23/6f7bf5f6fe40eb37b052914d7983e8941_f.png
6927359,https://recipe1.ezmember.co.kr/cache/recipe/2020/02/25/9988bf85b30b76f66db43cc141f710071_f.jpg
7020594,https://recipe1.ezmember.co.kr/cache/recipe/2024/02/22/cbdb18c45d78f6803bc45b56f15613f11_f.jpg
6882543,https://recipe1.ezmember.co.kr/cache/recipe/2018/01/19/c312ec451acd640e0675799f104bb93c1_f.jpg
6900392,https://recipe1.ezmember.co.kr/cache/recipe/2018/11/19/ce3047068dfbb54ad63a3ff1cc0bd03e1_f.jpg
6947046,https://recipe1.ezmember.co.kr/cache/recipe/2022/12/23/2aba2336eae7e0c7937400b48229bda71_f.jpg
6909138,https://recipe1.ezmember.co.kr/cache/recipe/2019/03/22/50b856ff8cf9cfd83097af1f38185b6c1_f.png
6970536,https://recipe1.ezmember.co.kr/cache/recipe/2021/12/09/bec1e74feb39737ac69dfa1d7ca55ca81_f.jpg
6892843,https://recipe1.ezmember.co.kr/cache/recipe/2018/07/20/0ef974161e253ca593597693694c5aec1_f.jpg
6902978,https://recipe1.ezmember.co.kr/cache/recipe/2018/12/27/584c3d89a2ce60f3deb4ae180b3df7db1_f.png
6874482,https://recipe1.ezmember.co.kr/cache/recipe/2017/08/10/35d4c96bfa7855b144b723014fbdd8ce1_f.png
6929325,https://recipe1.ezmember.co.kr/cache/recipe/2020/03/25/e56b37b97b1f62086f44908170c3ac5c1_f.jpg
6978358,https://recipe1.ezmember.co.kr/cache/recipe/2022/04/25/b441dafd9c0f09aa235634e37e5e9e0d1_f.jpg
6919515,https://recipe1.ezmember.co.kr/cache/recipe/2019/09/20/21dca10cc3c7d4aee58895a2c8bbef3a1_f.jpg
6992830,https://recipe1.ezmember.co.kr/cache/recipe/2022/11/28/91c8631de566291e8d0bf8a8e968a6ba1_f.jpg
6973354,https://recipe1.ezmember.co.kr/cache/recipe/2022/01/24/277cfbc3d1d1a692e19a525ef546fe551_f.jpg
6920933,https://recipe1.ezmember.co.kr/cache/recipe/2019/10/18/7352d299ff4bbfc53924f7f8f0aed5e81_f.jpg
6878181,https://recipe1.ezmember.co.kr/cache/recipe/2017/10/19/4bbd7f11afc7ad5010cc5a2c2a872c271_f.png
6878597,https://recipe1.ezmember.co.kr/cache/recipe/2017/10/26/e27befd85d39b132384de05b1e91eaf21_f.jpg
6976949,https://recipe1.ezmember.co.kr/cache/recipe/2022/12/23/4cbedc85773803be3a3992a138ce79601_f.jpg
6946594,https://recipe1.ezmember.co.kr/cache/recipe/2020/11/17/3756231d1c8ff4938ba1194aa81aaa271_f.jpg
6880334,https://recipe1.ezmember.co.kr/cache/recipe/2017/12/01/7c8b9f0f62cf69593e1165cc47e18a881_f.jpg
6911921,https://recipe1.ezmember.co.kr/cache/recipe/2019/05/10/719519b15e15785750e7c8678b58d83c1_f.jpg
6921583,https://recipe1.ezmember.co.kr/cache/recipe/2019/10/31/06a12a4f8d153dd70c34e0c92d9670e71_f.jpg
6971271,https://recipe1.ezmember.co.kr/cache/recipe/2021/12/20/3a285793c9ebffbb37d27596aef660f51_f.jpg
6897672,https://recipe1.ezmember.co.kr/cache/recipe/2018/10/12/10cd7c36bb223a4b1ac90b2c5b4b5cb61_f.png
6978359,https://recipe1.ezmember.co.kr/cache/recipe/2022/04/25/08ef5a9ffff0c8e568e58a747e2cfacb1_f.jpg
6888299,https://recipe1.ezmember.co.kr/cache/recipe/2018/05/04/217bfff453d6c52be3c5787748734afb1_f.jpg
6862904,https://recipe1.ezmember.co.kr/cache/recipe/2016/12/20/fce7bdd0eeca73c3d99394aff1693bc21_f.jpg
6864292,https://recipe1.ezmember.co.kr/cache/recipe/2017/01/24/63eaa81c5d97108a2184d7cc83862ad41_f.png
6945816,https://recipe1.ezmember.co.kr/cache/recipe/2020/11/06/ce2bd5c2eac4624c404e298e5874ecad1_f.png
6913076,https://recipe1.ezmember.co.kr/cache/recipe/2019/05/31/9c360c526b7231915cfae689ae23ec0d1_f.jpg
6977668,https://recipe1.ezmember.co.kr/cache/recipe/2022/04/11/9eee9a640a65bccc57a678c9756c42081_f.jpg
6920413,https://recipe1.ezmember.co.kr/cache/recipe/2019/10/08/b4cb970df20f943f576db54c48a789f31_f.jpg
6919350,https://recipe1.ezmember.co.kr/cache/recipe/2019/09/16/e9d853066707c0f81718bfab2de2c45c1_f.jpg
6927071,https://recipe1.ezmember.co.kr/cache/recipe/2020/02/19/39b780ea6965beaaffc1e520f12c5a141_f.jpg
6929257,https://recipe1.ezmember.co.kr/cache/recipe/2020/03/24/8a718cbc538dabd42ef83a3588bac1861_f.jpg
7025989,https://recipe1.ezmember.co.kr/cache/recipe/2024/05/09/538f6d528a558051dde25633b82cad541_f.jpg
6885709,https://recipe1.ezmember.co.kr/cache/recipe/2018/03/19/5c80b0ac833a95980ed9bb84663288121_f.jpg
6887451,https://recipe1.ezmember.co.kr/cache/recipe/2018/04/17/4c9e2062df93f2c1dfbf7fe6fa7be68e1_f.jpg
6966448,https://recipe1.ezmember.co.kr/cache/recipe/2021/10/06/157810feaa211cb8b1a4bacc865758cb1_f.jpg
6961349,https://recipe1.ezmember.co.kr/cache/recipe/2021/07/06/11e190d060c7e52def1a1ef9f8e4ae4b1_f.jpg
6928888,https://recipe1.ezmember.co.kr/cache/recipe/2020/03/18/f21c9f0f8d8ca5b6e403fa4ffa3e17701_f.jpg
6914266,https://recipe1.ezmember.co.kr/cache/recipe/2019/06/17/98e1a74e3d2dcac8ae69084a6d95a4141_f.jpg
6861160,https://recipe1.ezmember.co.kr/cache/recipe/2016/11/18/d4cfce1f666f97599135b1e13dcb47641_f.png
6908496,https://recipe1.ezmember.co.kr/cache/recipe/2019/03/14/8da026dad5b45283643c0668fb3810c61_f.png
6917633,https://recipe1.ezmember.co.kr/cache/recipe/2019/08/14/d0df85277ccf4738875f1594281e13a61_f.jpg
6926177,https://recipe1.ezmember.co.kr/cache/recipe/2020/02/07/cb28d54a4f1ef321d81f90f625630b731_f.jpg
6891703,https://recipe1.ezmember.co.kr/cache/recipe/2018/06/29/cc0e335033e3d2b40798b032d8cc01f21_f.png
6927244,https://recipe1.ezmember.co.kr/cache/recipe/2020/02/19/a0e06021bf0c65d62bd0d5483c304b481_f.jpg
6935414,https://recipe1.ezmember.co.kr/cache/recipe/2020/06/26/6699ca4a36124a67672dd80ac1063cbf1_f.jpg
6953957,https://recipe1.ezmember.co.kr/cache/recipe/2021/02/22/4627fad0a583ba23362d669baf6ba54d1_f.png
6983917,https://recipe1.ezmember.co.kr/cache/recipe/2022/07/20/feb4916f19d5668bf5e6898d077a59971_f.jpg
6902948,https://recipe1.ezmember.co.kr/cache/recipe/2018/12/27/9db42ff07c9e0ba3660f5c08b3cb649d1_f.png
6961383,https://recipe1.ezmember.co.kr/cache/recipe/2021/07/07/41c76eecad5a5bfdc3b73aa23f0d5caf1_f.jpg
6918830,https://recipe1.ezmember.co.kr/cache/recipe/2019/09/05/7af156a054db3d82147e3474a748caf81_f.png
6894488,https://recipe1.ezmember.co.kr/cache/recipe/2018/08/21/3df9d274bdde881ef65501bc0f4238521_f.png
6955518,https://recipe1.ezmember.co.kr/cache/recipe/2021/03/19/be7e6f32ce05322a8a4fa33cc56e7b1b1_f.png
6908820,https://recipe1.ezmember.co.kr/cache/recipe/2019/03/19/9b756d61ada691f87edc94e13d8a4f731_f.jpg
7007897,https://recipe1.ezmember.co.kr/cache/recipe/2023/08/11/f126f49c1811e8c01a83fa9e294201171_f.jpg
6867357,https://recipe1.ezmember.co.kr/cache/recipe/2017/03/24/539ddadd1420847be6484fa1653a7c561_f.jpg
6876841,https://recipe1.ezmember.co.kr/cache/recipe/2017/09/21/a631104256c12301d91224912af387601_f.png
6919061,https://recipe1.ezmember.co.kr/cache/recipe/2019/09/10/9667aa32df1b88b804619a1ed853e4d71_f.jpg
6888253,https://recipe1.ezmember.co.kr/cache/recipe/2018/05/03/33540c4396f0ccc7547c4b923dc12d411_f.png
6984451,https://recipe1.ezmember.co.kr/cache/recipe/2022/07/29/1ed35c7e54842a504de9faff445f91d81_f.jpg
6959865,https://recipe1.ezmember.co.kr/cache/recipe/2021/06/08/de406ce0d6ca54a02ab7dac9e19ba4b01_f.jpg
6864088,https://recipe1.ezmember.co.kr/cache/recipe/2017/01/19/3bf329bbcd6ac6b23125f1b73d8c96fd1_f.png
6953218,https://recipe1.ezmember.co.kr/cache/recipe/2021/02/08/14e1dde099f93e73f0c4847000aed98c1_f.jpg
6928088,https://recipe1.ezmember.co.kr/cache/recipe/2020/03/07/a351cf5239fa806cf84f624907db52a51_f.jpg
7006433,https://recipe1.ezmember.co.kr/cache/recipe/2023/07/19/4eac57333ba5a7114b131d0f3f96d6131_f.jpg
7008198,https://recipe1.ezmember.co.kr/cache/recipe/2023/08/16/8ffc97603a480a85a447d406151f32fd1_f.jpg
6880162,https://recipe1.ezmember.co.kr/cache/recipe/2017/11/28/8fb40cb8c4dd9c6ac7daa6c0c65f38981_f.png
6999443,https://recipe1.ezmember.co.kr/cache/recipe/2023/03/23/7a42b3506a11f57419d122934ec8e9251_f.jpg
6863294,https://recipe1.ezmember.co.kr/cache/recipe/2016/12/30/625000764e98ac9d9f5ac876f593dd891_f.png
6890486,https://recipe1.ezmember.co.kr/cache/recipe/2018/06/08/44f26bf78c63d132c400df9d62af51c11_f.jpg
6855559,https://recipe1.ezmember.co.kr/cache/recipe/2016/08/30/4a176ac5cbb7b41223e9c5ea60f993fe1_f.png
6868758,https://recipe1.ezmember.co.kr/cache/recipe/2017/04/21/271c62c98850342640336e413fd1f61f1_f.jpg
6866029,https://recipe1.ezmember.co.kr/cache/recipe/2017/02/28/03ea22031d400a35daaedb95aa9a5f961_f.jpg
6926477,https://recipe1.ezmember.co.kr/cache/recipe/2020/02/10/646121612b4c6141af9476f38f93cd121_f.jpg
6863681,https://recipe1.ezmember.co.kr/cache/recipe/2017/01/09/4d7260b4e6407f0a0f6ced83a092f29e1_f.png
6969014,https://recipe1.ezmember.co.kr/cache/recipe/2021/11/15/099967d591f4e1ffa47557056758d95e1_f.jpg
6909541,https://recipe1.ezmember.co.kr/cache/recipe/2019/04/02/1dd5a7193904fc51271d1fb4757609081_f.png
6907161,https://recipe1.ezmember.co.kr/cache/recipe/2019/02/22/342e62f37464f33df21348cb8c6a3c851_f.jpg
6901181,https://recipe1.ezmember.co.kr/cache/recipe/2018/12/03/0afb4bf0757cf25c600e905f8d27df021_f.png
6983814,https://recipe1.ezmember.co.kr/cache/recipe/2022/07/19/5532008588ca89855d351d033adea1e91_f.jpg
7025589,https://recipe1.ezmember.co.kr/cache/recipe/2024/05/02/9ee6990d10c570829583031f81de0eda1_f.jpg
6920489,https://recipe1.ezmember.co.kr/cache/recipe/2019/10/10/39b78f7d6fd866f2cd2466e457d0e5201_f.jpg
6989534,https://recipe1.ezmember.co.kr/cache/recipe/2022/10/14/e86fd1de2fa29993b4d0d240f9275d341_f.jpg
6925573,https://recipe1.ezmember.co.kr/cache/recipe/2020/01/21/fbbdb12921cb9670fc165321b26a55791_f.jpg
6886323,https://recipe1.ezmember.co.kr/cache/recipe/2018/03/29/001b2616668f89f7d19cf2290ef353061_f.png
6925140,https://recipe1.ezmember.co.kr/cache/recipe/2020/01/17/2857e9509fe83c7d87ec50f2a2265a1f1_f.png
6936357,https://recipe1.ezmember.co.kr/cache/recipe/2020/07/10/749ee49f4159ae775011b6cc5d0e84c61_f.png
6904815,https://recipe1.ezmember.co.kr/cache/recipe/2019/01/20/a0216aae932482441aeb2e79b68710e21_f.png
6927840,https://recipe1.ezmember.co.kr/cache/recipe/2020/03/04/850d4f09aa0e03c01f201e57354f11af1_f.jpg
6878849,https://recipe1.ezmember.co.kr/cache/recipe/2017/10/31/365e9595319885317c3267e5b77cbe5f1_f.jpg
6848305,https://recipe1.ezmember.co.kr/cache/recipe/2016/05/17/d427337a0ee64facabad40fb27488e131_f.png
6923774,https://recipe1.ezmember.co.kr/cache/recipe/2019/12/18/cd5c4b46f66a8e9321df4e1861480d3b1_f.png
6929220,https://recipe1.ezmember.co.kr/cache/recipe/2020/03/23/a743007a340375407f2ad71ade44821b1_f.jpg
6907833,https://recipe1.ezmember.co.kr/cache/recipe/2019/03/06/a0305eae18298a40818f25afa5074e321_f.png
6864011,https://recipe1.ezmember.co.kr/cache/recipe/2017/01/17/ddc64cc819b69daa9aadc428743d8c181_f.png
6926611,https://recipe1.ezmember.co.kr/cache/recipe/2020/02/14/3c2c683820cb5c2c293694acc8da1f8b1_f.jpg
6918480,https://recipe1.ezmember.co.kr/cache/recipe/2019/08/27/fb8c7ef263082a402bc10d05b98f0da61_f.jpg
6983392,https://recipe1.ezmember.co.kr/cache/recipe/2022/07/12/ad92049969d66882a04bce1fc125974a1_f.jpg
6935882,https://recipe1.ezmember.co.kr/cache/recipe/2020/07/02/570ee8253572a55c34023bd7cfb149ab1_f.png
6893949,https://recipe1.ezmember.co.kr/cache/recipe/2018/08/10/d0b9f9c09eb59344315b6b3b8debb0bf1_f.jpg
6918676,https://recipe1.ezmember.co.kr/cache/recipe/2019/08/27/8f91f826db002dc595826d705b7b97291_f.png
6912372,https://recipe1.ezmember.co.kr/cache/recipe/2019/05/16/6cc03bfa63920c81b58921c38be947e91_f.jpg
6896329,https://recipe1.ezmember.co.kr/cache/recipe/2018/09/21/6d27ad0a64fdc2ebcfc947b696489f131_f.jpg
6985824,https://recipe1.ezmember.co.kr/cache/recipe/2022/08/17/9e6dc574faad1981f6ce1965ed1714561_f.jpg
6902534,https://recipe1.ezmember.co.kr/cache/recipe/2018/12/21/6a6d853a1074bac5c6510d0fd9f58b731_f.jpg
6912710,https://recipe1.ezmember.co.kr/cache/recipe/2019/05/23/395ab27e34c4f2d2f76721c76f923d481_f.jpg
6955839,https://recipe1.ezmember.co.kr/cache/recipe/2021/03/23/d9377e7286d1c45c55928b9c659368091_f.jpg
7019749,https://recipe1.ezmember.co.kr/cache/recipe/2024/02/07/7fedb7f10e3367bec6ee52a451fa341a1_f.jpg
6910208,https://recipe1.ezmember.co.kr/cache/recipe/2019/04/08/9106cf9cbe13326cd150a51be80ccbd31_f.jpg
6869074,https://recipe1.ezmember.co.kr/cache/recipe/2017/04/28/05eeb2db4182b2569c092ecd1ee964361_f.jpg
6870619,https://recipe1.ezmember.co.kr/cache/recipe/2017/06/01/c7ac87a5a7fbdda15f12911eca92b1be1_f.jpg
6923485,https://recipe1.ezmember.co.kr/cache/recipe/2019/12/12/30ab15c820f40d9dd3902087c4523bb91_f.jpg
6867354,https://recipe1.ezmember.co.kr/cache/recipe/2017/03/24/ed9134a8f6739d3cddd0fa39e6f5e6af1_f.jpg
6884773,https://recipe1.ezmember.co.kr/cache/recipe/2018/03/02/1fa4edac6f023482fa9db0d7672e96911_f.png
6993297,https://recipe1.ezmember.co.kr/cache/recipe/2022/12/06/a170b4d8737fd4115403f610062599bd1_f.jpg
7017012,https://recipe1.ezmember.co.kr/cache/recipe/2024/01/03/545091607b6ccff1c01bbe18b06fc46c1_f.jpg
6946278,https://recipe1.ezmember.co.kr/cache/recipe/2020/11/12/16cac9e85f7931b029b09ed48d443cbe1_f.jpg
6915939,https://recipe1.ezmember.co.kr/cache/recipe/2019/07/15/64da6d222123f83295e5e3be7987631c1_f.jpg
6882431,https://recipe1.ezmember.co.kr/cache/recipe/2018/01/17/a9205ff3eff3ec941b2ee7c8039646fd1_f.png
6892428,https://recipe1.ezmember.co.kr/cache/recipe/2018/07/12/b46ed34d4ca126e5b170921fae870a461_f.png
6958115,https://recipe1.ezmember.co.kr/cache/recipe/2021/05/10/8c7732cad71c9c6a5474515df655d1e71_f.jpg
6961070,https://recipe1.ezmember.co.kr/cache/recipe/2021/06/29/9fae10ca72b3f932bb99ea946b7823e71_f.jpg
6933889,https://recipe1.ezmember.co.kr/cache/recipe/2020/06/05/21cc2575ce7053d8cf6e103a1c4a775a1_f.jpg
6868761,https://recipe1.ezmember.co.kr/cache/recipe/2017/04/21/7c67219c078c3d06b0edd7c19c20ce601_f.jpg
6901482,https://recipe1.ezmember.co.kr/cache/recipe/2018/12/07/41b022a1ffdbd321ddc6c650c15d22f51_f.png
6931430,https://recipe1.ezmember.co.kr/cache/recipe/2020/04/22/90aacd00c7cf3b4e368f6ca4bd9b2c6f1_f.jpg
6897399,https://recipe1.ezmember.co.kr/cache/recipe/2018/10/08/d1b71a64ff740a6389ed5645cf1b79641_f.png
6883266,https://recipe1.ezmember.co.kr/cache/recipe/2018/02/02/3f15f957e7d00e3d3984471b2840ca081_f.png
6975402,https://recipe1.ezmember.co.kr/cache/recipe/2022/03/03/f6eb93f61b2d558c48d242a046d284661_f.jpg
6942270,https://recipe1.ezmember.co.kr/cache/recipe/2020/09/18/dc6c92d698e85cd7f6d1e9c7b4f3a4f61_f.jpg
6918268,https://recipe1.ezmember.co.kr/cache/recipe/2019/08/23/f40a20b1fbca20de026dfd7e1217cb4c1_f.jpg
6888545,https://recipe1.ezmember.co.kr/cache/recipe/2018/05/09/634b48c7681be228617d9656fba758d01_f.png
6924350,https://recipe1.ezmember.co.kr/cache/recipe/2019/12/27/7f84a5e45a22c44b73242f2f7bf04a951_f.jpg
6901888,https://recipe1.ezmember.co.kr/cache/recipe/2018/12/13/46c5a23c00a6391a0a3ba131d57c5e6e1_f.png
6905003,https://recipe1.ezmember.co.kr/cache/recipe/2019/01/22/92b25696154e5d94d4e4402f759625fc1_f.jpg
6910365,https://recipe1.ezmember.co.kr/cache/recipe/2019/04/12/d0d14256523bea8e756c2dc4742a002d1_f.jpg
6891565,https://recipe1.ezmember.co.kr/cache/recipe/2018/06/27/a78c1def533b02c0e5906e185e068dbf1_f.png
6901284,https://recipe1.ezmember.co.kr/cache/recipe/2018/12/04/aa47cd88a31de923ba85e53d795ca7da1_f.png
7058865,https://recipe1.ezmember.co.kr/cache/recipe/2025/07/25/3b7656d976e20dc3f2865430c84b213e1_f.jpg
6881249,https://recipe1.ezmember.co.kr/cache/recipe/2017/12/22/073c58e8b139af6e2140a37c91112ba41_f.jpg
6914424,https://recipe1.ezmember.co.kr/cache/recipe/2019/06/19/a1f985c20d8ea57a199a69895a58bd891_f.jpg
6923141,https://recipe1.ezmember.co.kr/cache/recipe/2019/12/05/8c4096cd8008398153679288e23711e51_f.jpg
6903442,https://recipe1.ezmember.co.kr/cache/recipe/2019/01/03/d0bbc39af316b13adc6f8a3879ece3f31_f.png
6870975,https://recipe1.ezmember.co.kr/cache/recipe/2017/06/09/9943ffcc8a0f3ac2f4e339e164bc79d81_f.jpg
6896630,https://recipe1.ezmember.co.kr/cache/recipe/2018/09/27/b1cf2d353512c4dc1f60bc601ec182391_f.png
7015152,https://recipe1.ezmember.co.kr/cache/recipe/2023/12/06/c1b13589370d8593ab64beabcf4745281_f.jpg
6916829,https://recipe1.ezmember.co.kr/cache/recipe/2019/07/31/f6835202aca49c818acac20537f44dd51_f.jpg
6846428,https://recipe1.ezmember.co.kr/cache/recipe/2016/04/14/4a381a37cd5dc6eb137aaf2b838a279c1_f.png
6890193,https://recipe1.ezmember.co.kr/cache/recipe/2018/06/04/64c3dc467d933b1e1c45fa5752988a031_f.jpg
6962998,https://recipe1.ezmember.co.kr/cache/recipe/2021/08/06/c3d6491d982a21999321fb6d1874e8d51_f.jpg
6961493,https://recipe1.ezmember.co.kr/cache/recipe/2021/07/09/70ee84078de2ddc0114ed2fd33d318fd1_f.jpg
6878524,https://recipe1.ezmember.co.kr/cache/recipe/2017/10/25/f4129e0b8eb00fbf5a216706d2efa5a01_f.png
6858423,https://recipe1.ezmember.co.kr/cache/recipe/2016/10/14/be31dace1ef8bfe2e456fca0eabb10461_f.png
6912946,https://recipe1.ezmember.co.kr/cache/recipe/2019/05/29/af8d07b85589fa5fba24e55d9f4b32261_f.jpg
6877798,https://recipe1.ezmember.co.kr/cache/recipe/2017/10/13/8fcaa917393fbec81648ab62faaeee3e1_f.jpg
6863592,https://recipe1.ezmember.co.kr/cache/recipe/2017/01/06/5e3469c7d197b981da86dee8113a532e1_f.png
6863682,https://recipe1.ezmember.co.kr/cache/recipe/2017/01/09/6b52bf9fbdfcc99a08d835eda13aa93e1_f.png
6934643,https://recipe1.ezmember.co.kr/cache/recipe/2020/06/19/ac8a42dd7e994bb0b3825b36aa6d22da1_f.jpg
6937001,https://recipe1.ezmember.co.kr/cache/recipe/2020/07/17/5fcef04495cde7da3aeb803c49c06feb1_f.png
6918149,https://recipe1.ezmember.co.kr/cache/recipe/2019/08/21/4970d776c0d4fa8cb09af770613ea2071_f.png
6910318,https://recipe1.ezmember.co.kr/cache/recipe/2019/04/10/86dd688133efd39b063a8d07c9a8c1191_f.jpg
6959636,https://recipe1.ezmember.co.kr/cache/recipe/2021/06/03/bceeccf3ecaca15e7b0bc9b785c60bc61_f.jpg
6885927,https://recipe1.ezmember.co.kr/cache/recipe/2018/03/22/22129cf2094ee84ae03a843ddc73e9211_f.png
6972717,https://recipe1.ezmember.co.kr/cache/recipe/2022/01/14/4ebe60e24f3af68400bdc546198f70751_f.jpg
6896693,https://recipe1.ezmember.co.kr/cache/recipe/2018/09/28/043ea19d90b157ae02cd36a2e27832fc1_f.png
6915601,https://recipe1.ezmember.co.kr/cache/recipe/2019/07/08/1237b99748bdbca990703add1152c7721_f.jpg
6953773,https://recipe1.ezmember.co.kr/cache/recipe/2021/02/19/4ade9a21b85192c6edf18092e8eb58c81_f.jpg
6898925,https://recipe1.ezmember.co.kr/cache/recipe/2018/10/29/ee5f053a269e8d61a7c8605db0ee27091_f.png
6911195,https://recipe1.ezmember.co.kr/cache/recipe/2019/04/24/1d1bb965c39ec4310a803a21f1897c851_f.jpg
6934599,https://recipe1.ezmember.co.kr/cache/recipe/2020/06/19/cd0925716cb124bcdcde503d991f61db1_f.jpg
6908895,https://recipe1.ezmember.co.kr/cache/recipe/2019/03/20/17f4e50949feda227d51b48cdb6e40f71_f.png
6924863,https://recipe1.ezmember.co.kr/cache/recipe/2020/01/10/e1280184ca52e8a93decf0cc96b4e10d1_f.jpg
6865445,https://recipe1.ezmember.co.kr/cache/recipe/2017/02/17/dd17e3c8f33a1164885123f57128278b1_f.jpg
6917546,https://recipe1.ezmember.co.kr/cache/recipe/2019/08/13/afc1ad00eabd5cabc31bd514b18e7c6d1_f.png
6911030,https://recipe1.ezmember.co.kr/cache/recipe/2019/04/22/2ecce789d1e6e61321999ca87d8270521_f.jpg
6940045,https://recipe1.ezmember.co.kr/cache/recipe/2020/08/24/4f6522ad6d30622b74814a1347291c8a1_f.jpg
6930907,https://recipe1.ezmember.co.kr/cache/recipe/2020/04/16/00a328de1b18df139d668fe548526f291_f.jpg
6920913,https://recipe1.ezmember.co.kr/cache/recipe/2019/10/18/14d3cbedcb889303135fd699dd0196501_f.jpg
6921602,https://recipe1.ezmember.co.kr/cache/recipe/2019/10/31/7d4fb6f866e013dfd4fd5c969a01553a1_f.jpg
6902822,https://recipe1.ezmember.co.kr/cache/recipe/2018/12/25/12706f0a34b94de4b03832612b57336d1_f.jpg
6878055,https://recipe1.ezmember.co.kr/cache/recipe/2017/10/17/d4cf43dfb8654e7a2092d3fab421e6b51_f.png
6895688,https://recipe1.ezmember.co.kr/cache/recipe/2018/09/12/38c19f0c04b914e61ea3f08bdfe17e171_f.png
6914948,https://recipe1.ezmember.co.kr/cache/recipe/2019/06/27/6c1774194d8f3a0f8508c73cd47d9de51_f.jpg
6942522,https://recipe1.ezmember.co.kr/cache/recipe/2020/09/22/4e3aea080694fadc2b106110a37e97a11_f.jpg
6955746,https://recipe1.ezmember.co.kr/cache/recipe/2021/03/23/948cd0bd0686cb021b7033764c6022121_f.jpg
6915534,https://recipe1.ezmember.co.kr/cache/recipe/2019/07/08/5ecdcc1e7ca4caaeb10167463c8598781_f.jpg
6892086,https://recipe1.ezmember.co.kr/cache/recipe/2018/07/20/beffe1abd4bd6726db6c5d3cc16dcb651_f.png
6925900,https://recipe1.ezmember.co.kr/cache/recipe/2020/01/30/dcf8207bc824f4f866c828d8d7b7247c1_f.jpg
6915516,https://recipe1.ezmember.co.kr/cache/recipe/2019/07/08/ecbe49267e774ccf2be7bbf8022385651_f.jpg
6924689,https://recipe1.ezmember.co.kr/cache/recipe/2020/01/06/895948b4f9cfadbe216b6c5f5cd172861_f.jpg
6944515,https://recipe1.ezmember.co.kr/cache/recipe/2020/10/14/35e249e0a7c255e8742f59d2ef8148281_f.jpg
6930854,https://recipe1.ezmember.co.kr/cache/recipe/2020/04/16/91bebfcc2edfcd91f0fce12650a41c101_f.jpg
6988203,https://recipe1.ezmember.co.kr/cache/recipe/2022/09/27/97fd702cbf272a45d29896d58d2b8b821_f.jpg
6922338,https://recipe1.ezmember.co.kr/cache/recipe/2019/11/15/bf767f7f06fa8f13b63ad8aa8256b99f1_f.jpg
6866461,https://recipe1.ezmember.co.kr/cache/recipe/2017/03/08/80b5ae1526a69701307e54c15d2050e51_f.jpg
7012989,https://recipe1.ezmember.co.kr/cache/recipe/2023/11/07/2d2ea9f452f20f1cc341fb4b8f7bc54a1_f.jpg
6912386,https://recipe1.ezmember.co.kr/cache/recipe/2019/05/16/4b76c697d71bf6053f779114c182adc71_f.jpg
6870313,https://recipe1.ezmember.co.kr/cache/recipe/2017/05/25/77954adfbeb3d076b90cdf70aab86ab41_f.jpg
6968749,https://recipe1.ezmember.co.kr/cache/recipe/2021/11/12/30759b043cd6dd4c1b072d776bb596091_f.jpg
6986490,https://recipe1.ezmember.co.kr/cache/recipe/2022/08/29/0b77c0305c1313a8ec33365c73981e471_f.jpg
6898923,https://recipe1.ezmember.co.kr/cache/recipe/2018/10/29/ada9f545b5bdab3f30910d7138671bf71_f.jpg
6916234,https://recipe1.ezmember.co.kr/cache/recipe/2019/07/18/31eb23c16512c48b468413a885e3a71d1_f.jpg
6916112,https://recipe1.ezmember.co.kr/cache/recipe/2019/07/19/b0ae6702f7cad571adc6ca3b35842d7b1_f.jpg
6932530,https://recipe1.ezmember.co.kr/cache/recipe/2020/05/07/e81f1ad33e16837803cdc590fff216761_f.jpg
6924928,https://recipe1.ezmember.co.kr/cache/recipe/2020/01/09/e780b55d054e0df93e5b8125943bc0731_f.jpg
6926189,https://recipe1.ezmember.co.kr/cache/recipe/2020/02/03/0d20f2ff9e4ce414a2df8362e6668bf51_f.jpg
6913004,https://recipe1.ezmember.co.kr/cache/recipe/2019/05/31/0ac93c5e4658523035e77e6a5b25d0e91_f.jpg
6952391,https://recipe1.ezmember.co.kr/cache/recipe/2021/01/29/42b437dcc1b93b05e8e57fac565469801_f.jpg
6999648,https://recipe1.ezmember.co.kr/cache/recipe/2023/03/27/1a618a39f0f07e15dfdd638c4cd68f5b1_f.jpg
6905735,https://recipe1.ezmember.co.kr/cache/recipe/2019/02/01/6e6d4e4cd3641e3423be818d88d31f831_f.jpg
6955913,https://recipe1.ezmember.co.kr/cache/recipe/2021/03/29/285aff98294dbb4236982f1a5f53079f1_f.png
6966824,https://recipe1.ezmember.co.kr/cache/recipe/2021/10/12/15343319b859a18b6f27e636ae1bb3551_f.jpg
6901348,https://recipe1.ezmember.co.kr/cache/recipe/2018/12/05/ce08c96f32963dc54ee590ceb986df611_f.png
6915382,https://recipe1.ezmember.co.kr/cache/recipe/2019/07/04/6f2e420be0a8a736a6f67ae600d6285a1_f.jpg
7025442,https://recipe1.ezmember.co.kr/cache/recipe/2024/04/30/e9b39cf633c074805f6945fea57201241_f.jpg
6886387,https://recipe1.ezmember.co.kr/cache/recipe/2018/03/30/f4d9289cbf987244ae7718e0b35d2c8d1_f.png
6901955,https://recipe1.ezmember.co.kr/cache/recipe/2018/12/14/897a57c0d592bc561dec5e971c3b18761_f.png
6966822,https://recipe1.ezmember.co.kr/cache/recipe/2021/10/12/6da86d59610dd51d5e7e17949dc664191_f.jpg
6911336,https://recipe1.ezmember.co.kr/cache/recipe/2019/04/26/ddda7cb9cedfc5382d96b3f65f0bd6e81_f.jpg
6858056,https://recipe1.ezmember.co.kr/cache/recipe/2016/10/07/46b2eb216780951ae33c00c1be9f221d1_f.png
6883212,https://recipe1.ezmember.co.kr/cache/recipe/2018/02/01/7643f753f8183d1309e5113e647c7b751_f.png
6925719,https://recipe1.ezmember.co.kr/cache/recipe/2020/01/29/cf1ca657879c542842469f97ac34354a1_f.png
2349038,https://recipe1.ezmember.co.kr/cache/recipe/2015/08/04/17386c8b7cf4df5bffe8ec35987211b3_f.jpg
6867628,https://recipe1.ezmember.co.kr/cache/recipe/2017/03/22/1d93efad936502197748c080fdcf5a691_f.jpg
6880856,https://recipe1.ezmember.co.kr/cache/recipe/2017/12/12/d37a793be37dee55e3eeb40dfa9ebeb31_f.jpg
6913355,https://recipe1.ezmember.co.kr/cache/recipe/2019/05/31/95db83943f245908eea578d03327b7671_f.jpg
6933851,https://recipe1.ezmember.co.kr/cache/recipe/2020/06/05/979e5785b9eed6a2a8eeb6fa2d7026d81_f.jpg
6917102,https://recipe1.ezmember.co.kr/cache/recipe/2019/08/07/b519864eccfbedede5b2795d808a0fc41_f.jpg
6832960,https://recipe1.ezmember.co.kr/cache/recipe/2015/08/28/e5360154eefbb45160619154799d40301_f.jpg
6929881,https://recipe1.ezmember.co.kr/cache/recipe/2020/04/02/eae0d06a7d4ddb3e367c4ba321056d351_f.jpg
6894459,https://recipe1.ezmember.co.kr/cache/recipe/2018/08/20/5de65c8e32d68a22cb938fea6ca7054e1_f.jpg
6900295,https://recipe1.ezmember.co.kr/cache/recipe/2018/11/16/a56f42c91f0f374cb8226d21ccd8ef6f1_f.jpg
6908773,https://recipe1.ezmember.co.kr/cache/recipe/2019/03/20/111df7ec5a22277b10de28c9370f9d9d1_f.jpg
7044254,https://recipe1.ezmember.co.kr/cache/recipe/2025/02/07/59ed30d6fb331829a73dc813f5e5a8e71_f.jpg
7016624,https://recipe1.ezmember.co.kr/cache/recipe/2023/12/28/572c1e5c1c341265c15c6bc2ca13eca11_f.jpg
6912412,https://recipe1.ezmember.co.kr/cache/recipe/2019/04/16/68a7ee32fdc3dee658659694f9be6ff51_f.jpg
6869815,https://recipe1.ezmember.co.kr/cache/recipe/2017/05/15/252db67e484311262725c8e7dc11d7051_f.jpg
6963062,https://recipe1.ezmember.co.kr/cache/recipe/2021/08/10/2c47d215242dcce55855e67fc0fedcfe1_f.jpg
6891614,https://recipe1.ezmember.co.kr/cache/recipe/2018/06/28/c2e707e08e02b19881f7d8393af0c01c1_f.jpg
4020569,https://recipe1.ezmember.co.kr/cache/recipe/2015/04/02/1b945b0c9f6b4ef6cf8f8df3432922ce1_f.jpg
6863438,https://recipe1.ezmember.co.kr/cache/recipe/2017/01/03/3b13d8a8bc1f69b1fbba91cf488d11851_f.jpg
7013696,https://recipe1.ezmember.co.kr/cache/recipe/2023/11/16/2ab41cee997a7234f6a702fbc38f1c041_f.jpg
6898900,https://recipe1.ezmember.co.kr/cache/recipe/2018/10/28/33ff0da4c881ad830068a7c66b9f2d671_f.jpg
6955170,https://recipe1.ezmember.co.kr/cache/recipe/2021/03/14/880437c92efb717cd1a98d99d838b6551_f.jpg
6852328,https://recipe1.ezmember.co.kr/cache/recipe/2016/07/07/dfb57abd6d2f9eb4f83ee94aa8eeafd21_f.jpg
6874518,https://recipe1.ezmember.co.kr/cache/recipe/2017/08/10/fb1ac66a0aa9601f64fb6c2d90b9b30f1_f.jpg
7065608,https://recipe1.ezmember.co.kr/cache/recipe/2025/11/02/e1f3b98c7441e92c0e43d21777479bd21_f.jpg
6937541,https://recipe1.ezmember.co.kr/cache/recipe/2020/07/26/0d1fea896ea5ffc620f09cd7f13eefee1_f.jpg
7038199,https://recipe1.ezmember.co.kr/cache/recipe/2024/11/09/c3cc7b94a18bc6feb8345d81c56198901_f.jpg
6830789,https://recipe1.ezmember.co.kr/cache/recipe/2015/07/28/5f6dce3e39ce539271555a67f50292c41_f.jpg
3674099,https://recipe1.ezmember.co.kr/cache/recipe/2015/05/01/b2e9c2289c5cc56568ac937e6c1ce7e71_f.jpg
4025439,https://recipe1.ezmember.co.kr/cache/recipe/2015/07/02/1947bcf59b0ee2b99ea568a8dff71a45_f.jpg
6895454,https://recipe1.ezmember.co.kr/cache/recipe/2018/09/07/9e30cfca83646b6e88493fa4e737168a1_f.jpg
4047781,https://recipe1.ezmember.co.kr/cache/recipe/2015/04/14/19082a129bff4046abd38b0036542e3c1_f.jpg
6873348,https://recipe1.ezmember.co.kr/cache/recipe/2017/07/24/863baa48f75a2381ddeafed6309449171_f.png
7050255,https://recipe1.ezmember.co.kr/cache/recipe/2025/04/08/6dbba4bb25f960e8166d96b85e8ea4901_f.jpg
6939145,https://recipe1.ezmember.co.kr/cache/recipe/2020/08/13/78b90802950e0c5c34f1a6ef2bf70ed71_f.jpg
6887172,https://recipe1.ezmember.co.kr/cache/recipe/2018/04/12/aab4992c602cc677ac7725d0d3ab07fb1_f.jpg
6837345,https://recipe1.ezmember.co.kr/cache/recipe/2015/11/02/912fb66ec0e475d139cc4d92eb1c3cea1_f.jpg
7047265,https://recipe1.ezmember.co.kr/cache/recipe/2025/03/12/dedd91fdca8f9e6c6c78d5d61dfdcdbc1_f.jpg
5771782,https://recipe1.ezmember.co.kr/cache/recipe/2015/06/01/2a3a39c8a57bfb75355333b407393bef1_f.jpg
6860042,https://recipe1.ezmember.co.kr/cache/recipe/2016/11/07/3411b1e197efd6a2b6d5c4db7ff53e8c1_f.jpg
6830260,https://recipe1.ezmember.co.kr/cache/recipe/2015/07/16/7db92bb1db88f3336407740ae2d249941_f.jpg
3427729,https://recipe1.ezmember.co.kr/cache/recipe/2015/06/01/d078b0c417eac5152e5f81184a823c1a1_f.jpg
6972861,https://recipe1.ezmember.co.kr/cache/recipe/2022/01/16/22c765558dc8182b060b0d047dab38811_f.jpg
6832132,https://recipe1.ezmember.co.kr/cache/recipe/2015/08/17/2b18e744e3306c9c11ee7e5e2b5310ab1_f.jpg
4042104,https://recipe1.ezmember.co.kr/cache/recipe/2015/04/23/cc436265653f77e21b82ef6c994f86fd1_f.jpg
6835450,https://recipe1.ezmember.co.kr/cache/recipe/2015/10/02/f7aeacb6b3b7e76cfbdd13cbdc7537521_f.jpg
4863521,https://recipe1.ezmember.co.kr/cache/recipe/2015/06/08/18311d0154cc0600c4c838ca845239fe_f.jpg
4124782,https://recipe1.ezmember.co.kr/cache/recipe/2015/06/18/ddc30f7ec3e9405c9f396bcdbcfbb2e8_f.jpg
6923415,https://recipe1.ezmember.co.kr/cache/recipe/2019/12/11/65a8b3a6715591feeb3e88099cda37851_f.jpg
6926433,https://recipe1.ezmember.co.kr/cache/recipe/2020/02/12/982048f7626f580de87785165c8c79171_f.jpg
6975594,https://recipe1.ezmember.co.kr/cache/recipe/2022/03/07/2ab0a5ddbc668a6bbaaefdd2eef3367a1_f.jpg
6872643,https://recipe1.ezmember.co.kr/cache/recipe/2017/07/12/c41d826b7a83b098eae71a102c6113861_f.jpg
6837076,https://recipe1.ezmember.co.kr/cache/recipe/2015/10/28/494f1c9ca475d0ac528e93b0915e31dc1_f.jpg
2328895,https://recipe1.ezmember.co.kr/cache/recipe/2015/06/08/a2270ec062f282156703fe916a8c4cdb_f.jpg
6944594,https://recipe1.ezmember.co.kr/cache/recipe/2020/10/20/88ad26fae55b23612f38dc20efc649ba1_f.jpg
6903394,https://recipe1.ezmember.co.kr/cache/recipe/2019/01/03/eddabfd7eec938df019816582dcab2ec1_f.jpg
6863025,https://recipe1.ezmember.co.kr/cache/recipe/2016/12/23/3d6454f3896c712beb352af60eb71f991_f.jpg
6919122,https://recipe1.ezmember.co.kr/cache/recipe/2019/09/15/9f489008c11ff0feebfc7c936917ac901_f.jpg
6943783,https://recipe1.ezmember.co.kr/cache/recipe/2020/10/10/9b1dc025a7397b9e13ea8ae54d2167511_f.jpg
6885208,https://recipe1.ezmember.co.kr/cache/recipe/2018/03/09/c776dcc17ab1016aefe4b7631f1cd17b1_f.jpg
6830237,https://recipe1.ezmember.co.kr/cache/recipe/2015/07/14/d8ac127302d4c58e93a6ab576adc1e5f1_f.jpg
6922039,https://recipe1.ezmember.co.kr/cache/recipe/2019/11/12/56e896e752fb6eb9e53f9bac5affa8e01_f.jpg
6888661,https://recipe1.ezmember.co.kr/cache/recipe/2018/05/11/591c1454edc60e66e17c8f70e8252f0a1_f.jpg
6899706,https://recipe1.ezmember.co.kr/cache/recipe/2018/11/08/5470b8c398f6f8a79940da1ae8add5401_f.jpg
6852952,https://recipe1.ezmember.co.kr/cache/recipe/2016/07/18/94b9bff5010d4a539b6b7042314c62291_f.jpg
5396514,https://recipe1.ezmember.co.kr/cache/recipe/2015/08/04/c78e6a44c51a6168b19503283e4fac381_f.jpg
6949256,https://recipe1.ezmember.co.kr/cache/recipe/2020/12/25/1a87d15b8ec9caf0678a5b4af456f4161_f.jpg
7062240,https://recipe1.ezmember.co.kr/cache/recipe/2025/09/09/bda6036a86348460d9a33b4fbbb8b7cb1_f.jpg
7053964,https://recipe1.ezmember.co.kr/cache/recipe/2025/05/29/b82a3d623e941d9ee351b4573a128aa01_f.jpg
3920667,https://recipe1.ezmember.co.kr/cache/recipe/2015/04/02/31b3c20f9a6b9b01b82ce8ad8c9e61531_f.jpg
6965572,https://recipe1.ezmember.co.kr/cache/recipe/2021/09/21/877c633a2fee6676c09b166cec4dcd251_f.jpg
6867855,https://recipe1.ezmember.co.kr/cache/recipe/2017/04/03/66a06f7ea02bf0b403bcbf9c463b09dc1_f.jpg
5202322,https://recipe1.ezmember.co.kr/cache/recipe/2015/06/03/5cf45552b0c4a7cd10ed605a1f27222d1_f.jpg
6916482,https://recipe1.ezmember.co.kr/cache/recipe/2019/07/26/c8a5321c2d938ec169b09ac71fb765a91_f.jpg
6900179,https://recipe1.ezmember.co.kr/cache/recipe/2018/11/15/6c658762c872c1b06df7f42090a5fbaf1_f.jpg
6939510,https://recipe1.ezmember.co.kr/cache/recipe/2020/08/18/242f54373411185254dd9d362ff11a7c1_f.jpg
6868741,https://recipe1.ezmember.co.kr/cache/recipe/2017/04/01/894fb6937091b10ffc8fb510d2b29ffe1_f.jpg
6874810,https://recipe1.ezmember.co.kr/cache/recipe/2017/08/16/d5286f058f377ec5ccfc50072e3610c61_f.jpg
6852373,https://recipe1.ezmember.co.kr/cache/recipe/2016/07/08/10d008e8b6bc98e8ffe29bac8b36571f1_f.jpg
6839892,https://recipe1.ezmember.co.kr/cache/recipe/2015/12/14/7c970747cae3dedc2cdbf0148f5cb38b1_f.jpg
6833904,https://recipe1.ezmember.co.kr/cache/recipe/2015/09/08/0af975a95dfed87edbaccccba3f0ade71_f.jpg
6857935,https://recipe1.ezmember.co.kr/cache/recipe/2016/10/05/f9fa654299f05c91936ca1a01e7025a81_f.jpg
6944560,https://recipe1.ezmember.co.kr/cache/recipe/2020/10/19/f6e99f82fb2ae6de12d5422552dea3fa1_f.jpg
5073371,https://recipe1.ezmember.co.kr/cache/recipe/2015/04/03/99624918974c14e80a320db44bc5c48e1_f.jpg
6922206,https://recipe1.ezmember.co.kr/cache/recipe/2019/11/15/4acb2f48e761d02721969ee01df9de701_f.jpg
6893520,https://recipe1.ezmember.co.kr/cache/recipe/2018/08/03/a007ef2b53bfa722343d7c54c91e394a1_f.jpg
6837458,https://recipe1.ezmember.co.kr/cache/recipe/2015/10/17/c7dcf201ae1263cd389c38e4535926711_f.jpg
6956988,https://recipe1.ezmember.co.kr/cache/recipe/2021/04/17/13604b423d2c2b13c379140bb4d13e411_f.jpg
6147653,https://recipe1.ezmember.co.kr/cache/recipe/2015/04/09/6b709a20a68d5c3d239995c5fc3dd0771_f.jpg
6875424,https://recipe1.ezmember.co.kr/cache/recipe/2017/08/26/61737e35879fc4ef468d504655876c011_f.jpg
6838014,https://recipe1.ezmember.co.kr/cache/recipe/2015/11/12/6ee5cf99a14b84f07a67ef0ea0d3c9e81_f.jpg
6986433,https://recipe1.ezmember.co.kr/cache/recipe/2022/08/28/0ea0f2498d3e268b05e635b856f60e2b1_f.jpg
7056190,https://recipe1.ezmember.co.kr/cache/recipe/2025/06/24/0e8ef8abfc467e00fc12d6aefc7fc8381_f.jpg
6883731,https://recipe1.ezmember.co.kr/cache/recipe/2018/02/08/ee5bdb993e209e85119ae1da4e8b0b311_f.jpg
6854296,https://recipe1.ezmember.co.kr/cache/recipe/2016/08/09/975dab78be6db19a552798fda2e621ce1_f.jpg
6941590,https://recipe1.ezmember.co.kr/cache/recipe/2020/09/11/47f412e44d65464e37d7f5df2e917db81_f.jpg
4505161,https://recipe1.ezmember.co.kr/cache/recipe/2015/04/21/47879336ce43b4cbeae19d610b1efe801_f.jpg
6913807,https://recipe1.ezmember.co.kr/cache/recipe/2019/06/11/6990790c12b0f98943fa26f9c5093dbb1_f.jpg
6899756,https://recipe1.ezmember.co.kr/cache/recipe/2018/11/08/16e0c93270bf512a3893d31810755dd91_f.jpg
6927754,https://recipe1.ezmember.co.kr/cache/recipe/2020/03/04/bf7a68a9c502146574ddc91466c7338d1_f.jpg
4196726,https://recipe1.ezmember.co.kr/cache/recipe/2015/04/16/fc758683cacd976eca05c7fdf86770171_f.jpg
6979863,https://recipe1.ezmember.co.kr/cache/recipe/2022/05/23/fb4d077b2853f29894bb9096bd2973de1_f.jpg
7032430,https://recipe1.ezmember.co.kr/cache/recipe/2024/08/13/7b7628ec388c6bc9996eadc4797d9f331_f.jpg
6853560,https://recipe1.ezmember.co.kr/cache/recipe/2016/07/27/b358c83515f8fd2f75176173cb7fa6dc1_f.jpg
3840401,https://recipe1.ezmember.co.kr/cache/recipe/2015/04/29/b39916eaeada424dd5283afde5e1b8961_f.jpg
6906166,https://recipe1.ezmember.co.kr/cache/recipe/2019/02/09/83b7de5376a5f4c546fe9ac9e04b4bb21_f.jpg
6842223,https://recipe1.ezmember.co.kr/cache/recipe/2016/01/27/60fdd37c1b119ddb57359fa570e12b2e1_f.jpg
6987024,https://recipe1.ezmember.co.kr/cache/recipe/2022/09/06/40ec37ad189922a55a641d8b188ce72d1_f.jpg
6879479,https://recipe1.ezmember.co.kr/cache/recipe/2017/11/12/e1e626463ad303de61a8f66bea0228851_f.jpg
6863977,https://recipe1.ezmember.co.kr/cache/recipe/2017/01/16/5e0b87e92e75f0c39526712b968106541_f.jpg
6879201,https://recipe1.ezmember.co.kr/cache/recipe/2017/11/07/52ee29eed0ccadf06bb92b09975493471_f.jpg
6930773,https://recipe1.ezmember.co.kr/cache/recipe/2020/04/14/cdaa90edccd1a6aca2016efae7d199491_f.jpg
6970401,https://recipe1.ezmember.co.kr/cache/recipe/2021/12/07/abe288e5e358b82abc2efe8c47e913f71_f.jpg
6954817,https://recipe1.ezmember.co.kr/cache/recipe/2021/03/08/3b66e52686537ae175c5e826b68b97da1_f.jpg
6865391,https://recipe1.ezmember.co.kr/cache/recipe/2017/02/16/0ef19a00c2577c4aeea5963933bd55ec1_f.jpg
6979006,https://recipe1.ezmember.co.kr/cache/recipe/2022/05/09/24465eca495c345de16bef241b65ce2d1_f.jpg
3660582,https://recipe1.ezmember.co.kr/cache/recipe/2015/06/23/fe1c793d383b0de26396cbcf4ff1af1d_f.jpg
6995952,https://recipe1.ezmember.co.kr/cache/recipe/2023/01/25/c4077ded076aaf5039d212fa82225c951_f.jpg
6908761,https://recipe1.ezmember.co.kr/cache/recipe/2019/03/19/883b489863c05e3b74113262c775681f1_f.jpg
6905891,https://recipe1.ezmember.co.kr/cache/recipe/2019/02/03/0eb2c16e7f49a33a09e5df9a939120671_f.jpg
6929452,https://recipe1.ezmember.co.kr/cache/recipe/2020/03/28/75b054da36010b048cb7918f40ac0cdb1_f.jpg
6945375,https://recipe1.ezmember.co.kr/cache/recipe/2020/10/31/b46987da1be9b476f32792c57594f5341_f.jpg
6832617,https://recipe1.ezmember.co.kr/cache/recipe/2015/08/23/c1b745acda506ce1d595e04118dea2901_f.jpg
6895776,https://recipe1.ezmember.co.kr/cache/recipe/2018/09/13/f835223ae3ad2cdb05eab3fae16f1d3a1_f.jpg
6829879,https://recipe1.ezmember.co.kr/cache/recipe/2015/07/08/05c3fa9148e79cd68a3378c46db443011_f.jpg
6996018,https://recipe1.ezmember.co.kr/cache/recipe/2023/01/26/48a7ceadb63d1285e1a5f5d5ef85e6de1_f.jpg
6920402,https://recipe1.ezmember.co.kr/cache/recipe/2019/10/10/41bcb233d8a9d845376771330b1f0f061_f.jpg
6911833,https://recipe1.ezmember.co.kr/cache/recipe/2019/05/08/e7bdd199a2a54defbec112dac40448371_f.jpg
6872874,https://recipe1.ezmember.co.kr/cache/recipe/2017/07/17/640bcaf90be3247a87a6c76e0aadb8d71_f.jpg
2814616,https://recipe1.ezmember.co.kr/cache/recipe/2015/04/21/3c7b9ab2ade2fcd4b2dc0e103ed0a64a1_f.jpg
6999865,https://recipe1.ezmember.co.kr/cache/recipe/2023/04/01/971395a24dddddd9828a4d7e01a138ea1_f.jpg
6921591,https://recipe1.ezmember.co.kr/cache/recipe/2019/11/02/13f643ed0698fc2d323e3fe7ba82be841_f.jpg
6866328,https://recipe1.ezmember.co.kr/cache/recipe/2017/03/06/1f5008aa0db5bc26a85a6e41fdecb4b91_f.jpg
6928611,https://recipe1.ezmember.co.kr/cache/recipe/2020/03/16/7119d356f09805a3d4dfa6d93c76f6ff1_f.jpg
6929166,https://recipe1.ezmember.co.kr/cache/recipe/2020/03/23/5023607962bbec1f5bd4891330bde3171_f.jpg
6907966,https://recipe1.ezmember.co.kr/cache/recipe/2019/03/08/caa4c068358c6d99cfbf01cc9eb4081a1_f.jpg
6872450,https://recipe1.ezmember.co.kr/cache/recipe/2017/07/09/6cc4100cd3d1657f0a81a016e815dd911_f.jpg
6900898,https://recipe1.ezmember.co.kr/cache/recipe/2018/11/27/4142e05e1ad56c9f7ba6c94c534c6ba21_f.jpg
6918098,https://recipe1.ezmember.co.kr/cache/recipe/2019/08/24/31ce53114360791b94853420dfac7eb31_f.jpg
6893987,https://recipe1.ezmember.co.kr/cache/recipe/2018/08/11/646e8028b3056cbf520a0e690c6b7c7e1_f.jpg
6907501,https://recipe1.ezmember.co.kr/cache/recipe/2019/02/28/b3fd76e24046a433ce92f4d620fe801f1_f.jpg
4733958,https://recipe1.ezmember.co.kr/cache/recipe/2015/06/17/94e0d20ab49302c05f3bb73579ac8f7e_f.jpg
6982846,https://recipe1.ezmember.co.kr/cache/recipe/2022/07/05/092f379d0053b50f0c27ac8060ec09ae1_f.jpg
6863938,https://recipe1.ezmember.co.kr/cache/recipe/2017/01/15/39a1ed919c3bb185e5a110bb64755b1c1_f.jpg
6892068,https://recipe1.ezmember.co.kr/cache/recipe/2018/07/06/f7c65ad38962a0da5e2587cf56b622871_f.jpg
6936797,https://recipe1.ezmember.co.kr/cache/recipe/2020/07/16/fdf1dd4aeab935960a96f56f5a9f12f71_f.jpg
6927548,https://recipe1.ezmember.co.kr/cache/recipe/2020/03/02/c7de34bd9e898ab4a5f80af6e6afbe921_f.jpg
6874101,https://recipe1.ezmember.co.kr/cache/recipe/2017/08/04/f0cea60e59fbadfb5cd470097fa1489b1_f.jpg
6958146,https://recipe1.ezmember.co.kr/cache/recipe/2021/05/10/40c23f369b49551f782097069509d9a11_f.jpg
6832932,https://recipe1.ezmember.co.kr/cache/recipe/2015/08/27/f23e5a388cfc6150994cbcd14ed72f6e1_f.jpg
6898533,https://recipe1.ezmember.co.kr/cache/recipe/2018/10/23/e7bfe5370d3c6ea335154772d43a648e1_f.jpg
6972231,https://recipe1.ezmember.co.kr/cache/recipe/2022/01/06/5f5b34de7092d91ede8df053f95de7641_f.jpg
6888385,https://recipe1.ezmember.co.kr/cache/recipe/2018/05/06/b716e1e1be36b181699ce7e9c7db403a1_f.jpg
6872126,https://recipe1.ezmember.co.kr/cache/recipe/2017/07/03/2f10c62a5d53a87bf855cda0049d7a021_f.jpg
4277672,https://recipe1.ezmember.co.kr/cache/recipe/2015/06/26/0d57135cf605a84f2414eb556176a8eb_f.jpg
6835552,https://recipe1.ezmember.co.kr/cache/recipe/2015/10/04/a98a4137041182c53b134d1645aa527c1_f.jpg
6912499,https://recipe1.ezmember.co.kr/cache/recipe/2019/05/21/5a5060e65847c7358136a720ce6e49f31_f.jpg
6503155,https://recipe1.ezmember.co.kr/cache/recipe/2015/04/09/86ccaa48e8b885c0781464d60d932f3d1_f.jpg
6829467,https://recipe1.ezmember.co.kr/cache/recipe/2015/06/27/2b62cca86d4cf6260b8b9e473ea26ef51_f.jpg
6944407,https://recipe1.ezmember.co.kr/cache/recipe/2020/10/17/2494ad9bc82e7d1aad5469691d806d7b1_f.jpg
6913453,https://recipe1.ezmember.co.kr/cache/recipe/2019/06/07/9a9b7e64e21c9d5ac9744cfd17bb39c41_f.jpg
6982107,https://recipe1.ezmember.co.kr/cache/recipe/2022/06/24/b4f1018bc303bf59daa32501b76ad72c1_f.jpg
6985116,https://recipe1.ezmember.co.kr/cache/recipe/2022/08/08/f79e11a7fc227195e96d2bf90487b0431_f.jpg
6873750,https://recipe1.ezmember.co.kr/cache/recipe/2017/07/29/27128c3da5a4a448cca7715cc68c2ea21_f.jpg
6863727,https://recipe1.ezmember.co.kr/cache/recipe/2017/01/10/a0c0d5bd462d81e0ce2ae4a065520f691_f.jpg
6695262,https://recipe1.ezmember.co.kr/cache/recipe/2015/04/10/6ef84c157ebf0ade9651ac77ec752aed1_f.jpg
6839928,https://recipe1.ezmember.co.kr/cache/recipe/2015/12/15/24f954185a01b5735bfb6578ed9d04c11_f.jpg
4230979,https://recipe1.ezmember.co.kr/cache/recipe/2015/06/22/6eacbb7cd97cfac3d29fdf8ab89bad51_f.jpg
6913734,https://recipe1.ezmember.co.kr/cache/recipe/2019/06/10/bad53b841cf284eeefa4034be356bdbc1_f.jpg
6901655,https://recipe1.ezmember.co.kr/cache/recipe/2018/12/10/6d24bad80d5c6bc97c4c5a50c285e19c1_f.jpg
6828883,https://recipe1.ezmember.co.kr/cache/recipe/2015/06/12/22a3e790999c2a6a314852235e0884381_f.jpg
6948920,https://recipe1.ezmember.co.kr/cache/recipe/2020/12/21/56cd35d900b56f82a391327eec2809971_f.jpg
6899910,https://recipe1.ezmember.co.kr/cache/recipe/2018/11/11/4c23c4f03e80ed4cd99c4cb8700647331_f.jpg
6933906,https://recipe1.ezmember.co.kr/cache/recipe/2020/06/06/d0f627df2f645416023b757eb8d8a40d1_f.jpg
6833475,https://recipe1.ezmember.co.kr/cache/recipe/2015/09/03/917db22ea63dd40c335f6309ff3ef3e21_f.jpg
6867237,https://recipe1.ezmember.co.kr/cache/recipe/2017/03/22/78b47bc9fb0e8b735e269e7fdd30c0d41_f.jpg
5577696,https://recipe1.ezmember.co.kr/cache/recipe/2015/06/09/489f0c0077089743b18f19ba91a033061_f.jpg
6941521,https://recipe1.ezmember.co.kr/cache/recipe/2020/09/11/1ab28d030740224544f484e89f67a0c11_f.jpg
6912544,https://recipe1.ezmember.co.kr/cache/recipe/2019/05/22/235235b9252e2a1b58fe3445c29688901_f.jpg
7043288,https://recipe1.ezmember.co.kr/cache/recipe/2025/01/04/26ba7be76e0081f36e272cb1d0a364731_f.jpg
6876277,https://recipe1.ezmember.co.kr/cache/recipe/2017/09/11/401176c6fefd792e345445cbe6bad4211_f.jpg
6964592,https://recipe1.ezmember.co.kr/cache/recipe/2021/09/05/af1262995b8818019eead832ac73fa751_f.jpg
6911497,https://recipe1.ezmember.co.kr/cache/recipe/2019/05/02/8e1b3802b48f20d1442ce094a0773e9b1_f.jpg
6947730,https://recipe1.ezmember.co.kr/cache/recipe/2020/12/07/7c0214d0d42c680240ef7c48683a73fb1_f.jpg
6873718,https://recipe1.ezmember.co.kr/cache/recipe/2017/07/28/d99b61518a85fcc72c83a6444a3073131_f.jpg
7061926,https://recipe1.ezmember.co.kr/cache/recipe/2025/08/30/d39edb646c4f1c16e7b92e0f669127dc1_f.jpg
6873847,https://recipe1.ezmember.co.kr/cache/recipe/2017/07/31/23b4d498bd604252aad892c54d8e5ffb1_f.png
6945828,https://recipe1.ezmember.co.kr/cache/recipe/2020/11/07/03a6866ba4374db11192d49de1ff92491_f.jpg
6896296,https://recipe1.ezmember.co.kr/cache/recipe/2018/09/20/53734dd4a409a89600bd1640dd6309bf1_f.jpg
6920526,https://recipe1.ezmember.co.kr/cache/recipe/2019/10/10/35a440512072a34eac3042c44e3dba941_f.jpg
6903887,https://recipe1.ezmember.co.kr/cache/recipe/2019/01/08/f9748d48950579c796e0de49fe21f6561_f.jpg
6883015,https://recipe1.ezmember.co.kr/cache/recipe/2018/01/29/e3649009360d9e97e2b088063458913c1_f.jpg
6888816,https://recipe1.ezmember.co.kr/cache/recipe/2018/05/14/8f177f645bc17708165efd52e9429edc1_f.jpg
6893203,https://recipe1.ezmember.co.kr/cache/recipe/2018/07/27/4f9f994035724b0e8fa39d6642eee4c41_f.jpg
7024404,https://recipe1.ezmember.co.kr/cache/recipe/2024/04/09/07345ff1ec47be36e2a42be0259ed9b61_f.jpg
6913333,https://recipe1.ezmember.co.kr/cache/recipe/2019/06/05/89e649743638c9e0b6f3b9724f5bda721_f.jpg
6708194,https://recipe1.ezmember.co.kr/cache/recipe/2015/04/18/c2f1f29b763ebd6d89d3cb131131d77b1_f.jpg
6830627,https://recipe1.ezmember.co.kr/cache/recipe/2015/07/24/8bea69c184b33649d30de91af7cb2e7f1_f.jpg
6898072,https://recipe1.ezmember.co.kr/cache/recipe/2018/10/17/5a4102156d8fe289be6ea43decce33441_f.jpg
6932517,https://recipe1.ezmember.co.kr/cache/recipe/2020/05/11/9c433aa1f2eb55fa60beb40e6ed20d9e1_f.jpg
6933446,https://recipe1.ezmember.co.kr/cache/recipe/2020/05/28/58424f5aaaad9717089eccd782cef2441_f.jpg
6877547,https://recipe1.ezmember.co.kr/cache/recipe/2017/10/08/e186dc07a76a33119cf0d79aa370f5ff1_f.jpg
6880759,https://recipe1.ezmember.co.kr/cache/recipe/2017/12/10/cc24f7fc8f2a8de9e405f2e603c99dbd1_f.jpg
6835210,https://recipe1.ezmember.co.kr/cache/recipe/2015/09/28/99effb61d785b542caa9f17fefaab9f21_f.jpg
6939410,https://recipe1.ezmember.co.kr/cache/recipe/2020/08/17/305d797ab8bd1639648dce05ccac0c7d1_f.jpg
6934148,https://recipe1.ezmember.co.kr/cache/recipe/2020/06/11/237485d576deca5d5497baa9c68f00931_f.jpg
6932478,https://recipe1.ezmember.co.kr/cache/recipe/2020/05/11/cd5cdf1e152484edbe542a696a5be0f21_f.jpg
7009253,https://recipe1.ezmember.co.kr/cache/recipe/2023/09/04/0e04da504a42eb0b3c2ead5629bebf011_f.jpg
7044122,https://recipe1.ezmember.co.kr/cache/recipe/2025/02/05/d31bc143a9a6a59a591722cacba49ac31_f.jpg
6895458,https://recipe1.ezmember.co.kr/cache/recipe/2018/09/07/ae98fdcce890b67d231a871b8a4f7caa1_f.jpg
7032247,https://recipe1.ezmember.co.kr/cache/recipe/2024/08/10/efee1ebcb675128837e77dc41b0618751_f.jpg
7051457,https://recipe1.ezmember.co.kr/cache/recipe/2025/04/22/99e3290bc11ba2f64b303e5d8c596a371_f.jpg
7031816,https://recipe1.ezmember.co.kr/cache/recipe/2024/08/05/d9f46406a633958f5e5f67f3d7d1060a1_f.jpg
6973043,https://recipe1.ezmember.co.kr/cache/recipe/2022/01/18/ad4f72fbabe268ac93b7983909b02fb11_f.jpg
6855118,https://recipe1.ezmember.co.kr/cache/recipe/2016/08/22/7d0b5a53e69b82c2f1fb8be7c7f639691_f.jpg
6859439,https://recipe1.ezmember.co.kr/cache/recipe/2016/10/27/2b23ec48007dfe0885c76776289a46be1_f.jpg
6837716,https://recipe1.ezmember.co.kr/cache/recipe/2018/07/19/f3b05b7202b2d1260e48895ec829d4c01_f.jpg
6948844,https://recipe1.ezmember.co.kr/cache/recipe/2020/12/20/4ccc193f31420ba9a485b193930d7fdb1_f.jpg
6932725,https://recipe1.ezmember.co.kr/cache/recipe/2020/05/15/572f5356a6131b7a3aa2499847056b5c1_f.jpg
6878242,https://recipe1.ezmember.co.kr/cache/recipe/2017/10/20/89aeda39698cacd0d6c2121be6cd95201_f.jpg
6868425,https://recipe1.ezmember.co.kr/cache/recipe/2017/04/14/a13d99039a333194b5c6730aea7e329e1_f.jpg
7024378,https://recipe1.ezmember.co.kr/cache/recipe/2024/04/14/169f74507c173586997491c1484ba6291_f.jpg
6898236,https://recipe1.ezmember.co.kr/cache/recipe/2018/10/19/85c6480f8afed6254ffa9101eea8e7331_f.jpg
6892029,https://recipe1.ezmember.co.kr/cache/recipe/2018/07/05/f5121adaf13ec04c62b790f098fe7cbd1_f.jpg
6314753,https://recipe1.ezmember.co.kr/cache/recipe/2015/04/09/f0f6d0c35281893454a4c030b11fae841_f.jpg
6863720,https://recipe1.ezmember.co.kr/cache/recipe/2016/12/28/fa5e68403701d048a720a1f216fba0221_f.jpg
6844349,https://recipe1.ezmember.co.kr/cache/recipe/2016/03/10/6a2290ebbccdd838d79465d535e0c39d1_f.jpg
6916681,https://recipe1.ezmember.co.kr/cache/recipe/2019/07/30/337c626405091356e28845709b2dc8391_f.jpg
6636695,https://recipe1.ezmember.co.kr/cache/recipe/2015/04/08/ec8cb19e30ed2f69b47eff8a83b5e2121_f.jpg
6876067,https://recipe1.ezmember.co.kr/cache/recipe/2017/09/03/74d847a88fd0573c74f33d816188bba71_f.jpg
6889035,https://recipe1.ezmember.co.kr/cache/recipe/2018/05/17/4e0f3bc0501e95119530fa7cde6ae1551_f.jpg
6909751,https://recipe1.ezmember.co.kr/cache/recipe/2019/04/03/180bc3ea19544ebe9bebf2b6a4044a0c1_f.jpg
6933836,https://recipe1.ezmember.co.kr/cache/recipe/2020/06/05/4ff72d6d881c5799b711d3b9338b07701_f.jpg
6838070,https://recipe1.ezmember.co.kr/cache/recipe/2018/07/19/28c2602bbf926fb310c704cf73edb52c1_f.jpg
6912834,https://recipe1.ezmember.co.kr/cache/recipe/2019/05/27/e583e6c377559d9380f2d0a596834bec1_f.jpg
6962917,https://recipe1.ezmember.co.kr/cache/recipe/2021/08/07/c55dd2a5d49342a2d4abc0a4b7edaf771_f.jpg
6769066,https://recipe1.ezmember.co.kr/cache/recipe/2015/05/14/a687dda7c3428507ecca45b42f0456491_f.jpg
7006301,https://recipe1.ezmember.co.kr/cache/recipe/2023/07/13/64920abce0f34499f06be92c1ee47f771_f.jpg
6938416,https://recipe1.ezmember.co.kr/cache/recipe/2020/08/05/750269db4238599bf33ba151250260591_f.jpg
3845351,https://recipe1.ezmember.co.kr/cache/recipe/2015/06/24/e2b5b4dd308edb1a3847afcfacb37257_f.jpg
2636019,https://recipe1.ezmember.co.kr/cache/recipe/2015/06/08/f128c3f784dc57f305c318fbb101359c_f.jpg
6832569,https://recipe1.ezmember.co.kr/cache/recipe/2015/08/22/5d7a1cbfb8391056fe785ba3e09e7c3a1_f.jpg
6882109,https://recipe1.ezmember.co.kr/cache/recipe/2018/01/10/abbda365ce45204961a7fe3319e237001_f.jpg
2301617,https://recipe1.ezmember.co.kr/cache/recipe/2015/06/08/00ec2bf58b0add9e286a6b2a3cd943e4_f.jpg
6882537,https://recipe1.ezmember.co.kr/cache/recipe/2018/01/19/bcc71e659039b03beed289a0b9cc41091_f.jpg
6906575,https://recipe1.ezmember.co.kr/cache/recipe/2019/02/14/02d45b3892fffa8daee37f6a3343e5e21_f.jpg
6929707,https://recipe1.ezmember.co.kr/cache/recipe/2020/04/01/a10e1ea90fb29da5cd0d12e63573e15e1_f.jpg
6858281,https://recipe1.ezmember.co.kr/cache/recipe/2016/10/11/1aa5cb917945dfe3f7209975435bd8ba1_f.jpg
6916958,https://recipe1.ezmember.co.kr/cache/recipe/2019/08/05/8cc04f5be36e9bb2374759b89580edd61_f.jpg
6832078,https://recipe1.ezmember.co.kr/cache/recipe/2015/08/16/900585d8191b3865d78066205c368b781_f.jpg
4791311,https://recipe1.ezmember.co.kr/cache/recipe/2015/08/10/e6200d738adfedd3dfc44e27ab21fd2b1_f.jpg
6884486,https://recipe1.ezmember.co.kr/cache/recipe/2018/02/24/7c484d5e9d32d7cb8bc177d4923060821_f.jpg
6869736,https://recipe1.ezmember.co.kr/cache/recipe/2017/05/13/36efe3b47644b538a0b654dd4918cbe61_f.jpg
6870308,https://recipe1.ezmember.co.kr/cache/recipe/2017/05/25/ef3293874400c10e38d11d8df1b7ea531_f.jpg
6978886,https://recipe1.ezmember.co.kr/cache/recipe/2022/05/06/9034fd2d2b5be30462a5ebcbc3eb3fb51_f.jpg
6828940,https://recipe1.ezmember.co.kr/cache/recipe/2015/06/15/baab878fcbd78756af9f0c36454aa04d1_f.jpg
6977325,https://recipe1.ezmember.co.kr/cache/recipe/2022/04/05/ab96a4ffcd930bbe54e451a1ae9216ef1_f.jpg
6933577,https://recipe1.ezmember.co.kr/cache/recipe/2020/06/01/0ae388477c9d25bb3d6897ed5484c8da1_f.jpg
6874530,https://recipe1.ezmember.co.kr/cache/recipe/2017/08/09/f184aad0563f80e607404638277859f61_f.jpg
6946041,https://recipe1.ezmember.co.kr/cache/recipe/2020/11/10/0257a697d4fe49b458840f478c114b841_f.jpg
6929909,https://recipe1.ezmember.co.kr/cache/recipe/2020/04/04/6236c435e72d91f0174daf7439111de31_f.jpg
6837513,https://recipe1.ezmember.co.kr/cache/recipe/2015/11/04/cea92282b0d226ac04e711a96214dc611_f.jpg
6914987,https://recipe1.ezmember.co.kr/cache/recipe/2019/07/01/c4ca76708ed05158ba1c63224601e1d01_f.png
6927726,https://recipe1.ezmember.co.kr/cache/recipe/2020/03/04/0e05f3bd6c7cccf55fbc40dbf2607b231_f.jpg
6920769,https://recipe1.ezmember.co.kr/cache/recipe/2019/10/17/59757ef26845b5ab4e6e12d8fc4e8cd31_f.jpg
6843768,https://recipe1.ezmember.co.kr/cache/recipe/2016/02/28/6310caa13a2e8b002ad5f5834ae6e8451_f.jpg
6945541,https://recipe1.ezmember.co.kr/cache/recipe/2020/11/03/071afc3a51e7a995d80368d73b0018bf1_f.jpg
6913329,https://recipe1.ezmember.co.kr/cache/recipe/2019/06/05/d263d0baec0dd6b699602c8ad654d2031_f.jpg
6981442,https://recipe1.ezmember.co.kr/cache/recipe/2022/06/15/32f2d2a2d043da6192c33219ec35b7201_f.jpg
6919182,https://recipe1.ezmember.co.kr/cache/recipe/2019/09/16/0cf27ee56dcf842be0d601c007b8e0e11_f.jpg
4819672,https://recipe1.ezmember.co.kr/cache/recipe/2015/04/15/d834b0c1475d88d3bb36624c8d948ac01_f.jpg
6929049,https://recipe1.ezmember.co.kr/cache/recipe/2020/03/22/9ea4057e00a057ffd82bc786ec6351bf1_f.jpg
6898507,https://recipe1.ezmember.co.kr/cache/recipe/2018/10/23/51c173cc0da0f288e1fe8deb78af153f1_f.jpg
7051606,https://recipe1.ezmember.co.kr/cache/recipe/2025/04/30/c52377dbf93d7a1ffa62cab7040deafe1_f.jpg
6903898,https://recipe1.ezmember.co.kr/cache/recipe/2019/01/09/7a4fe316bf614b08a9edf885834dd6271_f.jpg
6860346,https://recipe1.ezmember.co.kr/cache/recipe/2016/11/09/c06a78c4a42ad69f9cc01437b56ea05b1_f.jpg
6985476,https://recipe1.ezmember.co.kr/cache/recipe/2022/08/12/d428a3f9ebc6942c431787344b0311fb1_f.jpg
6910630,https://recipe1.ezmember.co.kr/cache/recipe/2019/04/16/365fe805099e3bba2b3c688729c969ee1_f.jpg
6870516,https://recipe1.ezmember.co.kr/cache/recipe/2017/05/30/ef992272649b248bdb09bf278b07f73c1_f.jpg
6911152,https://recipe1.ezmember.co.kr/cache/recipe/2019/04/26/20d4952d78fcf2925e5908dc1372061c1_f.jpg
6992767,https://recipe1.ezmember.co.kr/cache/recipe/2022/11/27/fb428dbef8b62c7bc36f74ee901362c71_f.jpg
6900118,https://recipe1.ezmember.co.kr/cache/recipe/2018/11/14/f491ba68b40574e532cac33ee620b1ec1_f.jpg
6662763,https://recipe1.ezmember.co.kr/cache/recipe/2015/05/19/2be48dc17e5298a8d7336260b14ca0e91_f.jpg
4031025,https://recipe1.ezmember.co.kr/cache/recipe/2015/07/09/3024cb110b728e0484aebba700f892b6_f.jpg
6875871,https://recipe1.ezmember.co.kr/cache/recipe/2017/09/05/c3a942b9472096d5d57f5fae205d02571_f.jpg
6884933,https://recipe1.ezmember.co.kr/cache/recipe/2018/03/05/c75ae060932e66bac9fe1ae9913cf8a11_f.jpg
6889108,https://recipe1.ezmember.co.kr/cache/recipe/2018/05/17/cdcf7cbcc6d1b8cc324299336d98c84b1_f.jpg
6878154,https://recipe1.ezmember.co.kr/cache/recipe/2017/10/18/ab74fbad3b92d0aff64f50ba44230d361_f.jpg
6867653,https://recipe1.ezmember.co.kr/cache/recipe/2017/03/29/987f064686db8d3ff36c9b417593fb511_f.jpg
6845093,https://recipe1.ezmember.co.kr/cache/recipe/2016/03/22/1592b4e7cdfe27d90bb3c1eb1a34b0dd1_f.jpg
5615243,https://recipe1.ezmember.co.kr/cache/recipe/2015/04/16/7d5312b0fdd9ec69b8f5c28ff9abd09d_f.jpg
6923620,https://recipe1.ezmember.co.kr/cache/recipe/2019/12/16/a43e5ad4ca0da570ebe6a75130851b511_f.jpg
6929868,https://recipe1.ezmember.co.kr/cache/recipe/2020/04/03/6890cb78382b3ed7858b7608d16e67921_f.jpg
5357345,https://recipe1.ezmember.co.kr/cache/recipe/2015/06/02/b4a5dd74f3d03a0077fbbce8d9f719201_f.jpg
6056251,https://recipe1.ezmember.co.kr/cache/recipe/2015/03/16/e7708b6636a21c95815297157dc588631_f.jpg
6986805,https://recipe1.ezmember.co.kr/cache/recipe/2022/09/03/b8522f604fc6f2f0aa0f02a7224045271_f.jpg
6946991,https://recipe1.ezmember.co.kr/cache/recipe/2020/11/25/caf4f0a9e741df20e68ab39e4626e2771_f.jpg
6858176,https://recipe1.ezmember.co.kr/cache/recipe/2016/09/26/c3f4e3aed2f630417788914543161cdc1_f.jpg
6901012,https://recipe1.ezmember.co.kr/cache/recipe/2018/11/29/8480aa062b283c4b769e17a3f84084911_f.jpg
6884914,https://recipe1.ezmember.co.kr/cache/recipe/2018/03/04/f805ff9a833de28af73e885fc37222ff1_f.jpg
6867550,https://recipe1.ezmember.co.kr/cache/recipe/2017/03/28/40d511450fd32f18fce2ef83cc75b1dd1_f.jpg
6842963,https://recipe1.ezmember.co.kr/cache/recipe/2016/02/13/cfce3d8f6cdb98df0844d4abfe9824941_f.jpg
6904852,https://recipe1.ezmember.co.kr/cache/recipe/2019/01/20/5477c5689ee3f5abfd2251ad062568bc1_f.jpg
6851656,https://recipe1.ezmember.co.kr/cache/recipe/2016/06/27/52771262777db8769c8349531dfb0dbb1_f.jpg
6872886,https://recipe1.ezmember.co.kr/cache/recipe/2017/07/17/12544cf0205502b242c8368ba71f04d41_f.jpg
6896017,https://recipe1.ezmember.co.kr/cache/recipe/2018/09/17/5357664e34f0c47a35512553e53c27d71_f.jpg
6887572,https://recipe1.ezmember.co.kr/cache/recipe/2018/04/19/33d08100b377b57e9474a94fd61546fb1_f.jpg
6833285,https://recipe1.ezmember.co.kr/cache/recipe/2015/09/01/a961831172c099b7a27aff30445c0c591_f.jpg
2478797,https://recipe1.ezmember.co.kr/cache/recipe/2015/06/08/28c7c4ce7a1ff811b9e2cf04d7bc79b3_f.jpg
6997469,https://recipe1.ezmember.co.kr/cache/recipe/2023/02/22/032e2ca53c6484f7cca5e2927f5257241_f.jpg
6928754,https://recipe1.ezmember.co.kr/cache/recipe/2020/03/18/97750020ffb1b53c8158548e63932f641_f.jpg
6978680,https://recipe1.ezmember.co.kr/cache/recipe/2022/05/03/f74fb67f3b9e425ace8aa4393d7a5ebc1_f.jpg
6874939,https://recipe1.ezmember.co.kr/cache/recipe/2017/08/18/ec70b437f9b0d1749c2e0bd115292b391_f.jpg
6916500,https://recipe1.ezmember.co.kr/cache/recipe/2019/07/26/7b65e4d72f801d195c66555a09e9248e1_f.jpg
4938495,https://recipe1.ezmember.co.kr/cache/recipe/2015/06/13/b545882a834b950fbf193f17be38486d_f.jpg
6976966,https://recipe1.ezmember.co.kr/cache/recipe/2022/03/29/e94088e4561cc1f6dd3f1a89dd0db8071_f.jpg
6829276,https://recipe1.ezmember.co.kr/cache/recipe/2015/06/23/c5a5f0a9ba4d0530cb6b03a32954984a1_f.jpg
6976876,https://recipe1.ezmember.co.kr/cache/recipe/2022/03/27/ed34e47cb6ce7607463563b90cd7329c1_f.jpg
6945736,https://recipe1.ezmember.co.kr/cache/recipe/2020/11/05/da621c379cf821892ed585ab32cb413f1_f.jpg
6875877,https://recipe1.ezmember.co.kr/cache/recipe/2017/09/05/389fe59bdd974c96f5f94599fca7480e1_f.jpg
6630756,https://recipe1.ezmember.co.kr/cache/recipe/2015/04/09/38841cb4c34ba6b2323b6704433c33391_f.jpg
6894011,https://recipe1.ezmember.co.kr/cache/recipe/2018/08/12/94b3359ba15bbb3e08ff8fb3b1594bc01_f.jpg
6957817,https://recipe1.ezmember.co.kr/cache/recipe/2021/04/17/ea79fc914555cb7cc6ae4072d2d4c0ac1_f.jpg
6844211,https://recipe1.ezmember.co.kr/cache/recipe/2016/03/07/76f6e980b8d2cf2892dbebbc36ff2a791_f.jpg
6855289,https://recipe1.ezmember.co.kr/cache/recipe/2016/08/24/f7fdd04a19475855464472aa0436034e1_f.jpg
6899641,https://recipe1.ezmember.co.kr/cache/recipe/2018/11/07/f64ed3064e0c8b05fc68354d94ce9ea31_f.jpg
6870268,https://recipe1.ezmember.co.kr/cache/recipe/2017/06/01/2ae4ddfd410b7243fe5bc710fcf6e93c1_f.jpg
6866125,https://recipe1.ezmember.co.kr/cache/recipe/2017/03/02/e0bf6e724ce8918be8e214ba3b1152d71_f.jpg
6838370,https://recipe1.ezmember.co.kr/cache/recipe/2015/11/19/235ad205d6df8e0924c1467966fd4a001_f.jpg
4987642,https://recipe1.ezmember.co.kr/cache/recipe/2015/06/16/03204b3ff3068910af2675fbb8de6ffc_f.jpg
6944423,https://recipe1.ezmember.co.kr/cache/recipe/2020/10/18/ea7820b5e9339ce71e2c3cb3743e576e1_f.jpg
6960382,https://recipe1.ezmember.co.kr/cache/recipe/2021/06/21/e36fcea6a02a4fc08e115c4641708faf1_f.jpg
6835645,https://recipe1.ezmember.co.kr/cache/recipe/2015/10/05/0c7693e315a14506cd67766d9a424cef1_f.jpg
6993125,https://recipe1.ezmember.co.kr/cache/recipe/2022/12/02/54d04d46e9fd6d41a8ec34016e86b03d1_f.jpg
6906213,https://recipe1.ezmember.co.kr/cache/recipe/2019/02/09/b8f3a0df715568bd94080e73266c47c91_f.jpg
6900114,https://recipe1.ezmember.co.kr/cache/recipe/2018/11/14/aa03fc2cafdbe705dc620a46ae61ca151_f.jpg
6840574,https://recipe1.ezmember.co.kr/cache/recipe/2015/12/23/f733531538e79fc710f334c50e4d5c991_f.jpg
6940791,https://recipe1.ezmember.co.kr/cache/recipe/2020/09/03/519b51546d9c40ba6f84f985de023cba1_f.jpg
7036600,https://recipe1.ezmember.co.kr/cache/recipe/2024/10/01/4225689b20c279c1507a6aaacffee1b01_f.jpg
7059549,https://recipe1.ezmember.co.kr/cache/recipe/2025/07/31/296e612734bdc3cf09da0545179c5c001_f.jpg
6975379,https://recipe1.ezmember.co.kr/cache/recipe/2022/03/03/0ef7389623576533259d3f9faf7ff50b1_f.jpg
6874870,https://recipe1.ezmember.co.kr/cache/recipe/2017/08/17/e28e0a1ed2d344f9e29176940a59437f1_f.jpg
6917826,https://recipe1.ezmember.co.kr/cache/recipe/2019/07/19/f5193460b576461e472f76c9643694711_f.jpg
6944245,https://recipe1.ezmember.co.kr/cache/recipe/2020/10/15/a63bcead07ea9c132c1f4d720ebb6d3d1_f.jpg
6929595,https://recipe1.ezmember.co.kr/cache/recipe/2020/03/30/20685877bba48003689cc12187d018ad1_f.jpg
6995480,https://recipe1.ezmember.co.kr/cache/recipe/2023/01/15/c2e37053ceb254e210545e0c3adba7c71_f.jpg
7042695,https://recipe1.ezmember.co.kr/cache/recipe/2025/01/15/4a4491a02b1d16ca09bbf456c792f04f1_f.jpg
6866576,https://recipe1.ezmember.co.kr/cache/recipe/2017/03/09/786d6633c3c095363380b49bc89400961_f.jpg
6860317,https://recipe1.ezmember.co.kr/cache/recipe/2016/11/09/f6a4c2ff87441e186bdd8d5827adfd9a1_f.jpg
6918128,https://recipe1.ezmember.co.kr/cache/recipe/2019/08/24/23de1919d5e8cc31ec277be159e5fa561_f.jpg
6951211,https://recipe1.ezmember.co.kr/cache/recipe/2021/01/16/4f705fd1f4a0edbcae5cb1f24d806bb81_f.jpg
6917448,https://recipe1.ezmember.co.kr/cache/recipe/2019/08/14/b71c9e6a03d40e9b4978fcfd11cbe2061_f.jpg
6868864,https://recipe1.ezmember.co.kr/cache/recipe/2017/04/23/cb95bd3ea7956b6a2e4585b6126d4e481_f.jpg
6723751,https://recipe1.ezmember.co.kr/cache/recipe/2015/05/07/44d24c42ce68edfb2fdc840691c2dd891_f.jpg
6994675,https://recipe1.ezmember.co.kr/cache/recipe/2023/01/02/18336a263114a967ab8e9135b19e30f61_f.jpg
6933748,https://recipe1.ezmember.co.kr/cache/recipe/2020/06/03/ac388b8c12435a168becb8b402d1e7ab1_f.jpg
3903471,https://recipe1.ezmember.co.kr/cache/recipe/2015/04/08/ffb18f6c15f1d3df22ff42e2de537b491_f.jpg
6949751,https://recipe1.ezmember.co.kr/cache/recipe/2020/08/21/26124325e59e7e4d900fa3cfaec54ec01_f.jpg
6833307,https://recipe1.ezmember.co.kr/cache/recipe/2015/09/02/cea3791146d796ed171eded096beaf4a1_f.jpg
4258818,https://recipe1.ezmember.co.kr/cache/recipe/2015/05/28/e31bb7c156fb0bcbeafe59c23fcf3ce01_f.jpg
6963956,https://recipe1.ezmember.co.kr/cache/recipe/2021/08/11/3c96a90dab8ab767a5773bb611a04fc81_f.jpg
6848405,https://recipe1.ezmember.co.kr/cache/recipe/2016/05/18/58f3d373ccf07aaea8c7807c39a52d121_f.jpg
6891774,https://recipe1.ezmember.co.kr/cache/recipe/2018/06/27/0bf06c5a5daad32d9e6176bae801f1251_f.jpg
6911551,https://recipe1.ezmember.co.kr/cache/recipe/2019/04/19/7bcf8ccf1495c62a1cff2a69eab5467e1_f.jpg
3999046,https://recipe1.ezmember.co.kr/cache/recipe/2015/06/08/74c87715e40ea8f4a948de52e165b9ef_f.jpg
6854276,https://recipe1.ezmember.co.kr/cache/recipe/2016/08/09/b829d69875265b3247ec43cb318b65c01_f.jpg
7007331,https://recipe1.ezmember.co.kr/cache/recipe/2023/08/04/44552f8c41e0f76a04866aed2ffa11c11_f.jpg
6967249,https://recipe1.ezmember.co.kr/cache/recipe/2021/10/20/ffdf84768dd8598f803c772f9c2319e71_f.jpg
6922093,https://recipe1.ezmember.co.kr/cache/recipe/2019/11/13/7d7587c8ea9753b88376d644d8bcf4841_f.png
6869466,https://recipe1.ezmember.co.kr/cache/recipe/2017/05/08/5248a712e31b4e8f11e5e062be0091701_f.jpg
6935850,https://recipe1.ezmember.co.kr/cache/recipe/2020/07/06/18eddf16af0621dae304f82c43281bf01_f.jpg
4459463,https://recipe1.ezmember.co.kr/cache/recipe/2015/06/19/6c74ea9bd272de15bbc622a7213d0c7e_f.jpg
6928808,https://recipe1.ezmember.co.kr/cache/recipe/2020/03/17/252f3626da278db5f49621d9d9b268ed1_f.jpg
6945060,https://recipe1.ezmember.co.kr/cache/recipe/2020/10/26/1095082946a3f477fe47be55da27e3c51_f.jpg
6833641,https://recipe1.ezmember.co.kr/cache/recipe/2015/09/05/126a5ae6f856f9371a4ac2dfff489f0a1_f.jpg
6893248,https://recipe1.ezmember.co.kr/cache/recipe/2018/07/28/b479203ce12ebdd194a5df34454109b41_f.jpg
4294520,https://recipe1.ezmember.co.kr/cache/recipe/2015/03/26/c69b098f936c428f02672f243d9181771_f.JPG
6876389,https://recipe1.ezmember.co.kr/cache/recipe/2017/09/13/b479008f4172c1c1204d96b5c64204e51_f.jpg
6920257,https://recipe1.ezmember.co.kr/cache/recipe/2019/10/07/951a6f304cf10c6b1b28605201d166a71_f.jpg
6832325,https://recipe1.ezmember.co.kr/cache/recipe/2015/08/19/ee994efa0ddbcda632c1ef90f49d8e4f1_f.jpg
6920597,https://recipe1.ezmember.co.kr/cache/recipe/2019/10/14/ef2206d4885050c78e3f05bf673c04661_f.jpg
6961169,https://recipe1.ezmember.co.kr/cache/recipe/2021/07/04/32d72d08ea02094ab016d8a7ab138c231_f.jpg
6959767,https://recipe1.ezmember.co.kr/cache/recipe/2021/06/07/959cbe00387a4fa9a0e87a9bdefaa83d1_f.jpg
7005198,https://recipe1.ezmember.co.kr/cache/recipe/2023/07/03/9b570f67e45504e6eb3f8868df7b36ab1_f.jpg
6975439,https://recipe1.ezmember.co.kr/cache/recipe/2022/02/18/d36742663b2ec9865c575f89d41d1d7e1_f.jpg
7065475,https://recipe1.ezmember.co.kr/cache/recipe/2025/10/24/9e0a83853ccd73b07b4f3c0c64815a931_f.jpg
6834782,https://recipe1.ezmember.co.kr/cache/recipe/2015/09/22/8d9ab619e17899f41c008626b7a4c1cf1_f.jpg
5413573,https://recipe1.ezmember.co.kr/cache/recipe/2015/04/09/f9cc22e96e78c01d3cd5fecdfa3b525c1_f.jpg
6907859,https://recipe1.ezmember.co.kr/cache/recipe/2019/03/06/950867d0c2b5fff27c181431204dc1441_f.jpg
6929139,https://recipe1.ezmember.co.kr/cache/recipe/2020/03/23/d2cfa26920bf103691c3b82b33686f101_f.jpg
6908628,https://recipe1.ezmember.co.kr/cache/recipe/2019/03/18/78cd7f49c0c78c983e25415f2fbcec041_f.jpg
6908148,https://recipe1.ezmember.co.kr/cache/recipe/2019/03/11/b29f392a06deaa0f6cbcc860d1afa11b1_f.jpg
1816897,https://recipe1.ezmember.co.kr/cache/recipe/2015/10/21/84faffaa9afa0418e3dc2093a0b195a5_f.jpg
6881543,https://recipe1.ezmember.co.kr/cache/recipe/2017/12/29/61883bb97a6a6a824bf377ab3c55428a1_f.jpg
6877523,https://recipe1.ezmember.co.kr/cache/recipe/2017/10/07/2242287a233526aeee6c5a9d5f097f531_f.jpg
6900757,https://recipe1.ezmember.co.kr/cache/recipe/2018/11/25/115847557cfed8617855a129fc2400141_f.jpg
6885168,https://recipe1.ezmember.co.kr/cache/recipe/2018/03/09/5440c174fd346fbfeaa64d3ae49a5d981_f.jpg
6902675,https://recipe1.ezmember.co.kr/cache/recipe/2018/12/23/3c7591b2ad03d37fa4804b14571e69931_f.jpg
6916890,https://recipe1.ezmember.co.kr/cache/recipe/2019/08/04/3b766782f5970e0ee7e6ca7f11efdf261_f.jpg
6865557,https://recipe1.ezmember.co.kr/cache/recipe/2017/02/18/ebec0da4160e4be2c2433df1cfb044f41_f.jpg
6868189,https://recipe1.ezmember.co.kr/cache/recipe/2017/04/10/4ca0f4aa3de200d974a0ba761133c66e1_f.jpg
6874251,https://recipe1.ezmember.co.kr/cache/recipe/2017/08/07/c37bb368194f88d08b7ce27281029e301_f.jpg
6886753,https://recipe1.ezmember.co.kr/cache/recipe/2018/04/05/a082fbe1ffbe2542d881c464557fa87a1_f.jpg
6977759,https://recipe1.ezmember.co.kr/cache/recipe/2022/04/12/e3748acab773e30fa7ccad3c8fbd5b751_f.jpg
6932371,https://recipe1.ezmember.co.kr/cache/recipe/2020/05/09/140479698ca6ac8f6cc7929858eee0d81_f.jpg
3792813,https://recipe1.ezmember.co.kr/cache/recipe/2015/06/22/21c76a34cd3838d3a84bce80ab27d715_f.jpg
6887919,https://recipe1.ezmember.co.kr/cache/recipe/2018/04/27/c1ebabbc49653db25f6fa27dce0811691_f.jpg
6905392,https://recipe1.ezmember.co.kr/cache/recipe/2019/01/16/f494f230d6db9ae262b3a2020d8495b31_f.jpg
6921230,https://recipe1.ezmember.co.kr/cache/recipe/2019/10/26/52322a2847bb2e67aad4e784247d548e1_f.jpg
6943670,https://recipe1.ezmember.co.kr/cache/recipe/2020/10/08/5e8e0b1bf933aa2907110de0aea4c4af1_f.jpg
6071369,https://recipe1.ezmember.co.kr/cache/recipe/2015/06/01/44b94dea79b8ab867370e58e311aa1951_f.jpg
6925161,https://recipe1.ezmember.co.kr/cache/recipe/2020/01/17/27e6ba29991a3587cde8a840d7b0be5d1_f.jpg
6918185,https://recipe1.ezmember.co.kr/cache/recipe/2019/08/25/e22a4dede38b4ba823f4fb2987f475c01_f.jpg
6940891,https://recipe1.ezmember.co.kr/cache/recipe/2020/09/04/321ca635cef0b62f951821b53644c7be1_f.jpg
6546055,https://recipe1.ezmember.co.kr/cache/recipe/2015/04/04/88dee1c3665ea7786d7b3a8fb26684881_f.jpg
6919368,https://recipe1.ezmember.co.kr/cache/recipe/2019/09/18/9bedcecc0cf139639be8e968751a79c01_f.jpg
6979943,https://recipe1.ezmember.co.kr/cache/recipe/2022/05/24/b8069fd1de597b3187d7476d6ab771091_f.jpg
6939952,https://recipe1.ezmember.co.kr/cache/recipe/2020/08/24/b9b778549bdb3261c4244dca2c69403a1_f.jpg
6892106,https://recipe1.ezmember.co.kr/cache/recipe/2018/07/06/4b63a74b79e28544746de2b4b19053491_f.jpg
7053287,https://recipe1.ezmember.co.kr/cache/recipe/2025/05/21/323882e8936f8f3dd03a16f45615d7921_f.jpg
6955858,https://recipe1.ezmember.co.kr/cache/recipe/2021/03/27/cb1d8257fa0dfb8675ef55b7ede552bb1_f.jpg
6946703,https://recipe1.ezmember.co.kr/cache/recipe/2020/11/19/3b5de10975f4dffd68736e75567ae3811_f.jpg
2343178,https://recipe1.ezmember.co.kr/cache/recipe/2015/06/08/70fde5c327287abe1168cf6ec1cbe984_f.jpg
7057996,https://recipe1.ezmember.co.kr/cache/recipe/2025/07/15/f26bbd24610997f327fd287c5d42e1171_f.jpg
6991140,https://recipe1.ezmember.co.kr/cache/recipe/2022/11/06/59b915629af8a933cdaedac9e97ea8331_f.jpg
6882680,https://recipe1.ezmember.co.kr/cache/recipe/2018/01/22/de9870152842324488f266bb66692baa1_f.jpg
6843357,https://recipe1.ezmember.co.kr/cache/recipe/2016/02/20/5aec6907c37f77a7992a99b5657632811_f.jpg
6930551,https://recipe1.ezmember.co.kr/cache/recipe/2020/04/13/733d63237633fa6a3dc39a34f2d54c081_f.jpg
7009471,https://recipe1.ezmember.co.kr/cache/recipe/2023/09/07/9e133ff6862f0420d1fa8bf5914771cd1_f.jpg
6895208,https://recipe1.ezmember.co.kr/cache/recipe/2018/09/03/5a1af492386694fbdfe7e007387b84e41_f.jpg
6831467,https://recipe1.ezmember.co.kr/cache/recipe/2015/08/19/39dd5a8ac08497b5c4aea2a255def7df1_f.jpg
6967654,https://recipe1.ezmember.co.kr/cache/recipe/2021/10/27/70c4c9943b2214ec088c2f1fbef989a71_f.jpg
4745032,https://recipe1.ezmember.co.kr/cache/recipe/2015/06/08/9c0fd8f54863adaa7cbb887e9759f29c_f.jpg
6905085,https://recipe1.ezmember.co.kr/cache/recipe/2019/01/23/d0f1d168637c59c5d8c94a7124bafd461_f.jpg
6831082,https://recipe1.ezmember.co.kr/cache/recipe/2015/08/03/8b3c80be01b1d2ecbfc34e2a374143f21_f.jpg
6939355,https://recipe1.ezmember.co.kr/cache/recipe/2020/07/14/b3124ba6bab96e308ca3c7ffdd0a78d01_f.jpg
6894386,https://recipe1.ezmember.co.kr/cache/recipe/2018/08/18/7765508968c49c87e186609398a73eea1_f.jpg
7071903,https://recipe1.ezmember.co.kr/cache/recipe/2026/02/21/555cbf79c7db662bb150823842dae8c11_f.jpg
6944542,https://recipe1.ezmember.co.kr/cache/recipe/2020/10/19/2bb48a253519bb89efa48529ebab80df1_f.jpg
6922413,https://recipe1.ezmember.co.kr/cache/recipe/2019/11/17/cd8e0595d145232b17d57df2ffe1e46e1_f.jpg
7009927,https://recipe1.ezmember.co.kr/cache/recipe/2023/09/15/5884bc53ffedab06151e99abea5beb561_f.jpg
6937744,https://recipe1.ezmember.co.kr/cache/recipe/2020/07/28/f7794110823952e5fbb0c940d84e9f421_f.jpg
6875515,https://recipe1.ezmember.co.kr/cache/recipe/2017/08/28/8ec612ab317cd7707a45222346299e251_f.jpg
4076086,https://recipe1.ezmember.co.kr/cache/recipe/2015/06/08/fb584461080ab006102857d1472d9bc3_f.jpg
6869442,https://recipe1.ezmember.co.kr/cache/recipe/2017/05/08/e9fc435e842950456b22405b2089c6b11_f.jpg
6946227,https://recipe1.ezmember.co.kr/cache/recipe/2020/11/13/0b5d08ef3a42308601e141a64f2c284c1_f.jpg
6928532,https://recipe1.ezmember.co.kr/cache/recipe/2020/03/15/7b8618acb282e006b92e92f5795f69581_f.jpg
6884987,https://recipe1.ezmember.co.kr/cache/recipe/2018/03/05/95d766e5d2ab98771d30167200e1c4701_f.jpg
7012549,https://recipe1.ezmember.co.kr/cache/recipe/2023/11/01/14ac34483956e01159746720830f23851_f.jpg
6891258,https://recipe1.ezmember.co.kr/cache/recipe/2018/06/21/a2b15ccb592cdd1c0378f1c37c7625d21_f.jpg
6920026,https://recipe1.ezmember.co.kr/cache/recipe/2019/10/02/c47dcde38c87e398748dcf955fb1a9e61_f.jpg
6877057,https://recipe1.ezmember.co.kr/cache/recipe/2017/09/25/891d12b1df5fd47caa79578a075960d81_f.jpg
6880281,https://recipe1.ezmember.co.kr/cache/recipe/2017/11/30/ba125481a8d22e1a9fa6a45c12fcd3851_f.jpg
6869787,https://recipe1.ezmember.co.kr/cache/recipe/2017/05/13/bc3ce39e9ffb2bcdf57d1d9093707f6b1_f.jpg
6841634,https://recipe1.ezmember.co.kr/cache/recipe/2016/01/15/77235ccb4c515846282c7002a725ad251_f.jpg
6953290,https://recipe1.ezmember.co.kr/cache/recipe/2021/02/09/db53e45682f50d67af16f923c84799921_f.jpg
6830371,https://recipe1.ezmember.co.kr/cache/recipe/2015/07/19/471c1d04041db8735cd5196caeee44341_f.jpg
6997157,https://recipe1.ezmember.co.kr/cache/recipe/2023/01/17/ebf9578c7b1a842f659aff774a5d097a1_f.jpg
6902996,https://recipe1.ezmember.co.kr/cache/recipe/2018/12/27/71f2afeb08c14270fa836f5d3db2aa131_f.jpg
6996016,https://recipe1.ezmember.co.kr/cache/recipe/2023/01/26/7bffe57a3ecc6bdf006f6c7dd7825dcc1_f.jpg
3392979,https://recipe1.ezmember.co.kr/cache/recipe/2015/04/18/3034dbc9488b6750f80e3d875b6b5abb_f.jpg
6897707,https://recipe1.ezmember.co.kr/cache/recipe/2018/10/12/9965282c049b37f881669712ae74f8eb1_f.jpg
6857715,https://recipe1.ezmember.co.kr/cache/recipe/2016/09/30/0bbaa82cef7eb56631244364ba1d8c331_f.jpg
6878118,https://recipe1.ezmember.co.kr/cache/recipe/2017/10/18/2fe2383b56fbf6ee8faeebe7c4cdef431_f.jpg
6683742,https://recipe1.ezmember.co.kr/cache/recipe/2015/04/17/576de9df9ea9d874cba45833e0a2e36b1_f.jpg
5876978,https://recipe1.ezmember.co.kr/cache/recipe/2015/06/19/a658c7c32ca5983d8586249a2987a4da_f.jpg
6888355,https://recipe1.ezmember.co.kr/cache/recipe/2018/05/05/381889e691de0726fa8000afa7401a841_f.jpg
6833197,https://recipe1.ezmember.co.kr/cache/recipe/2015/08/31/0e0d3ab0659db18e21445198b7ebaf761_f.jpg
6897854,https://recipe1.ezmember.co.kr/cache/recipe/2018/10/14/bc9714957aaa7b23d0d6345e4b84abed1_f.jpg
7003065,https://recipe1.ezmember.co.kr/cache/recipe/2023/05/30/f7188b4dcfbb423ac8ae814e7c6812ac1_f.jpg
6927193,https://recipe1.ezmember.co.kr/cache/recipe/2020/02/24/a8a7041b0fe3e750796608a026d5ec461_f.jpg
6858790,https://recipe1.ezmember.co.kr/cache/recipe/2016/10/21/66dc78509f1852567f1cf22e2f0d38071_f.jpg
6966632,https://recipe1.ezmember.co.kr/cache/recipe/2021/10/08/d4a16553825f89f6b16253e1743105c11_f.jpg
7013378,https://recipe1.ezmember.co.kr/cache/recipe/2023/11/12/4be26e5c758906c819de5c540d5e20d21_f.jpg
6907582,https://recipe1.ezmember.co.kr/cache/recipe/2019/03/01/c26d795837e512d3292fcc63950581231_f.jpg
6904071,https://recipe1.ezmember.co.kr/cache/recipe/2019/01/11/629979fa2520a1299de710c0438bdc2d1_f.jpg
6871273,https://recipe1.ezmember.co.kr/cache/recipe/2017/03/28/bc4ba65bb9fcb6decb34116fc92834361_f.jpg
6905885,https://recipe1.ezmember.co.kr/cache/recipe/2019/02/03/2b6a6806bba2f1ba5aef0854884710f91_f.png
6854400,https://recipe1.ezmember.co.kr/cache/recipe/2016/08/10/ba1a411f70e5c9f81edd113d036a74df1_f.jpg
6865419,https://recipe1.ezmember.co.kr/cache/recipe/2017/02/17/4f20d2a3939cfc27b5ecdf4370e2ff221_f.jpg
6837456,https://recipe1.ezmember.co.kr/cache/recipe/2015/11/03/e1369ddc3b71724e7bbd125301c603e61_f.jpg
6900324,https://recipe1.ezmember.co.kr/cache/recipe/2018/11/17/68033441b950a005f5ade04915f1690e1_f.jpg
6913703,https://recipe1.ezmember.co.kr/cache/recipe/2019/06/10/90506829c5a863af8291eea780869aa41_f.jpg
6864036,https://recipe1.ezmember.co.kr/cache/recipe/2017/01/17/dd8d0d0797fbc151b943c89529e78df31_f.jpg
6848281,https://recipe1.ezmember.co.kr/cache/recipe/2016/05/17/9ae2c84088042b69f9c8120a1fa5a0581_f.jpg
6979532,https://recipe1.ezmember.co.kr/cache/recipe/2022/05/18/c6a2e31b209be4e506795c212fdc23c41_f.jpg
7007390,https://recipe1.ezmember.co.kr/cache/recipe/2023/08/05/18f30a967f62b0135abf6cb34efe4c6a1_f.jpg
6863983,https://recipe1.ezmember.co.kr/cache/recipe/2017/01/16/6edf8a2bd86bc46b1069843f41a8ace31_f.jpg
5320515,https://recipe1.ezmember.co.kr/cache/recipe/2015/04/02/68dfc9323460ef89d25d0b833aa506571_f.jpg
6870120,https://recipe1.ezmember.co.kr/cache/recipe/2017/05/22/47ce56cfe8fb1511d9e013daf07c1b921_f.jpg
6869044,https://recipe1.ezmember.co.kr/cache/recipe/2017/04/27/09281377de352fa8b8cdc038f5a653101_f.jpg
7050063,https://recipe1.ezmember.co.kr/cache/recipe/2025/04/12/fa8a7d2fcf8c89486a0c6216c8d1523f1_f.png
6831894,https://recipe1.ezmember.co.kr/cache/recipe/2015/08/15/e1ca4373cf46e4a7b2d6f445225702c91_f.jpg
6994330,https://recipe1.ezmember.co.kr/cache/recipe/2022/12/26/1a04c6cd25404b773853f5fde657cacd1_f.jpg
6954018,https://recipe1.ezmember.co.kr/cache/recipe/2021/02/05/39bae72704902d6874ef58d98ae45d721_f.jpg
6873506,https://recipe1.ezmember.co.kr/cache/recipe/2017/07/26/2f51a10c38155b6b53b6f53ff54500b51_f.jpg
6936044,https://recipe1.ezmember.co.kr/cache/recipe/2020/03/08/28f4a93061bfc2d10ba96658894704a81_f.jpg
6921038,https://recipe1.ezmember.co.kr/cache/recipe/2019/10/22/6073da84f3fbe829d47d6284266794a51_f.jpg
4272571,https://recipe1.ezmember.co.kr/cache/recipe/2015/06/25/e72da77b98d37f0edc5d1e34c35320e8_f.jpg
6878300,https://recipe1.ezmember.co.kr/cache/recipe/2017/10/21/b804af6b45c65b5b592169890c3da17a1_f.jpg
6850593,https://recipe1.ezmember.co.kr/cache/recipe/2016/06/07/5a431f083c8b5b6508514b14f28c4e4e1_f.jpg
6938063,https://recipe1.ezmember.co.kr/cache/recipe/2020/07/30/b14fbfab14f978d51e60e6da871b9daa1_f.jpg
6946388,https://recipe1.ezmember.co.kr/cache/recipe/2020/11/15/4dfb9f12cd9d3d713d122cb00c9c4fc91_f.jpg
6955197,https://recipe1.ezmember.co.kr/cache/recipe/2021/03/15/39205e9c55e70459b979d784144f7d871_f.jpg
6856673,https://recipe1.ezmember.co.kr/cache/recipe/2016/09/08/84916e7b89655237a7521d2d6b10a1581_f.jpg
6892295,https://recipe1.ezmember.co.kr/cache/recipe/2018/07/10/9ae76df5777a177cc51a5037aef1fbfc1_f.jpg
6911944,https://recipe1.ezmember.co.kr/cache/recipe/2019/05/10/5f47a21e37c28f20c5a6ca6f3e70c5df1_f.jpg
6876314,https://recipe1.ezmember.co.kr/cache/recipe/2017/09/12/9dad640aa59e4da8845a2ce81c15462e1_f.jpg
6909627,https://recipe1.ezmember.co.kr/cache/recipe/2019/04/01/a0c0693ff21c3a74df2f2a0cff77fef71_f.jpg
6927956,https://recipe1.ezmember.co.kr/cache/recipe/2020/03/07/3c7377f6b6395f29838f227a8d2c0c0b1_f.jpg
6917054,https://recipe1.ezmember.co.kr/cache/recipe/2019/08/06/027a6202d5a49e53fd33cb249abd0cae1_f.jpg
6873078,https://recipe1.ezmember.co.kr/cache/recipe/2017/07/21/636972cee26f66e1baa04114980d015f1_f.png
6834803,https://recipe1.ezmember.co.kr/cache/recipe/2015/09/21/6cac138718271e67afee7ed6c3d7309e1_f.jpg
6687462,https://recipe1.ezmember.co.kr/cache/recipe/2015/05/13/754f94e0c7e2fa1f4c11f7c0ff36d0071_f.jpg
6926265,https://recipe1.ezmember.co.kr/cache/recipe/2020/02/09/be8a31601d50c617e8bc34400b0d3c361_f.jpg
6917793,https://recipe1.ezmember.co.kr/cache/recipe/2019/08/19/2fae56883f5af1abc74f38f593fe38681_f.jpg
4090621,https://recipe1.ezmember.co.kr/cache/recipe/2015/06/24/442fa18bc1af5844b0e17a3b35698aba_f.jpg
6957465,https://recipe1.ezmember.co.kr/cache/recipe/2021/04/27/aeef1555cb5d28e07fba94ec396cd3511_f.jpg
6831973,https://recipe1.ezmember.co.kr/cache/recipe/2015/08/14/7c235edcaba1b442f56ff19ab83ce5551_f.jpg
6953128,https://recipe1.ezmember.co.kr/cache/recipe/2021/02/09/0336d1212e7a75ad68308c4d6d1200501_f.jpg
5714649,https://recipe1.ezmember.co.kr/cache/recipe/2015/04/10/f55af610a37fc7af28817df180dff2de1_f.jpg
6833046,https://recipe1.ezmember.co.kr/cache/recipe/2015/08/28/0b561f0759a98ada22c11d4f2bb1b0f31_f.jpg
6944147,https://recipe1.ezmember.co.kr/cache/recipe/2020/10/14/f999361ebfa57c012ff0f52aa1135e531_f.jpg
7072142,https://recipe1.ezmember.co.kr/cache/recipe/2026/02/25/6ed8a021e13fbaa69e6016f8f7f6a4231_f.jpg
4558955,https://recipe1.ezmember.co.kr/cache/recipe/2015/04/21/0e83fa10e3a86eaf9f2bc69452fc8ca01_f.jpg
6831161,https://recipe1.ezmember.co.kr/cache/recipe/2015/08/05/356bdbd67841a2bbe5b34ecadbfe6ff41_f.jpg
6838346,https://recipe1.ezmember.co.kr/cache/recipe/2015/11/19/4fb0f8095038d0b012560f34d09fb6fd1_f.jpg
7071387,https://recipe1.ezmember.co.kr/cache/recipe/2026/02/11/a2ebde511a9c1fe70a51c38e14c10a381_f.jpg
6871912,https://recipe1.ezmember.co.kr/cache/recipe/2017/06/28/e643ab1315aa7fd9e5497dd3bc310c2a1_f.jpg
6893834,https://recipe1.ezmember.co.kr/cache/recipe/2018/08/09/6910660132ff8bd7df955b9aba9b2c581_f.png
6994310,https://recipe1.ezmember.co.kr/cache/recipe/2025/02/02/96c2388aa5b8e663a86b0031e80d785f1_f.jpg
6775084,https://recipe1.ezmember.co.kr/cache/recipe/2015/05/18/6fc40e7115ba0b5a364b20b746aab27c1_f.jpg
4169695,https://recipe1.ezmember.co.kr/cache/recipe/2015/06/08/11095cfdff61a76fc09faf5ac9ecfb9e_f.jpg
6915143,https://recipe1.ezmember.co.kr/cache/recipe/2019/07/02/de6bdad3f121c17791c21d753ae7a6611_f.jpg
6985561,https://recipe1.ezmember.co.kr/cache/recipe/2022/08/13/3d0b669777e54d683aeaccffd81088031_f.jpg
6956937,https://recipe1.ezmember.co.kr/cache/recipe/2021/04/16/23a01cc363471471799c72a0f4724d0e1_f.jpg
7031419,https://recipe1.ezmember.co.kr/cache/recipe/2024/05/24/598c17442fee583c2cd757bbad28ffdc1_f.jpg
6869045,https://recipe1.ezmember.co.kr/cache/recipe/2017/04/27/ea248e9455e97a7ce8791bba158766001_f.jpg
6953813,https://recipe1.ezmember.co.kr/cache/recipe/2021/02/19/9793107d2a3c6879d2e992a5322c1aec1_f.jpg
6836459,https://recipe1.ezmember.co.kr/cache/recipe/2015/10/20/895c415659fff90e1f493ab1d86357731_f.jpg
6949518,https://recipe1.ezmember.co.kr/cache/recipe/2020/12/28/8e497623e6af10ff594c4e2c576342261_f.jpg
5671220,https://recipe1.ezmember.co.kr/cache/recipe/2015/04/10/91dac3442361f8af384dd2318e54a790_f.jpg
4009036,https://recipe1.ezmember.co.kr/cache/recipe/2015/04/22/933e06b89e3c0a7c5f8548c7fecbdae91_f.jpg
6970471,https://recipe1.ezmember.co.kr/cache/recipe/2021/10/07/f794e01c50848c164b5951bd70900ec61_f.jpg
6840352,https://recipe1.ezmember.co.kr/cache/recipe/2015/12/21/e27f2190dea5ab3dc2497ac29653e6b11_f.jpg
6907104,https://recipe1.ezmember.co.kr/cache/recipe/2019/02/22/f4b71248f80db43c09ce216370f531821_f.jpg
6947960,https://recipe1.ezmember.co.kr/cache/recipe/2020/12/09/e3da5808e59d774ef84c56c43a7c819f1_f.jpg
6864166,https://recipe1.ezmember.co.kr/cache/recipe/2017/01/21/97b308afd9af672f6720f1596a8ee4151_f.jpg
6945300,https://recipe1.ezmember.co.kr/cache/recipe/2020/10/30/a7fed39fc557f4a8c0c85784747f3c0f1_f.jpg
6921922,https://recipe1.ezmember.co.kr/cache/recipe/2019/11/11/5a165be9b3edefbb6b1cc614f6a2a1001_f.jpg
6847585,https://recipe1.ezmember.co.kr/cache/recipe/2016/05/07/3cc0a6669ba894849026ec3fbaa39f851_f.jpg
6860926,https://recipe1.ezmember.co.kr/cache/recipe/2016/11/17/6ba68c43ba3d19161b2d76a388e945cb1_f.jpg
6904164,https://recipe1.ezmember.co.kr/cache/recipe/2019/01/12/52d52f30fa1da4a10b7eb0fc862a79811_f.jpg
6901257,https://recipe1.ezmember.co.kr/cache/recipe/2018/12/04/b136437c4464202c2f6934126ac1c5b81_f.jpg
7015909,https://recipe1.ezmember.co.kr/cache/recipe/2023/11/28/f07d88aadcba934c22e88dfeed6166ea1_f.jpg
6936092,https://recipe1.ezmember.co.kr/cache/recipe/2020/07/09/6a82d0f6e2d8c8b3a1c56eaa4cad00881_f.jpg
6986931,https://recipe1.ezmember.co.kr/cache/recipe/2022/09/05/fc572febcc5b78e1f54176f2f9441fa11_f.jpg
6909720,https://recipe1.ezmember.co.kr/cache/recipe/2019/04/02/092983c54e93bc2cbce069f9b5de45401_f.jpg
5935131,https://recipe1.ezmember.co.kr/cache/recipe/2015/06/01/1f64bebacd0d442f8e1008630f9354141_f.jpg
6875970,https://recipe1.ezmember.co.kr/cache/recipe/2017/09/06/6e320aff9eef4b1be6d3514de91076f71_f.jpg
6960713,https://recipe1.ezmember.co.kr/cache/recipe/2021/06/25/69cee6f019e6830214561bd70a0199501_f.jpg
6909779,https://recipe1.ezmember.co.kr/cache/recipe/2019/04/03/a66760fe5685aa9ebe67bcf8884ab8411_f.jpg
6857448,https://recipe1.ezmember.co.kr/cache/recipe/2016/09/26/ea98ee93afc237de577c81c890ab3b531_f.jpg
7009534,https://recipe1.ezmember.co.kr/cache/recipe/2023/09/08/3a433ae4abf612fe34fddb877538dbf21_f.jpg
6924550,https://recipe1.ezmember.co.kr/cache/recipe/2020/01/05/1e84e61d02bf5f2b5c5696d3274b45dd1_f.jpg
6875737,https://recipe1.ezmember.co.kr/cache/recipe/2017/09/02/5236eaad9b47117c748cf2e38bcd75bc1_f.jpg
6903873,https://recipe1.ezmember.co.kr/cache/recipe/2019/01/08/57aac225913ba5d7bbc74e6d2ffc21171_f.jpg
7046514,https://recipe1.ezmember.co.kr/cache/recipe/2025/03/05/d05ee044f10db3428688f5dd55a036121_f.jpg
6946747,https://recipe1.ezmember.co.kr/cache/recipe/2020/12/02/2331d70026a605a361be05f1d577db5f1_f.jpg
6876003,https://recipe1.ezmember.co.kr/cache/recipe/2017/09/07/adba5aee566cbe5274269f203096a1121_f.jpg
6829231,https://recipe1.ezmember.co.kr/cache/recipe/2015/06/20/a26f08d6e7a6bdb39328254e41a58f501_f.jpg
6968442,https://recipe1.ezmember.co.kr/cache/recipe/2021/11/08/e9220f3678d63aeb40a8ee2580b012cb1_f.jpg
6888094,https://recipe1.ezmember.co.kr/cache/recipe/2018/04/30/57cf9630464ca3edeb2c888c85ad335c1_f.jpg
6933946,https://recipe1.ezmember.co.kr/cache/recipe/2020/06/07/9ff0d80436bec1b15a7ef1c3dd1037f51_f.jpg
6832131,https://recipe1.ezmember.co.kr/cache/recipe/2015/08/17/41c458fcf9c2a440c6cb740069c35eb11_f.jpg
6831489,https://recipe1.ezmember.co.kr/cache/recipe/2015/08/10/cbd1995718932800489a5276f477cadb1_f.jpg
6858509,https://recipe1.ezmember.co.kr/cache/recipe/2016/10/17/356d8c9ba6d2e291403870cb86358bc71_f.jpg
6854092,https://recipe1.ezmember.co.kr/cache/recipe/2016/07/28/aee36e5889ed3522b065dee864b7b01d1_f.jpg
6830094,https://recipe1.ezmember.co.kr/cache/recipe/2015/07/13/eb89df4b8e10028a96956e0973cda6e61_f.jpg
7075346,https://recipe1.ezmember.co.kr/cache/recipe/2026/04/27/8152b1c244510f6352abf627ffd034c21_f.jpg
1695023,https://recipe1.ezmember.co.kr/cache/recipe/2015/08/26/0369d40957d8f8e6b5df6f24a28927c2_f.jpg
6907017,https://recipe1.ezmember.co.kr/cache/recipe/2019/02/20/70a58251cc572971159fff2327a250df1_f.jpg
6913435,https://recipe1.ezmember.co.kr/cache/recipe/2019/06/10/dba8ba5355e784b8506435d080c5ab181_f.png
6906499,https://recipe1.ezmember.co.kr/cache/recipe/2019/02/13/083bd4e816b70e03b7cdadb93d0c7cbc1_f.jpg
6872157,https://recipe1.ezmember.co.kr/cache/recipe/2017/07/03/78efb0b798c92ec61bb0838e9905cd1c1_f.jpg
6950312,https://recipe1.ezmember.co.kr/cache/recipe/2021/01/07/c8b887cf4baf85da1cf5e60fe72811f21_f.jpg
6917212,https://recipe1.ezmember.co.kr/cache/recipe/2019/08/09/ef40d5c0d05faea26c6409ba7ea0496b1_f.png
6832706,https://recipe1.ezmember.co.kr/cache/recipe/2015/08/24/63ddcf2ad7ecd2c50a83c18194c853051_f.jpg
7009891,https://recipe1.ezmember.co.kr/cache/recipe/2023/09/14/3e500ee6a536eb79a0f7015a35f4b0351_f.jpg
6920367,https://recipe1.ezmember.co.kr/cache/recipe/2019/10/09/a06cc5cca5b2da1178842f15bf0aee551_f.jpg
6906481,https://recipe1.ezmember.co.kr/cache/recipe/2019/02/13/e7af62bacbaa53fc2b34c93f24f812421_f.jpg
6949700,https://recipe1.ezmember.co.kr/cache/recipe/2020/12/31/2c74f512d720d6367b810eb196aba3351_f.jpg
6902061,https://recipe1.ezmember.co.kr/cache/recipe/2018/12/15/0ce14504071e6cf9ac9a41d16061d5f91_f.jpg
6858603,https://recipe1.ezmember.co.kr/cache/recipe/2016/10/18/45528a40a4fee9ff1659be3dcea14a9c1_f.jpg
6963306,https://recipe1.ezmember.co.kr/cache/recipe/2021/08/14/2daaf74e08bf44e972b102f2cf3c2c131_f.jpg
6826538,https://recipe1.ezmember.co.kr/cache/recipe/2015/06/10/5fa04c61e4dab6a2228296f307985e811_f.jpg
6971818,https://recipe1.ezmember.co.kr/cache/recipe/2021/12/30/e4833d19ad64edb5cbf6974d8f7d77191_f.jpg
7066974,https://recipe1.ezmember.co.kr/cache/recipe/2025/11/25/d6edcdeaa6744861e1c1f5392c6b4d921_f.jpg
6912229,https://recipe1.ezmember.co.kr/cache/recipe/2019/05/15/af4479e59af17c79a45fc2234a46822e1_f.jpg
6840284,https://recipe1.ezmember.co.kr/cache/recipe/2015/12/21/37ec34f6f315e0060c8fea2e4cee792b1_f.jpg
6950867,https://recipe1.ezmember.co.kr/cache/recipe/2021/01/13/a26865862f252c1cc95273928128875c1_f.jpg
6959757,https://recipe1.ezmember.co.kr/cache/recipe/2021/06/07/ac198f78310336222f7dcc8ee36369561_f.jpg
6884636,https://recipe1.ezmember.co.kr/cache/recipe/2018/02/27/b5806f01ccb6f6d5d9aa94bdd6f4287e1_f.jpg
5552273,https://recipe1.ezmember.co.kr/cache/recipe/2015/04/02/d526b7b29d9892f19d6774865cd9ff031_f.JPG
6893873,https://recipe1.ezmember.co.kr/cache/recipe/2018/08/09/8ed775563570af9db8a2d3f4f5c549e61_f.png
6830203,https://recipe1.ezmember.co.kr/cache/recipe/2015/07/13/80110b2eee2bd0942eeb76ef705d780a1_f.jpg
6953708,https://recipe1.ezmember.co.kr/cache/recipe/2021/02/18/34a6fd3699aaba9761add972defb2ecf1_f.jpg
6891344,https://recipe1.ezmember.co.kr/cache/recipe/2018/06/22/3d3490acbc5845aede3f05879f73896a1_f.jpg
4746544,https://recipe1.ezmember.co.kr/cache/recipe/2015/05/26/959a84b4a58e2d094ef82d5057217f0c1_f.jpg
6891265,https://recipe1.ezmember.co.kr/cache/recipe/2018/06/20/8d5ce7ce9a8111daaaf9019bfec9ccb11_f.jpg
6853771,https://recipe1.ezmember.co.kr/cache/recipe/2016/07/31/c483ba92d5f3413054a76291f6e641511_f.jpg
6989049,https://recipe1.ezmember.co.kr/cache/recipe/2022/10/10/6f66900785e0d47b437d07484ec626481_f.jpg
2001746,https://recipe1.ezmember.co.kr/cache/recipe/2015/08/20/edfa881cfc39169ef4db8b6ee1e1a18a_f.jpg
6968212,https://recipe1.ezmember.co.kr/cache/recipe/2021/11/05/de76bbfb0c4a51cedf425a51145003621_f.jpg
6885319,https://recipe1.ezmember.co.kr/cache/recipe/2018/03/12/e174f9ff098dba3fa27f7ab5d66eede41_f.jpg
6879276,https://recipe1.ezmember.co.kr/cache/recipe/2017/11/08/8ab89a901cd822a02da633704d619a691_f.jpg
6907188,https://recipe1.ezmember.co.kr/cache/recipe/2019/02/23/e88dceaa7601092e5d9acabc413ad0791_f.jpg
6863220,https://recipe1.ezmember.co.kr/cache/recipe/2016/12/28/1ced4154c61d0be7f40b86a4d78755a31_f.jpg
5111912,https://recipe1.ezmember.co.kr/cache/recipe/2015/06/15/f7144fc6a5020bec0c082a62c076c814_f.jpg
6898536,https://recipe1.ezmember.co.kr/cache/recipe/2018/10/24/3d8003079d899863d1892ca3dccf8dc01_f.jpg
6873623,https://recipe1.ezmember.co.kr/cache/recipe/2017/07/27/0d2a2d1206d7829639c3b514e720bae71_f.jpg
6830145,https://recipe1.ezmember.co.kr/cache/recipe/2015/07/13/3472eb9b32e8843a3d1b18fc54e310381_f.jpg
6890771,https://recipe1.ezmember.co.kr/cache/recipe/2018/06/12/aeb6294ae241534d038d1dbc3ff901cb1_f.jpg
6893850,https://recipe1.ezmember.co.kr/cache/recipe/2018/08/09/54ca4ffed2dcf842fbd57fe7fa23b78d1_f.jpg
5661042,https://recipe1.ezmember.co.kr/cache/recipe/2015/08/07/84e7479e5a237fef1bfc06cabde4433b1_f.jpg
7065676,https://recipe1.ezmember.co.kr/cache/recipe/2025/10/14/a7341ab9d75fbccc14fe9709b174aa061_f.jpg
6872780,https://recipe1.ezmember.co.kr/cache/recipe/2017/07/15/c5efa88d667ad954df18e8de614fa66c1_f.jpg
6919734,https://recipe1.ezmember.co.kr/cache/recipe/2019/09/27/eea8a55a17c689e910a5550a98d1cefc1_f.jpg
7017772,https://recipe1.ezmember.co.kr/cache/recipe/2024/01/05/e41d7ff53a16278368b9ea8cf185f72c1_f.jpg
6882090,https://recipe1.ezmember.co.kr/cache/recipe/2018/01/10/4c841094d74bb756f20f260fd562c6631_f.jpg
6971532,https://recipe1.ezmember.co.kr/cache/recipe/2021/12/24/0b069edbf7f1b791724833a5398a934d1_f.jpg
6966659,https://recipe1.ezmember.co.kr/cache/recipe/2021/10/09/a2859fab5acc672a46deea0a7a6485621_f.jpg
6904983,https://recipe1.ezmember.co.kr/cache/recipe/2019/01/22/2be152dd02b8c5a62e505611dd91d4a31_f.jpg
6929127,https://recipe1.ezmember.co.kr/cache/recipe/2020/03/23/ac49fb2380ba494865776e5dd83f99841_f.jpg
6929433,https://recipe1.ezmember.co.kr/cache/recipe/2020/03/27/e202995ab093b09b895ab2695a0d3e7e1_f.jpg
7031141,https://recipe1.ezmember.co.kr/cache/recipe/2024/07/24/72f89c37929505e2f116af38660eeab91_f.jpg
6877410,https://recipe1.ezmember.co.kr/cache/recipe/2017/10/02/d6c155f64cb8f39226a7e64af3aea5581_f.jpg
4090308,https://recipe1.ezmember.co.kr/cache/recipe/2015/06/26/a25bd9782e7a3aadd34c7f2ce66d8b0d_f.jpg
6962024,https://recipe1.ezmember.co.kr/cache/recipe/2021/07/20/6fec326178acc9a870c7867a1c0bc7bb1_f.jpg
6850354,https://recipe1.ezmember.co.kr/cache/recipe/2016/06/02/0f29ec64ed1c8eadaa7b8b0c3af6878b1_f.jpg
4025460,https://recipe1.ezmember.co.kr/cache/recipe/2015/06/22/69292373c3297ff2b07af35cf50b86c7_f.jpg
6897988,https://recipe1.ezmember.co.kr/cache/recipe/2018/10/16/6c2bc1d76e393c444adc5bd86d6ecbb71_f.jpg
6889806,https://recipe1.ezmember.co.kr/cache/recipe/2018/05/29/c451e105b221308b0f9784d5263454081_f.jpg
6918724,https://recipe1.ezmember.co.kr/cache/recipe/2019/08/28/03eabc4aabe5a5652ef61fd7ac3415911_f.jpg
6880195,https://recipe1.ezmember.co.kr/cache/recipe/2017/11/28/416106892584c206d72e82ad12e9ae081_f.jpg
6905804,https://recipe1.ezmember.co.kr/cache/recipe/2019/02/02/c4b0bf65ef6c172358f9de8fcd41f5b21_f.jpg
6888239,https://recipe1.ezmember.co.kr/cache/recipe/2018/05/03/96b2413b7729ed792cf4773b542f95871_f.jpg
6987720,https://recipe1.ezmember.co.kr/cache/recipe/2022/09/19/b3d45391069d70b6d65f153c85e32f161_f.jpg
6879279,https://recipe1.ezmember.co.kr/cache/recipe/2017/11/08/452ecc9ec686a2ad1a098ffc056875861_f.jpg
6732457,https://recipe1.ezmember.co.kr/cache/recipe/2015/04/28/b1a02f8e5f0f59f8027fc197a38309371_f.jpg
6869244,https://recipe1.ezmember.co.kr/cache/recipe/2017/05/03/bbcf6e9bf53fe86be0e8ec2e5e55e60b1_f.jpg
6941133,https://recipe1.ezmember.co.kr/cache/recipe/2020/09/07/f6a961fc0da7cd8d77db962e197b79e01_f.jpg
6965001,https://recipe1.ezmember.co.kr/cache/recipe/2021/09/11/e92fe0b0dfbdd043d3a397f4cc36ba2a1_f.jpg
6847772,https://recipe1.ezmember.co.kr/cache/recipe/2016/05/08/103b357e3ff2d603ae6b1862c71c1c441_f.jpg
6766806,https://recipe1.ezmember.co.kr/cache/recipe/2015/05/13/c0d8b1257cc031fb5050d037601cefae1_f.jpg
6907719,https://recipe1.ezmember.co.kr/cache/recipe/2019/03/04/63c3b7430f0e7f6dda360ab81b8f5ecd1_f.jpg
6832017,https://recipe1.ezmember.co.kr/cache/recipe/2015/08/15/09c68ab5c82469097fe2ec91e5eebb211_f.jpg
6883022,https://recipe1.ezmember.co.kr/cache/recipe/2018/01/29/450c38e229b72b2d844f31f9480cecee1_f.jpg
6903647,https://recipe1.ezmember.co.kr/cache/recipe/2019/01/05/ac952f34d0b9a91c960290bf9f07512d1_f.jpg
6889879,https://recipe1.ezmember.co.kr/cache/recipe/2018/05/30/6d52271b644bdd451508c9b15e9f0b181_f.jpg
6948814,https://recipe1.ezmember.co.kr/cache/recipe/2020/12/19/c49cba3a16e9b055e6be466b81745d2b1_f.jpg
4015873,https://recipe1.ezmember.co.kr/cache/recipe/2015/06/08/98d54327dbeea8c4c2ab3c33dec6d81a_f.jpg
6928526,https://recipe1.ezmember.co.kr/cache/recipe/2020/03/15/69d6aad95e8382a8a5a7dfc491d6f9341_f.jpg
3752156,https://recipe1.ezmember.co.kr/cache/recipe/2015/04/21/c0699e654695dcf1304424a117ed31941_f.jpg
6935091,https://recipe1.ezmember.co.kr/cache/recipe/2020/06/26/3f2330b99d9d1fd08223fde232b54a4f1_f.jpg
6924954,https://recipe1.ezmember.co.kr/cache/recipe/2020/01/14/ccb930191ccc53781305965d918800771_f.jpg
6971236,https://recipe1.ezmember.co.kr/cache/recipe/2021/12/20/dc0958062be158e9e7df72b6b64f01c91_f.jpg
6901518,https://recipe1.ezmember.co.kr/cache/recipe/2018/12/07/710f0e3425288a4ebf083a49a7d37be01_f.jpg
6927423,https://recipe1.ezmember.co.kr/cache/recipe/2020/02/28/ee07e2a4aab6a4f2a592a7e36ee755c61_f.jpg
6873108,https://recipe1.ezmember.co.kr/cache/recipe/2017/07/21/8152582a37148277e5eba783519467d21_f.jpg
4025350,https://recipe1.ezmember.co.kr/cache/recipe/2015/08/04/8aee0144c3e0cfd9cf8374b4eb2edac41_f.jpg
6935237,https://recipe1.ezmember.co.kr/cache/recipe/2020/06/28/40b957be28c48ad366b575d8b52026281_f.jpg
6833929,https://recipe1.ezmember.co.kr/cache/recipe/2015/09/09/fddc2f1b10567db245ee55dd75525fc81_f.jpg
4519676,https://recipe1.ezmember.co.kr/cache/recipe/2015/06/08/3c035872f30fa12ca191718125b889cb_f.jpg
6851761,https://recipe1.ezmember.co.kr/cache/recipe/2016/06/28/31d296fe5c05224882a090ac5044fece1_f.jpg
6841718,https://recipe1.ezmember.co.kr/cache/recipe/2018/07/18/a6b422f02dd842131835a016417b42851_f.jpg
5487349,https://recipe1.ezmember.co.kr/cache/recipe/2015/03/25/48aab5b8ce8520a5ea5cd11c65d98d821_f.jpg
6900197,https://recipe1.ezmember.co.kr/cache/recipe/2018/11/15/d60d6eacf1fd65ede0287218a10f23541_f.jpg
4305344,https://recipe1.ezmember.co.kr/cache/recipe/2015/04/21/75d555d15b9feadc1a3c7d5e86ec46fd1_f.jpg
7020918,https://recipe1.ezmember.co.kr/cache/recipe/2024/02/27/fd20a0de1c63db8ee15d2b92825bb59e1_f.jpg
6909682,https://recipe1.ezmember.co.kr/cache/recipe/2019/04/02/a69bc2d8463c74efc202876badd6ceb91_f.jpg
6886831,https://recipe1.ezmember.co.kr/cache/recipe/2018/04/06/0c180a3518568f8af538f41c21cdaaef1_f.jpg
6897234,https://recipe1.ezmember.co.kr/cache/recipe/2018/10/06/fed662db75e606061766585f7d4d9c2c1_f.jpg
6877740,https://recipe1.ezmember.co.kr/cache/recipe/2017/10/12/04a2631b3d5e901981fb062edb995c741_f.jpg
6842706,https://recipe1.ezmember.co.kr/cache/recipe/2016/02/06/84e11e420e913c4f6dcf4765afe0cee01_f.jpg
6904877,https://recipe1.ezmember.co.kr/cache/recipe/2019/01/20/1926a3d63e5200191188b94b3f75ee0c1_f.jpg
6888700,https://recipe1.ezmember.co.kr/cache/recipe/2018/05/10/f09aac9f9aebf5b6bebc2362c0de368e1_f.png
6857183,https://recipe1.ezmember.co.kr/cache/recipe/2016/09/20/160c6cc9f8af3e2f5a92c7d02bee8f3a1_f.jpg
6902200,https://recipe1.ezmember.co.kr/cache/recipe/2018/12/17/1c05f71f1de3187f291a3b2d7b99c0ac1_f.jpg
7007482,https://recipe1.ezmember.co.kr/cache/recipe/2023/08/05/a0b3fb5d80dd33019c0592ba420107781_f.jpg
6893856,https://recipe1.ezmember.co.kr/cache/recipe/2018/08/09/1f643805c2d5ee11783e1645efc9c8161_f.jpg
6945316,https://recipe1.ezmember.co.kr/cache/recipe/2020/10/30/4c977a5c23f0210939f6e2adc0c237d11_f.jpg
6941807,https://recipe1.ezmember.co.kr/cache/recipe/2020/09/14/7ef7d65d1aeebfc5dcfec5dd56b56c5a1_f.jpg
6943724,https://recipe1.ezmember.co.kr/cache/recipe/2020/10/09/02d5e9e3352f57d80cd010f9d5fde5531_f.jpg
6974670,https://recipe1.ezmember.co.kr/cache/recipe/2022/02/16/64ee417447bbc8d86d73dd8d883734f31_f.jpg
6884675,https://recipe1.ezmember.co.kr/cache/recipe/2018/02/28/a4daed8e20e7c330774813a244e9cbb71_f.jpg
6911118,https://recipe1.ezmember.co.kr/cache/recipe/2019/04/25/2ceed1499f21c0026ac4a0e4878da2c41_f.jpg
6839062,https://recipe1.ezmember.co.kr/cache/recipe/2015/12/02/ff54cf2b1e3b192b589bf6a4b0a1569b1_f.jpg
6856771,https://recipe1.ezmember.co.kr/cache/recipe/2016/09/09/cec036d675d58fe2e06d6e8979226de41_f.jpg
6904973,https://recipe1.ezmember.co.kr/cache/recipe/2019/01/22/6a244a3d7364e69c807215d6b325a31d1_f.jpg
6986595,https://recipe1.ezmember.co.kr/cache/recipe/2022/08/31/d23451b664505e9c793e1a3f4d8aa8401_f.jpg
7001986,https://recipe1.ezmember.co.kr/cache/recipe/2023/05/10/cd8282871082ae62663deccf8fc75b1a1_f.jpg
6960173,https://recipe1.ezmember.co.kr/cache/recipe/2021/06/14/64ba7d3ea4b006da400f2728cebfbabc1_f.jpg
6932098,https://recipe1.ezmember.co.kr/cache/recipe/2020/05/05/4c1e0236cdf538556dc7d3283a37105f1_f.jpg
6892441,https://recipe1.ezmember.co.kr/cache/recipe/2018/07/12/75041a488e967df6bc782553f98742c61_f.jpg
3646410,https://recipe1.ezmember.co.kr/cache/recipe/2015/07/06/9938773e109404f474aa546a4c458c6f_f.jpg
6845183,https://recipe1.ezmember.co.kr/cache/recipe/2016/03/23/3618cd966a7f707814853a9d1bf7dc3f1_f.jpg
2637829,https://recipe1.ezmember.co.kr/cache/recipe/2015/06/08/d589233e3b051290bf358b7d90ce01ba_f.jpg
7002503,https://recipe1.ezmember.co.kr/cache/recipe/2023/05/19/e779af79fa7b137bebc0653621d0a2111_f.jpg
6996745,https://recipe1.ezmember.co.kr/cache/recipe/2023/02/09/cf776b3fac6a286f1aa123959dafa00f1_f.jpg
6872261,https://recipe1.ezmember.co.kr/cache/recipe/2017/07/05/8f5b5273d41bf5ba1eeff7febb77cd791_f.jpg
7023099,https://recipe1.ezmember.co.kr/cache/recipe/2024/03/28/b10e7bc1de9e5c0e1333c4357717a9851_f.jpg
6923002,https://recipe1.ezmember.co.kr/cache/recipe/2019/12/03/356a44c215c1b4bc75c3631a5a910a9a1_f.jpg
6861845,https://recipe1.ezmember.co.kr/cache/recipe/2016/11/29/d6495c7861e3f3b27fec8c5a2d6666301_f.jpg
6911543,https://recipe1.ezmember.co.kr/cache/recipe/2019/05/02/968ff29297d5ec0e1466a52a466f707b1_f.jpg
6904640,https://recipe1.ezmember.co.kr/cache/recipe/2019/01/17/1350dd2141f70fbe10994c8c065963fc1_f.jpg
6839917,https://recipe1.ezmember.co.kr/cache/recipe/2015/12/11/171c7e8b66ec61fa14a177fe344342a61_f.jpg
6925602,https://recipe1.ezmember.co.kr/cache/recipe/2020/01/28/82b43f5c7cfd053fa996d536244cc7e81_f.jpg
6904192,https://recipe1.ezmember.co.kr/cache/recipe/2019/01/12/70d44de6cd7b8eb43647ab6c31c34b4f1_f.jpg
7066450,https://recipe1.ezmember.co.kr/cache/recipe/2025/11/14/3784c726a98b6dcf59a2e2f9086b06211_f.jpg
6901019,https://recipe1.ezmember.co.kr/cache/recipe/2018/11/29/c8ed574f66ad63e8ad5a78fcc21aebf41_f.jpg
7007864,https://recipe1.ezmember.co.kr/cache/recipe/2023/08/11/c5dd70c20ac2a0bea6a7eb30e10d32ae1_f.jpg
6923183,https://recipe1.ezmember.co.kr/cache/recipe/2019/12/07/f9469b6b9b7bce8183b7ec31e0ec00491_f.jpg
7008308,https://recipe1.ezmember.co.kr/cache/recipe/2023/08/17/6b623ac81ed58536239bfa0286e6b3d41_f.jpg
6908333,https://recipe1.ezmember.co.kr/cache/recipe/2019/03/13/f5e194bce03d416aaff6219428af83cc1_f.jpg
6869622,https://recipe1.ezmember.co.kr/cache/recipe/2017/05/08/ca3ecf8b8b98652ec652d2913e8ec8501_f.jpg
6977039,https://recipe1.ezmember.co.kr/cache/recipe/2022/03/31/8cb470d5ca1557a08b9b5e663777bc5e1_f.jpg
6890225,https://recipe1.ezmember.co.kr/cache/recipe/2018/06/04/46a7a562168914707c4f1a33ec6b4e681_f.jpg
6844439,https://recipe1.ezmember.co.kr/cache/recipe/2016/03/12/f105b0bf90b32a71d8cda2550b633d7c1_f.jpg
6844659,https://recipe1.ezmember.co.kr/cache/recipe/2016/03/14/c6d362c64e2f477ec7416d4d22e13e6d1_f.jpg
6900912,https://recipe1.ezmember.co.kr/cache/recipe/2018/11/27/9f2e15f37d6c64c51be60d6ac866123c1_f.JPG
6763729,https://recipe1.ezmember.co.kr/cache/recipe/2015/05/12/4b8f1b74b43af97a7838d7c686ace5481_f.jpg
7018820,https://recipe1.ezmember.co.kr/cache/recipe/2024/01/24/00c61ce51161488d697c06627e87221a1_f.jpg
6866556,https://recipe1.ezmember.co.kr/cache/recipe/2017/03/09/8247433eb5776610248ebcf44291652d1_f.jpg
6992206,https://recipe1.ezmember.co.kr/cache/recipe/2022/11/18/76eef34b21a7872c6a46d44c1fdc3dd21_f.jpg
6888158,https://recipe1.ezmember.co.kr/cache/recipe/2018/05/01/a2beb4463313327abd99162f4be30eb01_f.jpg
6910876,https://recipe1.ezmember.co.kr/cache/recipe/2019/04/21/0472e0870a4c1e229ab7e01476823c4f1_f.jpg
6867266,https://recipe1.ezmember.co.kr/cache/recipe/2017/03/23/17caa4470c12340fa1e152ad1f4c1b951_f.jpg
6954985,https://recipe1.ezmember.co.kr/cache/recipe/2021/03/11/55bf9cba8782d2a2d5beb797b6392fbb1_f.jpg
6947701,https://recipe1.ezmember.co.kr/cache/recipe/2020/12/06/c011c382223bf632a97daf78ab0124e91_f.jpg
6943579,https://recipe1.ezmember.co.kr/cache/recipe/2020/10/07/0f5457dceab91ba05263e2d13e12ca091_f.jpg
6882310,https://recipe1.ezmember.co.kr/cache/recipe/2018/01/14/3be7c362c466403e0fa40bfa5bc326f71_f.jpg
6949224,https://recipe1.ezmember.co.kr/cache/recipe/2020/12/25/1b4d0c570d56c0b2d8aec6d40895ada01_f.jpg
6956357,https://recipe1.ezmember.co.kr/cache/recipe/2021/04/06/5ee4aaa45704d94d3690641b99539f5c1_f.jpg
6920066,https://recipe1.ezmember.co.kr/cache/recipe/2019/10/03/56ea42c0cf03cd8a9395c22fde24b34f1_f.jpg
6873389,https://recipe1.ezmember.co.kr/cache/recipe/2017/07/25/0ecc4f7257449d60ed94fc1568ecf11c1_f.png
6890756,https://recipe1.ezmember.co.kr/cache/recipe/2018/06/12/968b6b6432a1a1f6b49b6595ef3369591_f.jpg
6906127,https://recipe1.ezmember.co.kr/cache/recipe/2019/02/08/f5a02d55b36aca1f78e9e009ed5d77661_f.jpg
6895838,https://recipe1.ezmember.co.kr/cache/recipe/2018/09/14/17e4f9ff84b62353f4311ffe452f5d131_f.jpg
6874250,https://recipe1.ezmember.co.kr/cache/recipe/2017/08/07/51191779df145ea4a3f77ad736d78f831_f.jpg
6767310,https://recipe1.ezmember.co.kr/cache/recipe/2015/05/13/61717c11e45cfd766e2926f47932fa0a1_f.jpg
6873238,https://recipe1.ezmember.co.kr/cache/recipe/2017/07/20/69f5648f3398c429cc8d333fb3f6d7c51_f.jpg
6925529,https://recipe1.ezmember.co.kr/cache/recipe/2020/01/25/a193fa1eddb90a2d1b2eb985d3df24471_f.jpg
6948792,https://recipe1.ezmember.co.kr/cache/recipe/2020/12/19/87c4219f570b100d4848f036bc6de16b1_f.png
6841877,https://recipe1.ezmember.co.kr/cache/recipe/2016/01/19/e41b6902374220d8f6f86972e247bdef1_f.jpg
6850951,https://recipe1.ezmember.co.kr/cache/recipe/2016/06/14/5a2c0cd50aa38b52eeb9041ff2dabcde1_f.jpg
6941898,https://recipe1.ezmember.co.kr/cache/recipe/2020/09/15/103e96fb3dfdcc2be972b0c435284c8a1_f.jpg
7067884,https://recipe1.ezmember.co.kr/cache/recipe/2025/12/09/c6883b37e72bf2a20cb8cae3ec381eb21_f.jpg
6869401,https://recipe1.ezmember.co.kr/cache/recipe/2017/05/07/c5e61efed8a949ed963d70bbd0eb6e5f1_f.jpg
6943641,https://recipe1.ezmember.co.kr/cache/recipe/2020/10/08/9b525bbe042046b531cab8024f7b983b1_f.jpg
6852559,https://recipe1.ezmember.co.kr/cache/recipe/2016/07/12/d49cf3e5ea9fdd7ddf774658a38e9fb11_f.jpg
6862253,https://recipe1.ezmember.co.kr/cache/recipe/2016/12/06/9251f46cedd808e0bc9096f9a29f7d931_f.jpg
6829100,https://recipe1.ezmember.co.kr/cache/recipe/2015/06/17/a7a828eb4beae7b8e8588ac562c5b23e1_f.jpg
6947833,https://recipe1.ezmember.co.kr/cache/recipe/2020/12/08/5889a8b58ef7d40d7c47f0d88734b32d1_f.jpg
6885803,https://recipe1.ezmember.co.kr/cache/recipe/2018/03/13/29d055852c0b012689e4c6c1128edb2b1_f.png
7060194,https://recipe1.ezmember.co.kr/cache/recipe/2025/08/09/c328fcea45e0630f6491847f0e730f321_f.jpg
6962700,https://recipe1.ezmember.co.kr/cache/recipe/2021/08/03/774a97397e2ad38d98965264327cce781_f.jpg
6919799,https://recipe1.ezmember.co.kr/cache/recipe/2019/09/28/0dd9776a7770f1c19cdcbc73ea389cbd1_f.jpg
6893374,https://recipe1.ezmember.co.kr/cache/recipe/2018/07/31/56d471ee063b7d25714f380b8605bed81_f.jpg
6910696,https://recipe1.ezmember.co.kr/cache/recipe/2019/04/17/9542e7dcfe0b2a2a56b057e26abdb6621_f.jpg
6886350,https://recipe1.ezmember.co.kr/cache/recipe/2018/03/29/31c51a853aa2af3898ee3600ba0949021_f.jpg
6919151,https://recipe1.ezmember.co.kr/cache/recipe/2019/09/15/0f0d2485115cd831524c74daa086dc231_f.jpg
6894184,https://recipe1.ezmember.co.kr/cache/recipe/2018/08/14/27b96301ff5fc3c2e8e4a4e009af681d1_f.jpg
6943962,https://recipe1.ezmember.co.kr/cache/recipe/2020/10/07/29f31943ddc4d6e634409f9ededd34981_f.jpg
6877654,https://recipe1.ezmember.co.kr/cache/recipe/2017/10/10/48575ca371e01efe2aeee890b191b78b1_f.jpg
6929520,https://recipe1.ezmember.co.kr/cache/recipe/2020/03/29/ba8195b926e6d9b8c4d4c7e5e852e8fb1_f.jpg
6909231,https://recipe1.ezmember.co.kr/cache/recipe/2019/03/26/d5f9e12bcb9479020292508f2d4e7c4c1_f.jpg
6893878,https://recipe1.ezmember.co.kr/cache/recipe/2018/08/09/8613eed02e908d31927a59bc01e62e5d1_f.jpg
6838616,https://recipe1.ezmember.co.kr/cache/recipe/2015/11/23/d4a0cb5b9aaf56c34d09c9ff88d768e91_f.jpg
6978490,https://recipe1.ezmember.co.kr/cache/recipe/2022/04/28/6dbdf66893e1ff6b664cfd58630549a81_f.jpg
6798597,https://recipe1.ezmember.co.kr/cache/recipe/2015/05/28/5081be8cbdfeef1e25cc25b1b81a8c221_f.jpg
6868042,https://recipe1.ezmember.co.kr/cache/recipe/2017/04/07/7022a4c4ad86c248cfb53c95c8f69e861_f.jpg
6839246,https://recipe1.ezmember.co.kr/cache/recipe/2015/12/06/93d70ae188cb4e12cc0faa5ce1b97ee51_f.jpg
6957065,https://recipe1.ezmember.co.kr/cache/recipe/2021/04/19/8315ef7b36b3c6bd74ca14d9025edb3a1_f.jpg
6862737,https://recipe1.ezmember.co.kr/cache/recipe/2016/12/16/3faa6194fab9dae0ce71baed29b46f9f1_f.jpg
7068091,https://recipe1.ezmember.co.kr/cache/recipe/2025/12/13/a9cf06543b450df45cc6f752c07b240a1_f.jpg
6953403,https://recipe1.ezmember.co.kr/cache/recipe/2021/02/14/8b2e9b0d614763f3dc3250b02a249e811_f.jpg
6888631,https://recipe1.ezmember.co.kr/cache/recipe/2018/05/10/65507121440b4467fed7720d1f4bf7641_f.jpg
6835206,https://recipe1.ezmember.co.kr/cache/recipe/2015/09/28/6a2ecfee44dbe249de2052bab04d74f61_f.jpg
6924996,https://recipe1.ezmember.co.kr/cache/recipe/2020/01/14/85f17c95ccd57a48321cff68a022378d1_f.jpg
7026491,https://recipe1.ezmember.co.kr/cache/recipe/2024/05/17/fc1867ce851966e7e699a287aa74a7341_f.jpg
7052675,https://recipe1.ezmember.co.kr/cache/recipe/2025/05/14/3e74a4462bb9148247a680d2776c205a1_f.jpg
6410789,https://recipe1.ezmember.co.kr/cache/recipe/2015/04/04/5652c59464880cf663abafd5b1c409ec1_f.jpg
6912603,https://recipe1.ezmember.co.kr/cache/recipe/2019/05/17/055beb392ae692c2a0bac4e39c1e87e31_f.jpg
6926412,https://recipe1.ezmember.co.kr/cache/recipe/2020/02/11/35cad66358a7b7540fb9ea2ef084e2dc1_f.jpg
3623037,https://recipe1.ezmember.co.kr/cache/recipe/2015/06/08/92981ef0ba5774a847345cfd835781bc_f.jpg
6926264,https://recipe1.ezmember.co.kr/cache/recipe/2020/02/09/b0ad67d5e0d35e254db58f0b3019b8821_f.jpg
6873094,https://recipe1.ezmember.co.kr/cache/recipe/2017/07/20/b9d5fc5c8c444d2b579dfc74078ba4141_f.jpg
7054217,https://recipe1.ezmember.co.kr/cache/recipe/2025/06/01/face989c4e7391807e58abcf9bf969ef1_f.jpg
6912794,https://recipe1.ezmember.co.kr/cache/recipe/2019/05/27/d40f0b9e46943c7a89d66feeed57d29f1_f.jpg
6917559,https://recipe1.ezmember.co.kr/cache/recipe/2019/08/16/9ff6cd2832a3150cf6a2fe6f3012342d1_f.jpg
6951887,https://recipe1.ezmember.co.kr/cache/recipe/2021/01/24/37d7ee15a236fdbc85b3fd3ef6aec43a1_f.jpg
6949376,https://recipe1.ezmember.co.kr/cache/recipe/2020/12/27/42f68478574f830a7a13ff1782b0b9811_f.jpg
6936951,https://recipe1.ezmember.co.kr/cache/recipe/2020/07/17/20e7c8d57f8382d9d264d54be43ab82f1_f.jpg
6873866,https://recipe1.ezmember.co.kr/cache/recipe/2017/07/31/6d902da4f2b3a5ef5359236b72762aa51_f.jpg
6840457,https://recipe1.ezmember.co.kr/cache/recipe/2015/12/22/b9d12a6b38d8ec16805d116517208ce01_f.jpg
6958325,https://recipe1.ezmember.co.kr/cache/recipe/2021/05/13/90f108ee4cdb2c964c4559fa541324711_f.jpg
6868726,https://recipe1.ezmember.co.kr/cache/recipe/2017/04/20/ab732be71f12f8bba33ebaa4175ee6351_f.jpg
6967706,https://recipe1.ezmember.co.kr/cache/recipe/2021/10/28/ceb7a903c13d85beb1a2250da3bbb8ce1_f.jpg
6918980,https://recipe1.ezmember.co.kr/cache/recipe/2019/09/10/a55597bd2a958d92eb75dcdf6eda4cb51_f.jpg
6928170,https://recipe1.ezmember.co.kr/cache/recipe/2020/03/10/0b4f4d61a873a93b408fa3caea96d3c51_f.jpg
6884858,https://recipe1.ezmember.co.kr/cache/recipe/2018/03/03/04a899b2ce1b548a2a34accdfae6ed531_f.jpg
4008934,https://recipe1.ezmember.co.kr/cache/recipe/2015/06/08/74c6890e6aa60eb0a1cc65b06988487a_f.jpg
6933019,https://recipe1.ezmember.co.kr/cache/recipe/2020/05/20/20eb5a9c2f3dba259bb415ce2fbc2dad1_f.jpg
6830888,https://recipe1.ezmember.co.kr/cache/recipe/2015/07/31/4154a631d1282b0c8a18fbc8fae920091_f.jpg
6901041,https://recipe1.ezmember.co.kr/cache/recipe/2018/11/30/537edfdab943a67cbd001b5513c02de01_f.jpg
6992245,https://recipe1.ezmember.co.kr/cache/recipe/2022/11/18/6f9718bd69af4fac2bd3cf0ebab4d8541_f.jpg
6871212,https://recipe1.ezmember.co.kr/cache/recipe/2017/06/14/215366edf2fe8d591c0de61f288836ff1_f.jpg
6911448,https://recipe1.ezmember.co.kr/cache/recipe/2019/05/01/f30c7aece2baebfb9e8800f43dc95a351_f.jpg
6866190,https://recipe1.ezmember.co.kr/cache/recipe/2017/03/03/1940fd5d83faa2bfc062b218cfa751371_f.jpg
7046276,https://recipe1.ezmember.co.kr/cache/recipe/2025/02/28/0bd9cc9cfc799ad918c79fa14bb448f71_f.jpg
6915575,https://recipe1.ezmember.co.kr/cache/recipe/2019/07/10/8f7c6867a3bc8e0f72af3e8889bb1d501_f.jpg
6947083,https://recipe1.ezmember.co.kr/cache/recipe/2020/11/27/2c7dd011f60ad789cf4d8d6355ac28231_f.jpg
1475206,https://recipe1.ezmember.co.kr/cache/recipe/2015/10/16/f8c01f8e1938972802b138122824451b_f.jpg
6883789,https://recipe1.ezmember.co.kr/cache/recipe/2018/02/11/f58d0ed1457e55c747326b8e3bf87bfa1_f.jpg
6969539,https://recipe1.ezmember.co.kr/cache/recipe/2021/11/23/0fa53f460af40790d4311f5b1521890c1_f.jpg
6803637,https://recipe1.ezmember.co.kr/cache/recipe/2015/05/30/52385aa209ef5c3c576d29dc41e4ee561_f.JPG
2529380,https://recipe1.ezmember.co.kr/cache/recipe/2015/06/08/2fc39c942e011c586a067e9590d1b448_f.jpg
6830364,https://recipe1.ezmember.co.kr/cache/recipe/2015/07/18/d07f096af79b655ac2efd6ee0f44a0801_f.jpg
6907597,https://recipe1.ezmember.co.kr/cache/recipe/2019/03/02/73464d1cb47a3223e9fd478b2152542e1_f.jpg
6828969,https://recipe1.ezmember.co.kr/cache/recipe/2015/06/16/e96efadd871388ad06be76624f78ccae1_f.jpg
6907939,https://recipe1.ezmember.co.kr/cache/recipe/2019/03/07/4dc10cbbc8350c189ca0b74d3c51573e1_f.jpg
6888666,https://recipe1.ezmember.co.kr/cache/recipe/2018/05/11/282fc2d92da5bdc08cf469502e5f94611_f.jpg
6900406,https://recipe1.ezmember.co.kr/cache/recipe/2018/11/19/6fa904407fa5934808646d4bb691315c1_f.jpg
6955823,https://recipe1.ezmember.co.kr/cache/recipe/2021/03/26/bf4aaabbf709bf9b975920012d42cd3c1_f.jpg
6894810,https://recipe1.ezmember.co.kr/cache/recipe/2018/08/26/f61cd7bf021776fab68e6c1841d0019d1_f.jpg
6919666,https://recipe1.ezmember.co.kr/cache/recipe/2019/09/25/af2f4bf7fca31ada0fac421ab9a1da441_f.jpg
6923418,https://recipe1.ezmember.co.kr/cache/recipe/2019/12/12/bc0eae10dfd90e66ff535de26ea121031_f.jpg
6949419,https://recipe1.ezmember.co.kr/cache/recipe/2020/12/27/2f2f2f78527f17942f5d30d1849938b01_f.jpg
7055441,https://recipe1.ezmember.co.kr/cache/recipe/2025/06/09/9bf9347b48135e56f4564ff29b7e6b4d1_f.jpg
6982538,https://recipe1.ezmember.co.kr/cache/recipe/2022/06/30/d7e2f6558f73e3c993a9405d8d9aa1c01_f.jpg
6937521,https://recipe1.ezmember.co.kr/cache/recipe/2020/07/25/f3aa56f7a5e30eee2c9196b3eb07818c1_f.jpg
6862451,https://recipe1.ezmember.co.kr/cache/recipe/2016/09/14/6f825ccb9aa931dce006e1009a73d1e41_f.jpg
6943626,https://recipe1.ezmember.co.kr/cache/recipe/2020/10/07/d58610909d380c8668680f50bab884af1_f.jpg
6861088,https://recipe1.ezmember.co.kr/cache/recipe/2016/11/18/cff0ce8219ea35a217ca01d64c2d25841_f.jpg
6873468,https://recipe1.ezmember.co.kr/cache/recipe/2017/07/26/472248c67835c21bb502719ac67ce4351_f.jpg
6932310,https://recipe1.ezmember.co.kr/cache/recipe/2020/05/08/78bc168489c4507aa97a89aa7fa9bfd41_f.jpg
7072677,https://recipe1.ezmember.co.kr/cache/recipe/2026/03/06/bdd6f1e34e9be7e623d6d270154c4f6a1_f.jpg
7036022,https://recipe1.ezmember.co.kr/cache/recipe/2024/09/18/543b068d2f72943bc3254079e943dd4e1_f.jpg
6933297,https://recipe1.ezmember.co.kr/cache/recipe/2020/05/24/c2b44ef8c8e25381921138ac1924ddaf1_f.jpg
6870887,https://recipe1.ezmember.co.kr/cache/recipe/2017/06/07/d703cf6f31f38331fe55bc78437f75b31_f.png
6837215,https://recipe1.ezmember.co.kr/cache/recipe/2015/10/30/0eeadf7b58cec04816e6d21c4938d2eb1_f.jpg
6930934,https://recipe1.ezmember.co.kr/cache/recipe/2020/04/17/646bd0e6f56eec648b06a357b9d0e55f1_f.jpg
4080008,https://recipe1.ezmember.co.kr/cache/recipe/2015/06/08/af44da07b499b00f91223239adbeeeab_f.jpg
6882840,https://recipe1.ezmember.co.kr/cache/recipe/2018/01/25/f4e25f6610b66dc61541ba23b5687a141_f.jpg
7063909,https://recipe1.ezmember.co.kr/cache/recipe/2025/10/03/d695d4d7dfdbfa34b47a4c6ed1c33bfe1_f.jpg
4165089,https://recipe1.ezmember.co.kr/cache/recipe/2015/03/27/4a01792c6481f9a2fbd9435d798ca5131_f.jpg
6934702,https://recipe1.ezmember.co.kr/cache/recipe/2020/06/22/1bc10991807a9a18c9d31d0519c713e41_f.jpg
6894673,https://recipe1.ezmember.co.kr/cache/recipe/2018/08/24/383484f38ef46beee88e9e738df394441_f.jpg
6868439,https://recipe1.ezmember.co.kr/cache/recipe/2017/04/11/ca2408ff4bf68aaf5824440f78ed618a1_f.jpg
4939567,https://recipe1.ezmember.co.kr/cache/recipe/2015/04/21/31742e759aa0c3475fa3ce58966be0071_f.jpg
6890435,https://recipe1.ezmember.co.kr/cache/recipe/2018/06/07/f900ee777b31d0e73d35fcf48bd57bc21_f.jpg
6847441,https://recipe1.ezmember.co.kr/cache/recipe/2016/05/02/6faeb97c726f7f353b24aaff5029c1491_f.jpg
6960430,https://recipe1.ezmember.co.kr/cache/recipe/2021/06/22/494cd0692d72d2c2865fc2b1dd5c70f11_f.jpg
6864005,https://recipe1.ezmember.co.kr/cache/recipe/2017/01/17/9f069bab600874298c1f0cad93f8a6e41_f.jpg
6904415,https://recipe1.ezmember.co.kr/cache/recipe/2019/01/15/677c20774c24402e4141e5cb0de7ce991_f.jpg
6996063,https://recipe1.ezmember.co.kr/cache/recipe/2023/01/27/fa7da7d5c5ac13770bf4663f493bd02d1_f.jpg
6997791,https://recipe1.ezmember.co.kr/cache/recipe/2023/02/27/c5696d2fc293acee4c3de747ce0ccdd01_f.jpg
6925187,https://recipe1.ezmember.co.kr/cache/recipe/2020/01/18/639759a825fde3c054a51f8c289128731_f.jpg
7032092,https://recipe1.ezmember.co.kr/cache/recipe/2024/08/08/0dad21cc74403713d822d948014069401_f.jpg
6923572,https://recipe1.ezmember.co.kr/cache/recipe/2019/12/08/560b1c36606ceeb7553a914b67b40f111_f.jpg
6953937,https://recipe1.ezmember.co.kr/cache/recipe/2021/02/21/0f2547de434f626ed76f93943c40433f1_f.jpg
6948169,https://recipe1.ezmember.co.kr/cache/recipe/2020/12/11/a3067e50f075ce3945cf6e1a3c7de0b91_f.jpg
6832508,https://recipe1.ezmember.co.kr/cache/recipe/2015/08/22/cefdbadb80b95343774a9d6ec106534b1_f.jpg
6973006,https://recipe1.ezmember.co.kr/cache/recipe/2022/01/18/dc4721ab9be141d7934d6a230fe767e11_f.jpg
6904791,https://recipe1.ezmember.co.kr/cache/recipe/2018/12/19/7180b05e8c5fc918cd192307fc3ad65e1_f.jpg
6872906,https://recipe1.ezmember.co.kr/cache/recipe/2017/07/18/8ef2583f7a88ffb9a38bafd45e658ea41_f.jpg
6873096,https://recipe1.ezmember.co.kr/cache/recipe/2017/07/20/32699ba52cca082d651e2398fde101a31_f.jpg
6945631,https://recipe1.ezmember.co.kr/cache/recipe/2020/11/04/f6f4dd9c7a30eee4d8a98f070452874b1_f.jpg
6926376,https://recipe1.ezmember.co.kr/cache/recipe/2020/02/11/47fb29bcd92d0dc6be00df239cc099411_f.jpg
6917051,https://recipe1.ezmember.co.kr/cache/recipe/2019/08/06/93011083f3e336c4e1d561fa79fa1d6d1_f.jpg
6885656,https://recipe1.ezmember.co.kr/cache/recipe/2018/03/18/4db95734006c6c7198115988b8e9cb081_f.jpg
7011324,https://recipe1.ezmember.co.kr/cache/recipe/2023/10/10/f5d71e951bdb304af46c79828ccdd8fe1_f.jpg
6847445,https://recipe1.ezmember.co.kr/cache/recipe/2016/05/02/98c2f977e6eb6a1379ff04b383d245c91_f.jpg
6832027,https://recipe1.ezmember.co.kr/cache/recipe/2015/08/15/ecf1c532fa56622b330b4229c2667f5b1_f.jpg
6950261,https://recipe1.ezmember.co.kr/cache/recipe/2021/01/06/82772f75d7f6354913c2cd3db8c2607d1_f.jpg
6685538,https://recipe1.ezmember.co.kr/cache/recipe/2015/04/17/df73f5e282c26eb1970132c1364ba3971_f.jpg
6998727,https://recipe1.ezmember.co.kr/cache/recipe/2023/03/12/0a26880b100dfaf60c84d9c931f94eee1_f.jpg
7073280,https://recipe1.ezmember.co.kr/cache/recipe/2026/03/19/9f1493c12c2bdb289a791ba2131f619d1_f.png
6902374,https://recipe1.ezmember.co.kr/cache/recipe/2018/12/19/04b0603aa4020a7d2b0a6612015edcc81_f.jpg
6934547,https://recipe1.ezmember.co.kr/cache/recipe/2020/06/18/151aed0bc6274d89e9a89f1ddc5f5b4d1_f.jpg
6908697,https://recipe1.ezmember.co.kr/cache/recipe/2019/03/19/3e6a5adab7f0bf0544d63ec793e4e39c1_f.jpg
6829851,https://recipe1.ezmember.co.kr/cache/recipe/2015/07/06/c8d4025fa606a07d373b0740209b4bc91_f.jpg
6941973,https://recipe1.ezmember.co.kr/cache/recipe/2020/09/16/50ac03b3d94ed894ca7c034ba86368031_f.jpg
6884592,https://recipe1.ezmember.co.kr/cache/recipe/2018/02/26/679c820cc26e5bcefcfa912d90b71fff1_f.jpg
7066702,https://recipe1.ezmember.co.kr/cache/recipe/2025/11/15/f7ac2d3dbad44375920942fb973b75a91_f.jpg
6994550,https://recipe1.ezmember.co.kr/cache/recipe/2022/12/30/dc28f93fde230661465cca77ceab2c811_f.jpg
6869241,https://recipe1.ezmember.co.kr/cache/recipe/2017/05/03/5d20a30aae554644c99fdea95120aa821_f.jpg
6880443,https://recipe1.ezmember.co.kr/cache/recipe/2017/12/04/215e689ea29f8f848500e3ca11c962d11_f.jpg
6896987,https://recipe1.ezmember.co.kr/cache/recipe/2018/10/03/48be85ac268ac51420bb448b64c8368d1_f.jpg
6903821,https://recipe1.ezmember.co.kr/cache/recipe/2019/01/08/5a836346947e61be2db18596ef954c671_f.jpg
6935118,https://recipe1.ezmember.co.kr/cache/recipe/2020/06/26/850c1a21a26332fce0da0fb557b496301_f.jpg
6926146,https://recipe1.ezmember.co.kr/cache/recipe/2020/02/07/f79cc4a00f91f902975f148888a071cf1_f.jpg
6865740,https://recipe1.ezmember.co.kr/cache/recipe/2017/02/23/38733f04126dd606a36d363790685fe21_f.jpg
7025527,https://recipe1.ezmember.co.kr/cache/recipe/2024/05/01/62b94b6a67c87cf76b544ac07b3a1b131_f.jpg
6884285,https://recipe1.ezmember.co.kr/cache/recipe/2018/02/21/7c37b000cf5f6650e097766414687b691_f.jpg
6932956,https://recipe1.ezmember.co.kr/cache/recipe/2020/05/19/ee4db60d184b59a886eab470f8fbc9e41_f.jpg
6996572,https://recipe1.ezmember.co.kr/cache/recipe/2023/02/07/c14f01b118ca80b76c0cc7c21a541d041_f.jpg
6919617,https://recipe1.ezmember.co.kr/cache/recipe/2019/09/24/b531daca2310c05e642ce40a9e4009341_f.jpg
6985951,https://recipe1.ezmember.co.kr/cache/recipe/2022/08/19/ed3b99d6a34c3596f8219c7d77624a321_f.jpg
7039986,https://recipe1.ezmember.co.kr/cache/recipe/2024/12/03/3756567dc18d19a28c37f9f1774b3df31_f.jpg
6841296,https://recipe1.ezmember.co.kr/cache/recipe/2016/01/08/bbfbe8675164b3a167228283b8c7e8e81_f.jpg
7006317,https://recipe1.ezmember.co.kr/cache/recipe/2023/07/17/37d66b1e0fea770d0b628f81cd49117e1_f.jpg
6905699,https://recipe1.ezmember.co.kr/cache/recipe/2019/01/31/7d489c858b7573c9805d16f9fb1bd55d1_f.jpg
6841539,https://recipe1.ezmember.co.kr/cache/recipe/2016/01/04/95da3fe6f63857d028cd21cec24ef4ab1_f.jpg
4079897,https://recipe1.ezmember.co.kr/cache/recipe/2015/09/02/e272fcd97519062a7d92d329d2a99f8f1_f.jpg
6895563,https://recipe1.ezmember.co.kr/cache/recipe/2018/09/10/15b75148b7124a2e1f809ff80d60d6f71_f.jpg
6877345,https://recipe1.ezmember.co.kr/cache/recipe/2017/09/29/740d62153afee9beb355157df4d4d5591_f.jpg
6880778,https://recipe1.ezmember.co.kr/cache/recipe/2017/12/11/b51cc07f2e898cdaf63abfe19d3d026d1_f.jpg
6864080,https://recipe1.ezmember.co.kr/cache/recipe/2017/01/18/adaeb834ecb3d7e77867c7370236a4341_f.jpg
6907438,https://recipe1.ezmember.co.kr/cache/recipe/2019/02/28/ee339ba93f5727093cf0558217a8da4a1_f.jpg
6870216,https://recipe1.ezmember.co.kr/cache/recipe/2017/05/23/9d2204d934e9b43877bbda37751e8c1c1_f.jpg
6019115,https://recipe1.ezmember.co.kr/cache/recipe/2015/06/01/718e64a6225ac14feaa31a3ddfe552471_f.jpg
6943633,https://recipe1.ezmember.co.kr/cache/recipe/2020/10/07/1ee9c6551c78aebd0b08cb8e6c9fd58f1_f.jpg
6970148,https://recipe1.ezmember.co.kr/cache/recipe/2021/12/03/5140f2a790cdb032219a905162b2483f1_f.jpg
6950005,https://recipe1.ezmember.co.kr/cache/recipe/2021/01/04/87906b9f62e392b2b21d8f68bc02ca3e1_f.jpg
6981303,https://recipe1.ezmember.co.kr/cache/recipe/2022/06/14/c608e71fd274890e235bd7de63f514cc1_f.jpg
6879900,https://recipe1.ezmember.co.kr/cache/recipe/2017/11/21/e166b6cc66d9189ee43cc5acafc176841_f.jpg
6832958,https://recipe1.ezmember.co.kr/cache/recipe/2015/08/28/332d4abad0163bd707bda163ea78ee1a1_f.jpg
6874747,https://recipe1.ezmember.co.kr/cache/recipe/2017/08/15/4d741fdcd75335f6a39098f508cc540c1_f.jpg
6912906,https://recipe1.ezmember.co.kr/cache/recipe/2019/05/29/de45de7e725e0a685e14ce8bfef6ba611_f.jpg
6919702,https://recipe1.ezmember.co.kr/cache/recipe/2019/11/16/9fb734388eb0c600d99307f21584ecbf1_f.png
6912983,https://recipe1.ezmember.co.kr/cache/recipe/2019/05/31/f86cc181a7735d48240d2cabd74d766c1_f.jpg
5947073,https://recipe1.ezmember.co.kr/cache/recipe/2015/04/10/baf2bc291d06b8603e36d97bb12facee1_f.jpg
6888612,https://recipe1.ezmember.co.kr/cache/recipe/2018/05/10/b171d33b216364c3a45c7acad18cf6eb1_f.jpg
6881189,https://recipe1.ezmember.co.kr/cache/recipe/2017/12/21/58cc7b919554546886999a80f8f18e941_f.jpg
7065494,https://recipe1.ezmember.co.kr/cache/recipe/2025/10/31/c96d81b034e887fdad990a26b6b759351_f.jpg
6868148,https://recipe1.ezmember.co.kr/cache/recipe/2017/04/09/63d6ea499c32d17462ee55d5c877cfe51_f.jpg
6837239,https://recipe1.ezmember.co.kr/cache/recipe/2015/10/31/b1884bda785a70ecdeaba24102e4335d1_f.jpg
5614132,https://recipe1.ezmember.co.kr/cache/recipe/2015/06/08/260f097fb36192f9c11dfcc2fce1d4cd_f.jpg
6887584,https://recipe1.ezmember.co.kr/cache/recipe/2018/04/19/765a9653099536950f02b8774e4e14831_f.jpg
6843005,https://recipe1.ezmember.co.kr/cache/recipe/2016/02/14/0f38500937ac15c85ed74810185f08a71_f.jpg
6839709,https://recipe1.ezmember.co.kr/cache/recipe/2015/12/11/507754d0f0c1fba566d23b428ba289631_f.jpg
6916978,https://recipe1.ezmember.co.kr/cache/recipe/2019/08/05/e3fc845c4e1abb8ac0ecd8e0b3eb26af1_f.jpg
7011067,https://recipe1.ezmember.co.kr/cache/recipe/2023/10/05/6f080a967f7f0d9290ba8df767db03f11_f.jpg
6839407,https://recipe1.ezmember.co.kr/cache/recipe/2015/12/08/59e56c1214dde8eb5913f94b7b80e3b21_f.jpg
6918262,https://recipe1.ezmember.co.kr/cache/recipe/2019/08/27/bfbe41b6337887d1c37adf4971405e8b1_f.jpg
7048307,https://recipe1.ezmember.co.kr/cache/recipe/2025/03/24/e25bb3665b5516668d8ace7712abbb961_f.jpg
6985696,https://recipe1.ezmember.co.kr/cache/recipe/2022/08/15/7a246c1ba06c2d770de520cc1e58caeb1_f.jpg
6918312,https://recipe1.ezmember.co.kr/cache/recipe/2019/08/27/0e2a1a20f1a03fc03caef7133636cbd01_f.jpg
6930608,https://recipe1.ezmember.co.kr/cache/recipe/2020/04/13/55f0f147167eab038fc0912913c510611_f.jpg
6912671,https://recipe1.ezmember.co.kr/cache/recipe/2019/05/22/3c4295ecd147187ee4464c1f0486abb11_f.jpg
6935793,https://recipe1.ezmember.co.kr/cache/recipe/2020/07/05/140c3efea42576c93883bd87b73347891_f.jpg
6922218,https://recipe1.ezmember.co.kr/cache/recipe/2019/11/15/721749ae9976f231ac3083f0e9a178691_f.jpg
6974932,https://recipe1.ezmember.co.kr/cache/recipe/2022/02/21/1b8c5a2aa426bc41d261ca80b13ece741_f.jpg
6867806,https://recipe1.ezmember.co.kr/cache/recipe/2017/04/02/4e980e15eaeafc3068721d0ec587b8ea1_f.jpg
6654995,https://recipe1.ezmember.co.kr/cache/recipe/2015/04/01/5c2765ac98388d59c25e481f3a5b24e81_f.jpg
6971382,https://recipe1.ezmember.co.kr/cache/recipe/2021/12/22/7f8ba047caeaca292a70ad94e389f0cb1_f.jpg
6920680,https://recipe1.ezmember.co.kr/cache/recipe/2019/10/15/a5c7365343dbb792b5075f64272516521_f.jpg
6885408,https://recipe1.ezmember.co.kr/cache/recipe/2018/03/12/e1d5ada8a0811b2f4b306d87bb599ad51_f.jpg
6839284,https://recipe1.ezmember.co.kr/cache/recipe/2015/12/07/e3804bdbbf876d8d42992e9b078844e01_f.jpg
6903787,https://recipe1.ezmember.co.kr/cache/recipe/2019/01/02/16c0696adcf7ddb4cb037c73b004518a1_f.jpg
6986700,https://recipe1.ezmember.co.kr/cache/recipe/2022/09/01/e34517f87ba3009ae07c4cebc14d57a41_f.jpg
6961964,https://recipe1.ezmember.co.kr/cache/recipe/2021/07/19/ca44fed099417cb772de1bd17de9f0ab1_f.jpg
6914931,https://recipe1.ezmember.co.kr/cache/recipe/2019/06/29/55becdd3db27820264e86d584d57f6141_f.jpg
6895269,https://recipe1.ezmember.co.kr/cache/recipe/2018/09/04/ca89cb3c21dadf0ddefd5c5bbbce9acb1_f.jpg
6955132,https://recipe1.ezmember.co.kr/cache/recipe/2021/03/13/ebdb14e0b98aeb81124565adf2e7cef81_f.jpg
6890838,https://recipe1.ezmember.co.kr/cache/recipe/2018/06/13/0e14923ba74f0e1a8462c51c955d5b0b1_f.jpg
6930158,https://recipe1.ezmember.co.kr/cache/recipe/2020/04/07/9b71e6de30873a1927860a34a1aa701e1_f.jpg
4533304,https://recipe1.ezmember.co.kr/cache/recipe/2015/06/08/d12c37b0779f4bb29cde8e67d08af6a2_f.jpg
6828904,https://recipe1.ezmember.co.kr/cache/recipe/2015/06/13/6525ce6703447c581bf189c1ec4afd4d1_f.jpg
6970052,https://recipe1.ezmember.co.kr/cache/recipe/2021/11/23/d8af8f00c582b331c852266c4a14c7451_f.jpg
6882092,https://recipe1.ezmember.co.kr/cache/recipe/2018/01/10/6215739fe7dc1dbf86f946a7cde581251_f.jpg
6923874,https://recipe1.ezmember.co.kr/cache/recipe/2019/12/21/4324fc1d187bd5415ba5e357d19275211_f.jpg
6954779,https://recipe1.ezmember.co.kr/cache/recipe/2021/03/08/d9fc1ca729839447bd9723719f8023cd1_f.jpg
6934616,https://recipe1.ezmember.co.kr/cache/recipe/2020/06/19/549f7f06c3c94fda78a6732c8c625da21_f.jpg
6905873,https://recipe1.ezmember.co.kr/cache/recipe/2019/02/03/a6949b6b666fef7c8c40bbd023037eb01_f.jpg
7037313,https://recipe1.ezmember.co.kr/cache/recipe/2024/10/28/f8971f3a82ab3611b3357eb327918cb31_f.jpg
6841272,https://recipe1.ezmember.co.kr/cache/recipe/2016/01/08/26f42f426af7ceb38ba0cf1367b3c3d21_f.jpg
6968882,https://recipe1.ezmember.co.kr/cache/recipe/2021/11/14/42873554c6d5e39f54f40e097d50f35b1_f.jpg
6911134,https://recipe1.ezmember.co.kr/cache/recipe/2019/04/25/e1c8dc7103eb1eff107c81b63880e02b1_f.jpg
3844526,https://recipe1.ezmember.co.kr/cache/recipe/2015/08/06/3de91c88111d4ff40fde10a26c6921661_f.jpg
6921375,https://recipe1.ezmember.co.kr/cache/recipe/2019/10/29/f1f7797fb998376540d6d042289d92271_f.jpg
6887578,https://recipe1.ezmember.co.kr/cache/recipe/2018/04/19/795f3308f603876bf9789521ea7e91421_f.jpg
6886853,https://recipe1.ezmember.co.kr/cache/recipe/2018/04/07/ed32fe6abcd66c40bfc4230cfd4195901_f.jpg
6928087,https://recipe1.ezmember.co.kr/cache/recipe/2020/03/09/f40d776a122417dabb248a9499669e651_f.jpg
7072521,https://recipe1.ezmember.co.kr/cache/recipe/2026/03/03/d75039c059b2d222145d035a0f74b0ed1_f.jpg
6879134,https://recipe1.ezmember.co.kr/cache/recipe/2017/11/06/eb9c530b5e00dbb9a04c8fd89fad55ad1_f.jpg
6899806,https://recipe1.ezmember.co.kr/cache/recipe/2018/11/09/a6c60904919209f97b95aab22784312e1_f.jpg
6833387,https://recipe1.ezmember.co.kr/cache/recipe/2015/09/02/40c56596a6e3b5f0935f996790ecf1831_f.jpg
6845456,https://recipe1.ezmember.co.kr/cache/recipe/2016/03/27/1ff72f93bd98d3d6c005c68554470c2d1_f.jpg
6916738,https://recipe1.ezmember.co.kr/cache/recipe/2019/07/26/67142689f3e1b7476b48d3557c4b81cc1_f.jpg
6622184,https://recipe1.ezmember.co.kr/cache/recipe/2015/05/26/231386344a9da7a697abcb9f97c096581_f.jpg
7005061,https://recipe1.ezmember.co.kr/cache/recipe/2023/06/30/5fbdc41fb9d42f2857928ebabff293f91_f.jpg
6956312,https://recipe1.ezmember.co.kr/cache/recipe/2021/04/05/59aac50f163a56d8e9632b94b3db0a901_f.jpg
6982483,https://recipe1.ezmember.co.kr/cache/recipe/2022/06/29/5952617a28a120fb7025b6dd2a0d18331_f.jpg
7066564,https://recipe1.ezmember.co.kr/cache/recipe/2025/11/18/c4cb37e307c22d317eeda9a4adbae8fa1_f.jpg
6893339,https://recipe1.ezmember.co.kr/cache/recipe/2018/07/30/31b5b048e0f07f22c1a3ddc2c628be7a1_f.png
6863772,https://recipe1.ezmember.co.kr/cache/recipe/2017/01/10/4dff15d2cdc7f2a3e14daee6d53bec361_f.jpg
6951705,https://recipe1.ezmember.co.kr/cache/recipe/2021/01/21/71007d9ed984f05ce766d1a7b2a0c9f61_f.jpg
6835859,https://recipe1.ezmember.co.kr/cache/recipe/2015/10/08/853f2b87d6d99180bede269b8871252e1_f.jpg
6890781,https://recipe1.ezmember.co.kr/cache/recipe/2018/06/12/f84574d11a8cc392e5f5e231cdd83e7b1_f.jpg
6948626,https://recipe1.ezmember.co.kr/cache/recipe/2020/12/16/6840fbf2d4623751ae68e872cfc4ab391_f.jpg
6932109,https://recipe1.ezmember.co.kr/cache/recipe/2020/05/04/4379008fd849fcc5ecdcfab13effdba71_f.jpg
6856247,https://recipe1.ezmember.co.kr/cache/recipe/2016/08/31/ef921949a5338f3e10c363fea75ed4541_f.jpg
6934591,https://recipe1.ezmember.co.kr/cache/recipe/2020/06/18/7fd03dcf8891c5b1408936f92f63cb881_f.jpg
6948992,https://recipe1.ezmember.co.kr/cache/recipe/2020/12/22/f92aaf55213a860fe97f7acb9c963ebf1_f.jpg
7020609,https://recipe1.ezmember.co.kr/cache/recipe/2024/02/23/d91013ed7c1c281873b9fe8b97ba4f3b1_f.jpg
7060105,https://recipe1.ezmember.co.kr/cache/recipe/2025/08/09/97c404d6308b588b922a0a0033fe9d941_f.jpg
6962720,https://recipe1.ezmember.co.kr/cache/recipe/2021/08/04/170849af034e92f235ab3194d53363451_f.jpg
6958532,https://recipe1.ezmember.co.kr/cache/recipe/2021/05/17/0e52fee01f3c1e53434fc8cc144022ad1_f.jpg
6900251,https://recipe1.ezmember.co.kr/cache/recipe/2018/11/16/d1d7f1eb7e58050473d1b77dcc4b12bb1_f.jpg
6874760,https://recipe1.ezmember.co.kr/cache/recipe/2017/08/15/01c8912a84a201597445e78c74c66b351_f.jpg
6922195,https://recipe1.ezmember.co.kr/cache/recipe/2019/11/15/7c1454da8cdebaffae492b1ebcc35f421_f.jpg
6864041,https://recipe1.ezmember.co.kr/cache/recipe/2017/01/18/2bfae97290ccbe7dbd14a934166503dc1_f.jpg
6920025,https://recipe1.ezmember.co.kr/cache/recipe/2019/10/02/da691a098def3a3f24c1485b9e242f1d1_f.jpg
6900843,https://recipe1.ezmember.co.kr/cache/recipe/2018/11/26/40fc8ccab140ac46cd2cd28b2388c27d1_f.jpg
6849877,https://recipe1.ezmember.co.kr/cache/recipe/2016/05/24/87973a836874c38645d0971a6bc2872a1_f.jpg
4218904,https://recipe1.ezmember.co.kr/cache/recipe/2015/06/08/d65284a4cb79559ab15250629f109915_f.jpg
6931202,https://recipe1.ezmember.co.kr/cache/recipe/2020/04/21/40241f13942872665c732d0e2a0668221_f.jpg
6879639,https://recipe1.ezmember.co.kr/cache/recipe/2017/11/16/63cdd2b176bfa566ca7efa6f7a3614c81_f.jpg
2677759,https://recipe1.ezmember.co.kr/cache/recipe/2015/06/08/7c7d55e42e3712d838047dacd5e2a087_f.jpg
6888322,https://recipe1.ezmember.co.kr/cache/recipe/2018/05/04/b0afe58f08699bc1fa391811be48f5301_f.jpg
6893233,https://recipe1.ezmember.co.kr/cache/recipe/2018/07/25/9c4e0aba6932d0e141fb1d45e8bdfb931_f.jpg
6833385,https://recipe1.ezmember.co.kr/cache/recipe/2015/09/02/3b7403d5753d53f145538aeeae1371c81_f.jpg
6873133,https://recipe1.ezmember.co.kr/cache/recipe/2017/07/21/3608519cd7d70fff4a55a8195280f4bf1_f.jpg
6844346,https://recipe1.ezmember.co.kr/cache/recipe/2016/03/09/d6d43a7dc13a1c16266f9d6a837961891_f.jpg
6941714,https://recipe1.ezmember.co.kr/cache/recipe/2020/09/13/f71396eb7022ba0b61f19ba3ed378fef1_f.jpg
6887877,https://recipe1.ezmember.co.kr/cache/recipe/2018/04/26/ec0941824411d4e26d6bb5643b81af131_f.jpg
7068321,https://recipe1.ezmember.co.kr/cache/recipe/2025/12/17/a7821ec0a64fff02a39a207ddc3a8a1b1_f.jpg
6957784,https://recipe1.ezmember.co.kr/cache/recipe/2021/05/04/ac7ef42da8373e3b80a80986daf10fd71_f.jpg
6941857,https://recipe1.ezmember.co.kr/cache/recipe/2020/09/15/e1b93db1ef849fca6b9c1fa7edf595351_f.jpg
3720795,https://recipe1.ezmember.co.kr/cache/recipe/2015/07/07/5c51ea388a2869dbd9021b69308e3d52_f.jpg
6856360,https://recipe1.ezmember.co.kr/cache/recipe/2016/09/02/fe4ce3a75fa215c7eee7eff2054353b61_f.jpg
6896230,https://recipe1.ezmember.co.kr/cache/recipe/2018/09/20/07826177ad396e6eb184638b32c8ef681_f.jpg
6837978,https://recipe1.ezmember.co.kr/cache/recipe/2015/11/12/574f0208b90dcaea5c715e05884ecc931_f.jpg
6900516,https://recipe1.ezmember.co.kr/cache/recipe/2018/11/21/f42a641919ecade1b0567018d854e4b61_f.jpg
6921723,https://recipe1.ezmember.co.kr/cache/recipe/2019/11/06/ebf744a4cdc65a3dccbca4c6260285c21_f.jpg
6954716,https://recipe1.ezmember.co.kr/cache/recipe/2021/03/07/a30fb7363009a3aa0b61ef46b2accade1_f.jpg
6898446,https://recipe1.ezmember.co.kr/cache/recipe/2018/10/22/7464626f78c19f6e5db0830b7a4be2881_f.jpg
6903555,https://recipe1.ezmember.co.kr/cache/recipe/2019/01/04/590d2296110d6033a6a6d15a8c7e68b91_f.jpg
6893503,https://recipe1.ezmember.co.kr/cache/recipe/2018/08/02/b29881cb70a30d5e5ffb4ee72e44a79c1_f.jpg
6954665,https://recipe1.ezmember.co.kr/cache/recipe/2021/03/06/6792b79e083ffaae88a1f921d33b8fda1_f.jpg
6935906,https://recipe1.ezmember.co.kr/cache/recipe/2020/07/07/6201c317bbb24196375beb369f56b8d41_f.jpg
7001952,https://recipe1.ezmember.co.kr/cache/recipe/2023/05/10/2b8913d6350ebdc078720f89e6c4efcc1_f.jpg
6870267,https://recipe1.ezmember.co.kr/cache/recipe/2017/05/24/04af2737efbe70c8e4c5dadfae1049321_f.jpg
6928547,https://recipe1.ezmember.co.kr/cache/recipe/2020/03/15/4afc6acd79054d710bfdf8dc9d355b5e1_f.jpg
6866942,https://recipe1.ezmember.co.kr/cache/recipe/2017/03/16/01566bac3afdcbbd052f3ac07bc095291_f.jpg
6865677,https://recipe1.ezmember.co.kr/cache/recipe/2017/02/22/1975518f85b5cf0e00d51fb5f94e422c1_f.jpg
6837491,https://recipe1.ezmember.co.kr/cache/recipe/2015/11/05/eca88e90f51e0a9b2169f4d9a81013a41_f.jpg
6907866,https://recipe1.ezmember.co.kr/cache/recipe/2019/03/06/f7ac03f3069c3faf75968876ee59413c1_f.jpg
6919269,https://recipe1.ezmember.co.kr/cache/recipe/2019/09/25/62f7402c06934cddf15fa7bbf8b69ed21_f.jpg
6934304,https://recipe1.ezmember.co.kr/cache/recipe/2020/06/09/bfee32c6a956b8ee8803bb4bcc5f1e151_f.jpg
6986929,https://recipe1.ezmember.co.kr/cache/recipe/2022/09/05/cf4744f6bceb6854590c5af9dc8d01ea1_f.jpg
6916950,https://recipe1.ezmember.co.kr/cache/recipe/2019/08/01/39ae8aef93ef006b1aed53a4c46bcc8e1_f.jpg
6887268,https://recipe1.ezmember.co.kr/cache/recipe/2018/04/13/113df362b5f973dc5b68559bcd2e368d1_f.jpg
6903842,https://recipe1.ezmember.co.kr/cache/recipe/2019/01/08/7cf436d8736886374dbf15e433d45f3f1_f.jpg
7018924,https://recipe1.ezmember.co.kr/cache/recipe/2024/01/30/55243721a87bc1390fbefc2f3672e0871_f.jpg
6835876,https://recipe1.ezmember.co.kr/cache/recipe/2015/10/08/c9b5560c0f5e0db9681728b95a5753d71_f.jpg
5171611,https://recipe1.ezmember.co.kr/cache/recipe/2015/05/27/3bd019ca6b6c99a2a5a186190e58ecd01_f.jpg
6889671,https://recipe1.ezmember.co.kr/cache/recipe/2018/05/28/99fcb54a02bbafd9b5173eaf9eee4f711_f.jpg
6954825,https://recipe1.ezmember.co.kr/cache/recipe/2021/03/09/5405104c9e8577a1ea827e058880ed881_f.jpg
6829107,https://recipe1.ezmember.co.kr/cache/recipe/2015/06/18/80b110ac0a35c9299f2f630dc0131a781_f.jpg
6926357,https://recipe1.ezmember.co.kr/cache/recipe/2020/02/10/839eb206cf17b3f7e2c1fc1035a6bb671_f.jpg
6868023,https://recipe1.ezmember.co.kr/cache/recipe/2016/11/03/7267a2015ca02c20eef604716ba262571_f.jpg
6965707,https://recipe1.ezmember.co.kr/cache/recipe/2021/09/24/87c9e6878233cff0922c2700ae60d5461_f.jpg
6974370,https://recipe1.ezmember.co.kr/cache/recipe/2022/02/11/0c2a060a2f78aef6aabcc6dcaa851afe1_f.jpg
6881261,https://recipe1.ezmember.co.kr/cache/recipe/2017/12/22/73dc97d31304a52379aa91f1c32ca2f11_f.jpg
6870957,https://recipe1.ezmember.co.kr/cache/recipe/2017/06/09/e0f95526671933c88d0bcdfcbb2178831_f.jpg
6838448,https://recipe1.ezmember.co.kr/cache/recipe/2015/11/20/4b1e6f8a0c7956530afe4e2fe244672a1_f.jpg
6913275,https://recipe1.ezmember.co.kr/cache/recipe/2019/06/04/388f0b582734bfd9bf18d24ba70a26261_f.jpg
6932912,https://recipe1.ezmember.co.kr/cache/recipe/2020/05/18/a22cd6a5d0f7cbabf56f793fda4cde521_f.jpg
6884564,https://recipe1.ezmember.co.kr/cache/recipe/2018/02/26/63ace5245da5189fcf2f75432e0ddd7a1_f.jpg
6911528,https://recipe1.ezmember.co.kr/cache/recipe/2019/05/03/674219a54ea6041a9680eaa4640d75d71_f.jpg
6846740,https://recipe1.ezmember.co.kr/cache/recipe/2016/04/18/155f0ef097bf4a4c98f7ceeb5c864acf1_f.jpg
6888377,https://recipe1.ezmember.co.kr/cache/recipe/2018/05/06/afe55a8642004256cf0d327bda90aa771_f.jpg
6892219,https://recipe1.ezmember.co.kr/cache/recipe/2018/07/09/94d35c2a8328e1d8a68da14ce8a0d5511_f.JPG
6916484,https://recipe1.ezmember.co.kr/cache/recipe/2019/07/26/460ce62deb5a972b4025529feff2ba7f1_f.jpg
6879199,https://recipe1.ezmember.co.kr/cache/recipe/2017/11/07/db0d35e798e142057c4b3c6334e402791_f.jpg
6903845,https://recipe1.ezmember.co.kr/cache/recipe/2019/01/08/7a72b4eba9bfe30a81e3cb74bb64e6b81_f.jpg
6909063,https://recipe1.ezmember.co.kr/cache/recipe/2019/03/23/a7453334534e904bf3df53a06702bdd31_f.jpg
6970569,https://recipe1.ezmember.co.kr/cache/recipe/2021/12/09/afcd38f024e93be6af5cb8216e966aaf1_f.jpg
6895772,https://recipe1.ezmember.co.kr/cache/recipe/2018/09/13/2e5ff50feaf230d75458d9669503a1bd1_f.jpg
3740194,https://recipe1.ezmember.co.kr/cache/recipe/2015/05/01/a31e3944cb6432b1cd481164f3112bd41_f.jpg
6894802,https://recipe1.ezmember.co.kr/cache/recipe/2018/08/25/9014723177be8d28bef1b02dd6aaa3641_f.jpg
6893131,https://recipe1.ezmember.co.kr/cache/recipe/2018/07/26/0eb334ca5eaf7db64bd725e6063ca01b1_f.jpg
6895350,https://recipe1.ezmember.co.kr/cache/recipe/2018/08/26/c2c4a93e8e0f655e66e7552e7fdeec331_f.jpg
3877899,https://recipe1.ezmember.co.kr/cache/recipe/2015/06/19/2f483697dd1f80bbc08db740256f7538_f.jpg
6936386,https://recipe1.ezmember.co.kr/cache/recipe/2020/07/12/0c4ef74a55689e748c35f2f16524843a1_f.jpg
6918888,https://recipe1.ezmember.co.kr/cache/recipe/2019/09/09/d2a982776f91fc5acf2d76db5b3476c61_f.jpg
6898862,https://recipe1.ezmember.co.kr/cache/recipe/2018/10/28/62175f57c25761dc6cbf6db03ab885611_f.jpg
6956533,https://recipe1.ezmember.co.kr/cache/recipe/2021/04/10/e3cc6079268400a4f19ae0b0140ad3731_f.jpg
6895719,https://recipe1.ezmember.co.kr/cache/recipe/2018/09/12/f185e6a5f441406dfea708b4c6e192031_f.jpg
6909443,https://recipe1.ezmember.co.kr/cache/recipe/2019/03/29/e7e56655d683ca99bebcbb1714363b181_f.jpg
6997259,https://recipe1.ezmember.co.kr/cache/recipe/2023/02/18/19cc91e987d7fac4413d5ac5a7df0f6d1_f.jpg
5603359,https://recipe1.ezmember.co.kr/cache/recipe/2015/06/05/cfe921493395fe89fe0ff2162dde31311_f.jpg
7010373,https://recipe1.ezmember.co.kr/cache/recipe/2023/09/23/6ceac69ed1a35e2076b91b107f40b6761_f.jpg
6952797,https://recipe1.ezmember.co.kr/cache/recipe/2021/02/04/79f5ef58dbdc286ba5c0fd7bb533e6f71_f.jpg
6854289,https://recipe1.ezmember.co.kr/cache/recipe/2016/08/05/a6e50a75e11f56c88cb8c547f8c404ff1_f.jpg
6866829,https://recipe1.ezmember.co.kr/cache/recipe/2017/03/10/4b6d4fc146809189a20717a756c64d181_f.jpg
6913635,https://recipe1.ezmember.co.kr/cache/recipe/2019/06/09/3d15d62c97912c57e5253ff6cb3d70aa1_f.jpg
6954761,https://recipe1.ezmember.co.kr/cache/recipe/2021/03/01/84c9138ede76f8af23d3f8530354e96c1_f.jpg
7067864,https://recipe1.ezmember.co.kr/cache/recipe/2025/12/09/f04d255ebdf8198fecc4dc91c746be761_f.jpg
6830448,https://recipe1.ezmember.co.kr/cache/recipe/2015/07/21/5fa174158b1a04168c73ebe65abe7f3c1_f.jpg
6920299,https://recipe1.ezmember.co.kr/cache/recipe/2019/10/08/79f742c4d626ce0146077826e5369a6a1_f.jpg
6874389,https://recipe1.ezmember.co.kr/cache/recipe/2017/08/09/58ec1db8248218582df348cb41dc00eb1_f.jpg
6904471,https://recipe1.ezmember.co.kr/cache/recipe/2019/01/16/28f555ec727ed0bfdf04608ad9ecbff41_f.jpg
6902688,https://recipe1.ezmember.co.kr/cache/recipe/2018/12/24/8909c408ee17f0657adb58589b3f0e701_f.jpg
6993877,https://recipe1.ezmember.co.kr/cache/recipe/2022/12/16/da2c89ecac97a4d2d715f2f90f9be13a1_f.jpg
6875800,https://recipe1.ezmember.co.kr/cache/recipe/2017/09/04/c1aaf6186f4f4f7b5e99e4aa1f23d9bb1_f.jpg
6920613,https://recipe1.ezmember.co.kr/cache/recipe/2019/10/14/3c6d14d0f51bedb096ce3ce192712e121_f.jpg
6863653,https://recipe1.ezmember.co.kr/cache/recipe/2017/01/08/d271afd7cd60c24a97032531605cf31a1_f.jpg
7010245,https://recipe1.ezmember.co.kr/cache/recipe/2023/09/21/5e01ef9ab22189e51a68bc59e850d48e1_f.jpg
6897333,https://recipe1.ezmember.co.kr/cache/recipe/2018/10/07/0b666e3ae901b6129204171dde45ef591_f.jpg
6898340,https://recipe1.ezmember.co.kr/cache/recipe/2018/10/20/b2917b630b9054421746a2cae47962e41_f.jpg
6850264,https://recipe1.ezmember.co.kr/cache/recipe/2016/05/31/e38b5d650319b0f3c89d53562af8fcbd1_f.jpg
6852330,https://recipe1.ezmember.co.kr/cache/recipe/2016/07/05/438710a6b9887e58011b6a025781541b1_f.jpg
6835542,https://recipe1.ezmember.co.kr/cache/recipe/2015/10/04/795415eb753ff6449e74e4a803674ac91_f.jpg
6864194,https://recipe1.ezmember.co.kr/cache/recipe/2017/01/22/1f1b975df8dcf3fe78c5f8c820ffa8171_f.jpg
6885207,https://recipe1.ezmember.co.kr/cache/recipe/2018/03/09/f4295eda9cb84e04bbca055ccc21751c1_f.jpg
6906655,https://recipe1.ezmember.co.kr/cache/recipe/2019/02/15/51440490a12476fc20860f3e9bde29781_f.jpg
6935734,https://recipe1.ezmember.co.kr/cache/recipe/2020/07/04/c0537fd8a0e465fcaae6ac58cfb1e13f1_f.jpg
7014778,https://recipe1.ezmember.co.kr/cache/recipe/2025/07/13/ca123a1c0a3b131496e5d91e28c309751_f.jpg
6835839,https://recipe1.ezmember.co.kr/cache/recipe/2015/10/08/df9380119aa0e812028e586bc55f53711_f.jpg
6906236,https://recipe1.ezmember.co.kr/cache/recipe/2019/02/10/532b57a1951a1dffbb39e85f793f729c1_f.jpg
6963244,https://recipe1.ezmember.co.kr/cache/recipe/2021/08/11/c96a810d3ecb115bf199bd5b08fada701_f.jpg
6882787,https://recipe1.ezmember.co.kr/cache/recipe/2018/01/24/6247fb417b00c482ffc97929599856151_f.jpg
6842134,https://recipe1.ezmember.co.kr/cache/recipe/2016/01/26/6c83bffb819f9f58928818e97b0ea48b1_f.jpg
6968213,https://recipe1.ezmember.co.kr/cache/recipe/2021/11/05/5524e79892a0c06bf1ee2cb9771837a11_f.jpg
7002037,https://recipe1.ezmember.co.kr/cache/recipe/2023/05/11/a24cd2ef50494f3de3899efa4f886fb61_f.jpg
6953936,https://recipe1.ezmember.co.kr/cache/recipe/2021/02/21/3579c67004c056cae9994cd7fb862fbf1_f.jpg
6855288,https://recipe1.ezmember.co.kr/cache/recipe/2016/08/24/8992ec1ba5517a20e28131c343f915a11_f.jpg
6920263,https://recipe1.ezmember.co.kr/cache/recipe/2019/10/07/61b376462a0ea8470c7ea912e49522801_f.jpg
6933073,https://recipe1.ezmember.co.kr/cache/recipe/2020/05/21/e480bc6a2444c794e6432a6a32d974c01_f.jpg
6922963,https://recipe1.ezmember.co.kr/cache/recipe/2019/12/02/d0d58925485bfa641b0f2d0e0ca2e4ea1_f.jpg
6874408,https://recipe1.ezmember.co.kr/cache/recipe/2017/08/09/4372d659ce1a4b395df2e1789cc694281_f.jpg
6970845,https://recipe1.ezmember.co.kr/cache/recipe/2021/12/14/12ab753b30512e1e48c71427fac445971_f.jpg
6924779,https://recipe1.ezmember.co.kr/cache/recipe/2020/01/10/48f7d5f49dc9552df7ccae8ea61241a31_f.jpg
6889984,https://recipe1.ezmember.co.kr/cache/recipe/2018/05/27/236c121d98c3d9d208510a10a14339da1_f.jpg
6871584,https://recipe1.ezmember.co.kr/cache/recipe/2017/06/21/ba10701245cfc2a73a619657cb9f34b91_f.jpg
6988708,https://recipe1.ezmember.co.kr/cache/recipe/2022/10/05/2c96c8680fdc39b66e01500f4648408a1_f.jpg
6938705,https://recipe1.ezmember.co.kr/cache/recipe/2020/08/09/83db875c290773f42b73111ac0bc93471_f.jpg
6885267,https://recipe1.ezmember.co.kr/cache/recipe/2018/03/11/4b62ad2b9b10c46060135f509aed11da1_f.jpg
6905665,https://recipe1.ezmember.co.kr/cache/recipe/2019/01/31/78bc45406a7c1aa5ec5c79689f68813f1_f.jpg
6920632,https://recipe1.ezmember.co.kr/cache/recipe/2019/10/15/32667a8ae0fabb25d0cc844f86f632301_f.jpg
6888311,https://recipe1.ezmember.co.kr/cache/recipe/2018/05/04/be11bffd9ed009bd6552db145193983b1_f.jpg
6895095,https://recipe1.ezmember.co.kr/cache/recipe/2018/09/01/b39eb6fd523df1475d0ca8f6ff826c101_f.jpg
6843689,https://recipe1.ezmember.co.kr/cache/recipe/2016/02/29/3b2ac91cc6108f4ad2ee71abcbead9421_f.jpg
6969873,https://recipe1.ezmember.co.kr/cache/recipe/2021/11/29/e60967fd5d3384acf662216750afff2d1_f.jpg
7017625,https://recipe1.ezmember.co.kr/cache/recipe/2024/01/12/c48ec6b84e69dd31dce6cd22fcde0cb51_f.jpg
6895099,https://recipe1.ezmember.co.kr/cache/recipe/2018/09/01/0139bef6f16a5f02beb0f918a6fa4dad1_f.jpg
6863118,https://recipe1.ezmember.co.kr/cache/recipe/2021/10/28/df6f4322e4540f75e9a343f0cea4170b1_f.jpg
6929298,https://recipe1.ezmember.co.kr/cache/recipe/2020/03/30/c6a2d90aee90869e44c640bc0fc2e5f21_f.jpg
6914607,https://recipe1.ezmember.co.kr/cache/recipe/2019/06/23/5450c655b65f024851c4da8af5961ded1_f.jpg
6931272,https://recipe1.ezmember.co.kr/cache/recipe/2020/04/22/46dee0a241eae4ca3abd545a66bd78411_f.jpg
7057246,https://recipe1.ezmember.co.kr/cache/recipe/2025/07/06/40906d06dabd245320078c98f20308021_f.jpg
6838830,https://recipe1.ezmember.co.kr/cache/recipe/2015/11/28/9a6421be0f188bbf28bce33eea31bc0a1_f.jpg
6893245,https://recipe1.ezmember.co.kr/cache/recipe/2018/07/28/17d999c0a24ca410bc44c7e0434daf761_f.jpg
6796319,https://recipe1.ezmember.co.kr/cache/recipe/2015/05/29/3914862f0aa817a226bfc8a55b31f8571_f.jpg
6986622,https://recipe1.ezmember.co.kr/cache/recipe/2022/08/31/8dedf2023ba56df4d06804af171692bc1_f.jpg
6892971,https://recipe1.ezmember.co.kr/cache/recipe/2018/07/23/1532ec82ab70a4d2f091f159552590ad1_f.jpg
6835526,https://recipe1.ezmember.co.kr/cache/recipe/2015/10/03/6dd6dc9d31c646db0ad02caf942e15ba1_f.jpg
6890921,https://recipe1.ezmember.co.kr/cache/recipe/2018/07/17/73ce2bfcb934f44df45a26d791af5b591_f.jpg
4219055,https://recipe1.ezmember.co.kr/cache/recipe/2015/04/24/c6b7b4aaf10729abb6eb5b7414cd69701_f.jpg
6911560,https://recipe1.ezmember.co.kr/cache/recipe/2019/05/03/001559d83bb3fd2c68d83668f0a1cc401_f.jpg
6850809,https://recipe1.ezmember.co.kr/cache/recipe/2016/06/12/dbb8a4be29d22c2d10f9ab1bee7540aa1_f.jpg
4526609,https://recipe1.ezmember.co.kr/cache/recipe/2015/04/21/ea614838eada882762522070296999611_f.jpg
6877897,https://recipe1.ezmember.co.kr/cache/recipe/2017/10/14/88ba32374a0a552aad50279e55802cbb1_f.jpg
6893885,https://recipe1.ezmember.co.kr/cache/recipe/2018/08/09/42cefca9b1d8dd6d9d232925ae00ed8f1_f.jpg
2025115,https://recipe1.ezmember.co.kr/cache/recipe/2015/07/28/faeed0695a9a57bd9520d12fe862c422_f.jpg
7078493,https://recipe1.ezmember.co.kr/cache/recipe/2026/06/26/44f79486699de40eb0c59ed74d5be5281_f.png
6873553,https://recipe1.ezmember.co.kr/cache/recipe/2017/07/27/10ca120b7196880817a5d3caf87f4de31_f.jpg
6910650,https://recipe1.ezmember.co.kr/cache/recipe/2019/04/15/e308881d4e9f17e13394fabc25a1879c1_f.jpg
6949298,https://recipe1.ezmember.co.kr/cache/recipe/2020/12/26/35ca431cfb059383e988b0102c71bfa71_f.jpg
6935644,https://recipe1.ezmember.co.kr/cache/recipe/2020/07/03/ef7518264902d69f00906800c738eaa81_f.jpg
6976120,https://recipe1.ezmember.co.kr/cache/recipe/2022/03/15/db0b5c12db1dd5188e4ade5bf22eb89d1_f.jpg
7024201,https://recipe1.ezmember.co.kr/cache/recipe/2024/04/12/d020352864cb8bf85a67571dd5d27ab11_f.jpg
7019124,https://recipe1.ezmember.co.kr/cache/recipe/2024/02/01/d90eaacbd8f7e7f5827c615a986336141_f.jpg
6940180,https://recipe1.ezmember.co.kr/cache/recipe/2020/08/24/4d04516c68f7c6e3cb3525006ce3f7151_f.jpg
7015698,https://recipe1.ezmember.co.kr/cache/recipe/2023/12/13/a3dd7f6e22e6f7718d7e24c86a4a630f1_f.jpg
7049618,https://recipe1.ezmember.co.kr/cache/recipe/2025/04/07/7eb859430857c6c87364e47719aefe5c1_f.jpg
6830205,https://recipe1.ezmember.co.kr/cache/recipe/2015/07/15/03e42f37103d2dea2565d76726a59ae71_f.jpg
6933940,https://recipe1.ezmember.co.kr/cache/recipe/2020/06/07/862193f5df70049aaa8cfdccaea62a0e1_f.jpg
6851899,https://recipe1.ezmember.co.kr/cache/recipe/2016/06/30/9f9c8671f49a25db3f08dca8a31f7be11_f.jpg
6881458,https://recipe1.ezmember.co.kr/cache/recipe/2017/12/28/0f75c16250b1608a234f0a10bfbd21161_f.jpg
6946397,https://recipe1.ezmember.co.kr/cache/recipe/2020/11/16/06500a790d3792a06d0791775db9b7881_f.jpg
6834279,https://recipe1.ezmember.co.kr/cache/recipe/2015/09/13/3d4b2ab3b7f54d4d0e410f3d709caccd1_f.jpg
5190131,https://recipe1.ezmember.co.kr/cache/recipe/2015/06/12/1b893286cda9f0bb06a5688240962735_f.jpg
7038298,https://recipe1.ezmember.co.kr/cache/recipe/2024/11/07/ca47375f49dc596eea9fe764817552d41_f.jpg
6925804,https://recipe1.ezmember.co.kr/cache/recipe/2020/02/01/818d976cfafd87eae2cf89077c205c011_f.jpg
6777816,https://recipe1.ezmember.co.kr/cache/recipe/2015/05/18/04f310912f4c8c642747d0015280200f1_f.jpg
6927674,https://recipe1.ezmember.co.kr/cache/recipe/2020/03/04/52ba3d6b5da1256facc6bd3fc85bb7c91_f.jpg
6985239,https://recipe1.ezmember.co.kr/cache/recipe/2022/08/09/8c94f3626572c4b6d4bb131999e408ff1_f.jpg
6937634,https://recipe1.ezmember.co.kr/cache/recipe/2020/07/27/351a786c68efd284854920e5290f66b71_f.jpg
6890499,https://recipe1.ezmember.co.kr/cache/recipe/2018/05/26/2928508430f0506e5dfad49f84aaa3fa1_f.jpg
6834918,https://recipe1.ezmember.co.kr/cache/recipe/2015/09/23/5019526fe9fee9f5f0769cdc8c35c2ab1_f.jpg
6847481,https://recipe1.ezmember.co.kr/cache/recipe/2016/05/04/0b5d049a5798b3822081fb8c27614a981_f.jpg
6851053,https://recipe1.ezmember.co.kr/cache/recipe/2016/06/15/a32b0de2047c6404a3d5d5edbecaf58a1_f.jpg
6894832,https://recipe1.ezmember.co.kr/cache/recipe/2018/08/27/8c1de0d47c902fdccd233b30e56d02431_f.jpg
6900408,https://recipe1.ezmember.co.kr/cache/recipe/2018/11/19/14c996ddd57735dd554182ee7d8189be1_f.jpg
6919458,https://recipe1.ezmember.co.kr/cache/recipe/2019/09/20/31ca296eb3cf64c95c3399d85c1f18381_f.jpg
6934485,https://recipe1.ezmember.co.kr/cache/recipe/2020/06/17/ba2d30e3368df73ecf98bf7d7c547b781_f.jpg
6894780,https://recipe1.ezmember.co.kr/cache/recipe/2018/08/26/ec5ddba20e49184ded9143ab9f3a0a501_f.jpg
4782725,https://recipe1.ezmember.co.kr/cache/recipe/2015/06/08/c12870969b131313803180dcb0647408_f.jpg
6945293,https://recipe1.ezmember.co.kr/cache/recipe/2020/10/30/1f98419bbfb70331157e622589b2fa3f1_f.jpg
6929045,https://recipe1.ezmember.co.kr/cache/recipe/2020/03/22/221c321aa209746d9ed181cf7974ace31_f.jpg
6829296,https://recipe1.ezmember.co.kr/cache/recipe/2015/06/24/444ef1a30973df5a4e1139150b4a4bb81_f.jpg
6832428,https://recipe1.ezmember.co.kr/cache/recipe/2015/08/20/26e5898ec8efedab860d47fa25bf0ed11_f.jpg
6767032,https://recipe1.ezmember.co.kr/cache/recipe/2015/05/13/8b759c5fcadf128177a207754559b6581_f.JPG
6898484,https://recipe1.ezmember.co.kr/cache/recipe/2018/10/23/d3fb5f85df4f53e544bb4f802ab2bbc61_f.jpg
6879756,https://recipe1.ezmember.co.kr/cache/recipe/2017/11/18/562f996146ca628a41aca38b2a1fffc11_f.jpg
6842679,https://recipe1.ezmember.co.kr/cache/recipe/2016/02/06/8c11234ff389c3bccb733d9f298d7d271_f.jpg
7045985,https://recipe1.ezmember.co.kr/cache/recipe/2025/02/26/eb75f02e615fb19718b605cfdcac9ae21_f.jpg
6868393,https://recipe1.ezmember.co.kr/cache/recipe/2017/04/13/5f028ffd98b8743e0f71b2d0fd0af3d11_f.jpg
6902322,https://recipe1.ezmember.co.kr/cache/recipe/2018/12/19/7f859ab027032c3e1ef0175a4a27b98d1_f.jpg
6884769,https://recipe1.ezmember.co.kr/cache/recipe/2018/03/02/6b23cd07af36c2bd5bec14e6dd14fd951_f.jpg
6942064,https://recipe1.ezmember.co.kr/cache/recipe/2020/09/17/16dfce5820be97a032203d2b1ac3a2aa1_f.jpg
6894328,https://recipe1.ezmember.co.kr/cache/recipe/2018/08/17/6483f7c9018d568765adf9ee1050eb9a1_f.jpg
6836442,https://recipe1.ezmember.co.kr/cache/recipe/2015/10/19/4103f062de7d7b9da78644a9823134f41_f.jpg
6872521,https://recipe1.ezmember.co.kr/cache/recipe/2017/07/10/d661be8a4eb807704ade157fef10f31d1_f.jpg
6881328,https://recipe1.ezmember.co.kr/cache/recipe/2017/03/24/3c4f978033bca45c696b68e4f175644a1_f.jpg
6967609,https://recipe1.ezmember.co.kr/cache/recipe/2021/10/27/eeb06c8583c821d735656aca65d824931_f.jpg
6971043,https://recipe1.ezmember.co.kr/cache/recipe/2021/12/17/ab3924106aa0f160ff3eaed2b1a92fec1_f.jpg
6830356,https://recipe1.ezmember.co.kr/cache/recipe/2015/07/19/306fc1686429da67828df40fa77c48a21_f.jpg
6957418,https://recipe1.ezmember.co.kr/cache/recipe/2021/04/26/dcfcf7a86befa2a8490270823fc395fe1_f.jpg
6958189,https://recipe1.ezmember.co.kr/cache/recipe/2021/05/12/2a6453f53bd623bccf22f3cf182afae01_f.jpg
6925576,https://recipe1.ezmember.co.kr/cache/recipe/2020/01/27/4513407be005bec29bf4a72f0ea98ad61_f.jpg
6845948,https://recipe1.ezmember.co.kr/cache/recipe/2016/04/05/a00be8433d5ca2d8d11a215310a0d9461_f.jpg
6923905,https://recipe1.ezmember.co.kr/cache/recipe/2019/12/25/5e331ecd9a09aad85f541d641e68ccd51_f.jpg
6837424,https://recipe1.ezmember.co.kr/cache/recipe/2015/11/03/b0a1482afd41584595345da5fe40c6971_f.jpg
6878677,https://recipe1.ezmember.co.kr/cache/recipe/2017/10/27/f50470e8b0c25c444b52eb65cc1f27481_f.jpg
6853913,https://recipe1.ezmember.co.kr/cache/recipe/2016/08/01/1776a506546f22a728562cca9227146d1_f.jpg
6873488,https://recipe1.ezmember.co.kr/cache/recipe/2017/07/26/f9dc36c22a97b8e79788945c689dd30d1_f.png
6867342,https://recipe1.ezmember.co.kr/cache/recipe/2017/03/23/9b5eb9ea499f7c4f4d4293c365a065ef1_f.jpg
4268488,https://recipe1.ezmember.co.kr/cache/recipe/2015/06/08/6f9f7ad4d58bd60213edc25ff0ab28c5_f.jpg
6955815,https://recipe1.ezmember.co.kr/cache/recipe/2021/03/26/e61482d29b31e4094ea4b58d719b392f1_f.jpg
6838406,https://recipe1.ezmember.co.kr/cache/recipe/2015/11/20/5c4d398b40f1105b6bf9a9031956416a1_f.jpg
6951214,https://recipe1.ezmember.co.kr/cache/recipe/2021/01/16/ec32a4cdebf2193eec7f9d813254e9d91_f.jpg
7044793,https://recipe1.ezmember.co.kr/cache/recipe/2025/02/13/34e643ebb68543c113b2a762b81a09fd1_f.jpg
6840927,https://recipe1.ezmember.co.kr/cache/recipe/2015/12/30/f2700f065505dfdedd4d95865f3e79cd1_f.jpg
7008370,https://recipe1.ezmember.co.kr/cache/recipe/2023/08/19/c092486740e640345de3758a32842e2e1_f.jpg
6835856,https://recipe1.ezmember.co.kr/cache/recipe/2015/10/08/66b6a92fbd37a92f53903cf31d85fbce1_f.jpg
6862844,https://recipe1.ezmember.co.kr/cache/recipe/2016/12/19/d4b6d22c4db6c85c8a97fe114d71ee7a1_f.jpg
6844946,https://recipe1.ezmember.co.kr/cache/recipe/2016/03/19/d72eb9e375900e1bb3d6f137768035f41_f.jpg
6929129,https://recipe1.ezmember.co.kr/cache/recipe/2020/03/23/1f6cea65e103e1c1cdd5f853b0031eee1_f.jpg
6891482,https://recipe1.ezmember.co.kr/cache/recipe/2018/06/26/ffac375b2e8a96786537e69582b93c341_f.jpg
6868633,https://recipe1.ezmember.co.kr/cache/recipe/2017/04/18/87151cd402308359e2ec33bcb7b61d471_f.jpg
6939909,https://recipe1.ezmember.co.kr/cache/recipe/2020/08/23/77e761eb73ca59d042d9ac6ff7def9f51_f.jpg
6837906,https://recipe1.ezmember.co.kr/cache/recipe/2015/11/10/4220de18105eb8cec66b01824554da1e1_f.jpg
6843324,https://recipe1.ezmember.co.kr/cache/recipe/2016/02/19/9688bdf989eff416c16d36ab8dcfa6cc1_f.jpg
6895054,https://recipe1.ezmember.co.kr/cache/recipe/2018/08/31/90f87b5c1263e2eda43b16b6354881981_f.jpg
6865204,https://recipe1.ezmember.co.kr/cache/recipe/2017/02/12/6af6ea7f673d44086c19c925adc4d9091_f.jpg
6914217,https://recipe1.ezmember.co.kr/cache/recipe/2019/06/18/4cc6de84e1b64c1778136906ed4f04cb1_f.jpg
6695724,https://recipe1.ezmember.co.kr/cache/recipe/2015/04/30/dc4e3992a6a93c6e07793be1a13d54d21_f.jpg
6787537,https://recipe1.ezmember.co.kr/cache/recipe/2015/05/22/5253bd2839b3e9ba1b447f9c7bb0642e1_f.jpg
6904531,https://recipe1.ezmember.co.kr/cache/recipe/2019/01/16/29a13e6c1b3e5de7e22de8f676ac29ac1_f.jpg
6882208,https://recipe1.ezmember.co.kr/cache/recipe/2018/01/12/8adae28f95fde7fc8e20f75d3d10d43b1_f.jpg
6932591,https://recipe1.ezmember.co.kr/cache/recipe/2020/05/06/0d328694569722bb6ee8c3e45c16cac81_f.jpg
6824776,https://recipe1.ezmember.co.kr/cache/recipe/2015/06/15/6cd294d59ab0745413157415906f3d98_f.jpg
6926953,https://recipe1.ezmember.co.kr/cache/recipe/2020/02/20/3ad25fcc933301f1ca3fae1cd04b64141_f.jpg
6901565,https://recipe1.ezmember.co.kr/cache/recipe/2018/12/07/c721380b24d875196b3e4624a8e631661_f.jpg
4385139,https://recipe1.ezmember.co.kr/cache/recipe/2015/06/26/0cc55e51da3b7f34891fd0859af2fb5a_f.jpg
6936078,https://recipe1.ezmember.co.kr/cache/recipe/2020/07/08/b49f5bfcf76544964415f48d0c2588901_f.jpg
6851075,https://recipe1.ezmember.co.kr/cache/recipe/2016/06/16/7ce3a972ff260c93f7e3467f2ce529c31_f.jpg
6850688,https://recipe1.ezmember.co.kr/cache/recipe/2016/06/05/ce1b858a8695fcf2b44c5ca298d9fd021_f.jpg
6837286,https://recipe1.ezmember.co.kr/cache/recipe/2015/11/02/1d847be3b616fc4f90fef03f651725f11_f.jpg
6840615,https://recipe1.ezmember.co.kr/cache/recipe/2015/12/23/c41a3f319db0ddac3d499a57f19c4b141_f.jpg
6885172,https://recipe1.ezmember.co.kr/cache/recipe/2018/03/09/1c6ea63b5cfd8288ca52192694da4c4b1_f.jpg
6945064,https://recipe1.ezmember.co.kr/cache/recipe/2020/10/26/adb5ff55fe2764ed2358e556319fa8f61_f.jpg
3006119,https://recipe1.ezmember.co.kr/cache/recipe/2015/06/25/d5918e71876419159ae72a38ee374dec_f.jpg
6934924,https://recipe1.ezmember.co.kr/cache/recipe/2020/06/24/954ac6f33a117a84f99cb6bb95b2ce5f1_f.jpg
6847973,https://recipe1.ezmember.co.kr/cache/recipe/2016/05/13/b255b519b7660182598962b923e92d731_f.jpg
6916705,https://recipe1.ezmember.co.kr/cache/recipe/2019/07/31/443741e45d3a720e56a58f0a3d9a05971_f.jpg
6990820,https://recipe1.ezmember.co.kr/cache/recipe/2022/11/01/02123826108147dd0d8be7ce712e21e71_f.jpg
6962442,https://recipe1.ezmember.co.kr/cache/recipe/2021/07/28/1c42b90abc5f069352d562979d24eb651_f.jpg
6959447,https://recipe1.ezmember.co.kr/cache/recipe/2021/06/02/596c12d8cda6ff69a156ca673dd27e361_f.jpg
6918742,https://recipe1.ezmember.co.kr/cache/recipe/2019/09/05/a408d23e9307d461d73c2fcf1310cd6e1_f.jpg
6888040,https://recipe1.ezmember.co.kr/cache/recipe/2018/04/30/8aa230718dff4fbd564d8d39b60fa3611_f.jpg
2760390,https://recipe1.ezmember.co.kr/cache/recipe/2015/04/23/b4d864011d760266d5da8e37cdec921d1_f.jpg
6876218,https://recipe1.ezmember.co.kr/cache/recipe/2017/09/11/e9d2772a3ce08223cc3cb6ad9c15bc081_f.jpg
6907224,https://recipe1.ezmember.co.kr/cache/recipe/2019/02/24/2643bc11fef79e617a66c4a8615bf0701_f.jpg
6832896,https://recipe1.ezmember.co.kr/cache/recipe/2015/08/27/447cfac86c41c13b59c337469e6666021_f.jpg
6833105,https://recipe1.ezmember.co.kr/cache/recipe/2015/08/31/46e5ade0c00277e59e4edd0e20d1fa451_f.jpg
6873349,https://recipe1.ezmember.co.kr/cache/recipe/2017/07/24/cdd103769bff5f0e9a0d05b5c4b45a081_f.jpg
6882291,https://recipe1.ezmember.co.kr/cache/recipe/2018/01/14/de3a591fdd6474ddf90d10645cbfb6371_f.jpg
6948061,https://recipe1.ezmember.co.kr/cache/recipe/2020/12/09/f1d9193d693d3d2e1df710b10c7659c11_f.jpg
7066456,https://recipe1.ezmember.co.kr/cache/recipe/2025/11/17/99604efd44d32f5017fdb5fab9a8c19c1_f.jpg
6895342,https://recipe1.ezmember.co.kr/cache/recipe/2018/09/05/324f3cca112a4cbfd3105eca71d9ee4b1_f.jpg
6885046,https://recipe1.ezmember.co.kr/cache/recipe/2018/03/07/5fd1044c34438b6449fd4a103fcc87011_f.jpg
6832406,https://recipe1.ezmember.co.kr/cache/recipe/2015/08/20/36c933e258cb43d2af313281499038c11_f.jpg
6947692,https://recipe1.ezmember.co.kr/cache/recipe/2020/12/06/85605f83a0553ce7b253aed2ba0048ec1_f.jpg
5125526,https://recipe1.ezmember.co.kr/cache/recipe/2015/04/08/1f3acafab02103458849de96d752263a1_f.jpg
6668256,https://recipe1.ezmember.co.kr/cache/recipe/2015/05/20/9111468a9a0e6c7a7c942d53288447021_f.jpg
6896043,https://recipe1.ezmember.co.kr/cache/recipe/2018/09/18/51be5cdc752865ca45a2ba8c17662b111_f.jpg
6940921,https://recipe1.ezmember.co.kr/cache/recipe/2020/09/04/9a0c381155d4f324b9997915e8e77cd51_f.jpg
6829942,https://recipe1.ezmember.co.kr/cache/recipe/2015/07/08/186c466f71579f6ba06fd6f61c9b75b11_f.jpg
6834673,https://recipe1.ezmember.co.kr/cache/recipe/2015/09/18/ec91bbe4ff70dd13c98c31bd190153de1_f.jpg
6999070,https://recipe1.ezmember.co.kr/cache/recipe/2023/03/16/96f02407277fee181af7c7da2aa8b42f1_f.jpg
6901406,https://recipe1.ezmember.co.kr/cache/recipe/2018/12/06/1f7c5ddaac350e0091f7e6451403549c1_f.jpg
6880342,https://recipe1.ezmember.co.kr/cache/recipe/2017/12/01/db2b591a2c89ed33efb93742192cab9c1_f.jpg
6840331,https://recipe1.ezmember.co.kr/cache/recipe/2015/12/21/52f297353f73eb7c849054c4aed084961_f.jpg
6882235,https://recipe1.ezmember.co.kr/cache/recipe/2018/01/13/97957c993d77911af038a2df139db0e41_f.png
6887061,https://recipe1.ezmember.co.kr/cache/recipe/2018/04/10/af3c793101402a4e98ea2b679aaf4b241_f.jpg
6836337,https://recipe1.ezmember.co.kr/cache/recipe/2015/10/14/f44b2bc2b8ee24f361a558d46f20d1811_f.jpg
4813315,https://recipe1.ezmember.co.kr/cache/recipe/2015/06/08/1d3e68d28d60d25773f8163adb12ed6f_f.jpg
6947563,https://recipe1.ezmember.co.kr/cache/recipe/2020/12/04/d139e0a31789150c16554a3ed47707541_f.jpg
6974436,https://recipe1.ezmember.co.kr/cache/recipe/2022/02/12/b2a94a982f102833aeb10e22e181f9751_f.jpg
6936719,https://recipe1.ezmember.co.kr/cache/recipe/2020/07/15/e892fcc0926e84b256f726e8deb4fcf31_f.jpg
6832049,https://recipe1.ezmember.co.kr/cache/recipe/2015/08/17/d0dbdf2b9574ac6da11213801e43744a1_f.jpg
6889517,https://recipe1.ezmember.co.kr/cache/recipe/2018/05/24/0cb171cc4cfa446c4cc77cd4ec797f211_f.jpg
6951092,https://recipe1.ezmember.co.kr/cache/recipe/2021/01/15/c2f1bce76bf7de18c6f905c89fe836c11_f.jpg
6858233,https://recipe1.ezmember.co.kr/cache/recipe/2016/10/11/e74a19e15468c22fa15462c2d1718caa1_f.jpg
6938241,https://recipe1.ezmember.co.kr/cache/recipe/2020/07/30/8853e1151fbaa7d599c69002a0293e3b1_f.jpg
6899845,https://recipe1.ezmember.co.kr/cache/recipe/2018/11/09/928a2af3b6738f43e17f3d4e25813e7d1_f.jpg
6773015,https://recipe1.ezmember.co.kr/cache/recipe/2015/05/16/980a1928d64351304036805d311da02f1_f.jpg
3839956,https://recipe1.ezmember.co.kr/cache/recipe/2015/07/07/d706dcf51336fb57cf9501c968401ad71_f.jpg
6871082,https://recipe1.ezmember.co.kr/cache/recipe/2017/06/12/d891b905250e476a4fba24894c85a8e51_f.jpg
6895950,https://recipe1.ezmember.co.kr/cache/recipe/2018/09/15/3b068975b3a1ae873d9ac738df48e96a1_f.jpg
6866176,https://recipe1.ezmember.co.kr/cache/recipe/2017/03/03/7b71b25c7f362cc42a02250390c2329e1_f.jpg
6950107,https://recipe1.ezmember.co.kr/cache/recipe/2021/01/05/17c18151cd539a3200f3a056b88c560b1_f.jpg
6908170,https://recipe1.ezmember.co.kr/cache/recipe/2019/03/11/eebb8a68126e1e0965d67b7ac0577cea1_f.JPG
6976114,https://recipe1.ezmember.co.kr/cache/recipe/2022/03/15/3775aeceadcd90e979db58f0ef2637751_f.jpg
4442833,https://recipe1.ezmember.co.kr/cache/recipe/2015/06/19/67ef724bfb7f09973a47d3e4a9d8e94c_f.jpg
6931258,https://recipe1.ezmember.co.kr/cache/recipe/2020/04/22/08cd6e230f801f89ad3bbdca0ea15ae41_f.png
6896074,https://recipe1.ezmember.co.kr/cache/recipe/2018/09/18/2e449b1c6c3167eb3092fd13129c00821_f.jpg
6924535,https://recipe1.ezmember.co.kr/cache/recipe/2020/01/05/e6c3e1558e41035fec6a8c62a948e4d51_f.jpg
6920200,https://recipe1.ezmember.co.kr/cache/recipe/2019/10/06/63a033a9b2bcd6534ff812a5b799bfd91_f.jpg
6890047,https://recipe1.ezmember.co.kr/cache/recipe/2018/06/01/87d69d7b1f073a83e744f9a3027668c61_f.jpg
6885549,https://recipe1.ezmember.co.kr/cache/recipe/2018/03/15/de982e3caf40206daa712303fa2880a31_f.jpg
7035766,https://recipe1.ezmember.co.kr/cache/recipe/2024/10/04/32d9eb663cb12d9e912c4be2cf08706a1_f.jpg
6838064,https://recipe1.ezmember.co.kr/cache/recipe/2018/07/19/920f4a0706c85c93f746cc3f5a02ba0e1_f.jpg
6089236,https://recipe1.ezmember.co.kr/cache/recipe/2015/03/27/8d0ecf4dfc7c30cc417d4c1b4184ca9b1_f.jpg
6890538,https://recipe1.ezmember.co.kr/cache/recipe/2018/06/09/d1a439a864a993c494ed9f9f30e81f2a1_f.jpg
6873722,https://recipe1.ezmember.co.kr/cache/recipe/2017/07/28/8f08979ca59db1b93ce60f2d9faf0ebb1_f.jpg
6639183,https://recipe1.ezmember.co.kr/cache/recipe/2015/04/04/07ab801d0f8bf67b61b5c9951bf82e851_f.jpg
6845396,https://recipe1.ezmember.co.kr/cache/recipe/2016/03/26/346de58a978e1afa5126ea01cf670ada1_f.jpg
6877014,https://recipe1.ezmember.co.kr/cache/recipe/2017/09/25/2c8d16304dbe1888199232c3b5791b3e1_f.jpg
6868157,https://recipe1.ezmember.co.kr/cache/recipe/2017/04/09/71f5a4e674a48933bdffac93c1cbd7351_f.jpg
6959661,https://recipe1.ezmember.co.kr/cache/recipe/2021/06/06/3b50a7d4e0f629311842d826629516041_f.jpg
5246630,https://recipe1.ezmember.co.kr/cache/recipe/2015/06/08/5307b50a580129e7fbf83be1df7e12dd_f.jpg
6902536,https://recipe1.ezmember.co.kr/cache/recipe/2018/12/21/5e4034ddb96f9c3cfc83a00f4015cb341_f.jpg
6941836,https://recipe1.ezmember.co.kr/cache/recipe/2020/09/14/757688b90b6051ab805ce2e7a7a3f0f71_f.jpg
6947344,https://recipe1.ezmember.co.kr/cache/recipe/2020/11/25/d33675737ba0ef5303dcdcb7b73ccbff1_f.jpg
6902573,https://recipe1.ezmember.co.kr/cache/recipe/2018/12/22/7519be1619b4408240c3675a4e3e049d1_f.jpg
6887186,https://recipe1.ezmember.co.kr/cache/recipe/2018/04/09/dc64c2ef3cff7839d1e82cc689cc1b061_f.jpg
6926053,https://recipe1.ezmember.co.kr/cache/recipe/2020/02/05/303576dc44d50dc6578f43334eb4baf11_f.jpg
6933506,https://recipe1.ezmember.co.kr/cache/recipe/2020/05/29/a1bc90621e4a8ebb334dfdc1d376aa2e1_f.jpg
6931954,https://recipe1.ezmember.co.kr/cache/recipe/2020/05/02/ca07b33d809ef89e36d4e622e32f26341_f.jpg
7031316,https://recipe1.ezmember.co.kr/cache/recipe/2024/07/28/637ad8ea708133d1d78720933232a8471_f.jpg
7067263,https://recipe1.ezmember.co.kr/cache/recipe/2025/06/01/27852c5ab7054eeda05e358b4f810d571_f.jpg
6852969,https://recipe1.ezmember.co.kr/cache/recipe/2016/07/18/0590f16de294f1dde03e566d0270cc361_f.jpg
6909839,https://recipe1.ezmember.co.kr/cache/recipe/2019/04/04/9b37838e760acdcf4bba337215393a3e1_f.jpg
6901667,https://recipe1.ezmember.co.kr/cache/recipe/2018/12/10/35e82c5f7dddf837acfb92a4911fd7101_f.jpg
6878274,https://recipe1.ezmember.co.kr/cache/recipe/2017/10/20/3b136a2c53bf7eb8ca7fed92088f56781_f.jpg
6890371,https://recipe1.ezmember.co.kr/cache/recipe/2018/06/06/e0ff900e21c3283dc10dc3218ec14a031_f.jpg
6917469,https://recipe1.ezmember.co.kr/cache/recipe/2019/08/14/dd4fafb23560601f1f7f9c52e4249f7b1_f.jpg
6835313,https://recipe1.ezmember.co.kr/cache/recipe/2015/09/30/46271d628c2a0beac61eeb7c91b130141_f.jpg
6883519,https://recipe1.ezmember.co.kr/cache/recipe/2018/02/06/0351f5437f4daff0117cf5ca172bddeb1_f.jpg
6888351,https://recipe1.ezmember.co.kr/cache/recipe/2018/05/05/7803a2c1f458a1b51415064b846ad2fd1_f.jpg
4484207,https://recipe1.ezmember.co.kr/cache/recipe/2015/06/27/77279dd3c5a80c8ac9cca017b95d1a4c_f.jpg
6997574,https://recipe1.ezmember.co.kr/cache/recipe/2023/02/23/ef027ce5083ccda534fc0710d749bc891_f.jpg
7017705,https://recipe1.ezmember.co.kr/cache/recipe/2024/01/14/bd135d77c06ee126c942f281b22fd43b1_f.jpg
6833314,https://recipe1.ezmember.co.kr/cache/recipe/2015/09/02/995a72ba17175d03622dc2de01379f061_f.jpg
2405893,https://recipe1.ezmember.co.kr/cache/recipe/2015/06/08/9c64e931837aa19ff967e70e49742bf9_f.jpg
7060300,https://recipe1.ezmember.co.kr/cache/recipe/2025/08/13/203a633ddd27b13b6ecba9bbee98f3c11_f.jpg
6887501,https://recipe1.ezmember.co.kr/cache/recipe/2018/04/18/4aa0f3d1a3f5a60b7f81e1ca233944aa1_f.jpg
7017255,https://recipe1.ezmember.co.kr/cache/recipe/2024/01/07/2fa8295c30deb20c5dec15d5283919b61_f.jpg
6872713,https://recipe1.ezmember.co.kr/cache/recipe/2017/06/27/9151d43063470e13ee0e55aa3cba5b6c1_f.jpg
6948810,https://recipe1.ezmember.co.kr/cache/recipe/2020/12/19/e09affffb4b452845ccdfeef018ada471_f.jpg
7022370,https://recipe1.ezmember.co.kr/cache/recipe/2024/03/17/8abf0e00e656f00ac90945c90639bb7b1_f.jpg
6927744,https://recipe1.ezmember.co.kr/cache/recipe/2020/03/04/388963df088b1f58a08099438991cb711_f.jpg
6918751,https://recipe1.ezmember.co.kr/cache/recipe/2019/09/05/b560f13bbdbdc2c6ee71f7fb2f602cd71_f.jpg
6852133,https://recipe1.ezmember.co.kr/cache/recipe/2016/07/05/1871b05e9f606f58a634308b9d478d811_f.jpg
6886348,https://recipe1.ezmember.co.kr/cache/recipe/2018/03/29/7eadfc68ff009388d9f89af4916fe1e91_f.jpg
6706633,https://recipe1.ezmember.co.kr/cache/recipe/2015/04/18/44d6f4c16b9fe75ab7f6ed5ebff9a80f1_f.jpg
6848112,https://recipe1.ezmember.co.kr/cache/recipe/2016/05/13/0a36fa92af75917adb8a37368957d9971_f.jpg
6851471,https://recipe1.ezmember.co.kr/cache/recipe/2016/06/23/e097bcb64b1ea626e1485110571aa00d1_f.jpg
6844805,https://recipe1.ezmember.co.kr/cache/recipe/2016/03/16/862d1ff517ad8ea131b00371aab20ff21_f.jpg
6837956,https://recipe1.ezmember.co.kr/cache/recipe/2015/11/11/30f60e216fabdee477de2128b4debe221_f.jpg
4214852,https://recipe1.ezmember.co.kr/cache/recipe/2015/06/08/68e00667ba643340aa6c767476301628_f.jpg
6968689,https://recipe1.ezmember.co.kr/cache/recipe/2021/11/11/fc37d61e1adb3a19f6905317f91835941_f.jpg
6987755,https://recipe1.ezmember.co.kr/cache/recipe/2022/09/20/e82df04584f5c827a603058e7803620a1_f.jpg
7034909,https://recipe1.ezmember.co.kr/cache/recipe/2024/09/20/e7e1071d157646bb431562a819a9c2ce1_f.jpg
6896619,https://recipe1.ezmember.co.kr/cache/recipe/2018/09/27/68ec9b94fdd332de6f986da2e33af8d11_f.jpg
6845214,https://recipe1.ezmember.co.kr/cache/recipe/2016/03/23/9ed8b4a7000bb3f5fc3ad74f36b0bd491_f.jpg
6834287,https://recipe1.ezmember.co.kr/cache/recipe/2015/09/15/ea37571d10decb9bfc3876514e2340fc1_f.jpg
6926293,https://recipe1.ezmember.co.kr/cache/recipe/2020/02/09/cfa5919f8f5f67eea65d7c7246df4bee1_f.jpg
6828842,https://recipe1.ezmember.co.kr/cache/recipe/2015/06/11/51e896bc86747ca6ade0d8c7ff6f75971_f.jpg
6885574,https://recipe1.ezmember.co.kr/cache/recipe/2018/03/16/594518dcd71eeb2c53a63cad128435071_f.jpg
6880100,https://recipe1.ezmember.co.kr/cache/recipe/2017/11/26/07e1c98486d6d51bb35cbb434f5c4a801_f.jpg
6948889,https://recipe1.ezmember.co.kr/cache/recipe/2020/12/21/81d35353e749e0c95ae734f27c9c69121_f.jpg
6851399,https://recipe1.ezmember.co.kr/cache/recipe/2016/06/22/76976123f43ca2e56b8c44a4269d02e31_f.jpg
6740535,https://recipe1.ezmember.co.kr/cache/recipe/2015/05/01/7b1d02818a538b195f6473ee236177931_f.jpg
3826607,https://recipe1.ezmember.co.kr/cache/recipe/2015/06/26/20eaaee571be1f6a891cb9bd23fb5e37_f.jpg
6839778,https://recipe1.ezmember.co.kr/cache/recipe/2015/12/13/851f9090f187ec517243be5922113bf71_f.jpg
7023156,https://recipe1.ezmember.co.kr/cache/recipe/2024/03/28/da452646b576fe27e52463e449a8f2171_f.jpg
6784765,https://recipe1.ezmember.co.kr/cache/recipe/2015/05/21/e1e90bf85b8109baa9356ed27ef296b41_f.jpg
6868632,https://recipe1.ezmember.co.kr/cache/recipe/2017/04/11/2969a1d32150a8d41167ca07ebb1df031_f.jpg
6835826,https://recipe1.ezmember.co.kr/cache/recipe/2015/10/08/94ca23fc3563d36f24b2842c2692d8ad1_f.jpg
6893313,https://recipe1.ezmember.co.kr/cache/recipe/2018/07/29/828698804adbea077f863a51ae84f8af1_f.jpg
7055328,https://recipe1.ezmember.co.kr/cache/recipe/2025/06/15/3eb4cd6b6710468a155824f5e46a1f291_f.jpg
4666779,https://recipe1.ezmember.co.kr/cache/recipe/2015/06/08/ea554432df5e6ba120ea683c66ee35c7_f.jpg
6859024,https://recipe1.ezmember.co.kr/cache/recipe/2016/10/24/a40e927cde3c3a97f7cb966291ee97d31_f.jpg
6966031,https://recipe1.ezmember.co.kr/cache/recipe/2021/09/30/2ce70ac24774afc2c7a9e8de42b2b6ad1_f.jpg
6924066,https://recipe1.ezmember.co.kr/cache/recipe/2019/12/25/dd82aed04e20fbb6edf1cef41ae178761_f.jpg
6899031,https://recipe1.ezmember.co.kr/cache/recipe/2018/10/30/d4af3781c373482f997d30cf1c9c1d8b1_f.jpg
6894218,https://recipe1.ezmember.co.kr/cache/recipe/2018/08/15/fd49b6ba7fee079236449b49d58b0d7a1_f.jpg
6894994,https://recipe1.ezmember.co.kr/cache/recipe/2018/08/30/aba5f19778dd068491d7c969ece783141_f.jpg
6885928,https://recipe1.ezmember.co.kr/cache/recipe/2018/03/22/599723cfecc8d9dd610aabadcbf6f3a71_f.jpg
6944867,https://recipe1.ezmember.co.kr/cache/recipe/2020/10/23/1045806ae9dac2f1be60ab809c286bed1_f.jpg
6884445,https://recipe1.ezmember.co.kr/cache/recipe/2018/02/24/c43a4091333d7ea49cf0c86ce0f5bd0c1_f.jpg
6841684,https://recipe1.ezmember.co.kr/cache/recipe/2016/01/16/ac9b1d06a1b397a8062dc1e7cf007e321_f.jpg
7069005,https://recipe1.ezmember.co.kr/cache/recipe/2025/09/26/4017091668eef19f5c776f73cc27c07a1_f.jpg
6941193,https://recipe1.ezmember.co.kr/cache/recipe/2020/09/08/35e12ab7ed8abd1764aa8d26b2b687161_f.jpg
6896125,https://recipe1.ezmember.co.kr/cache/recipe/2018/09/19/4b25d5b666b23b3542252b6d68254f3c1_f.JPG
6016534,https://recipe1.ezmember.co.kr/cache/recipe/2015/04/09/ca81c1be7665e31b853aec41a77973041_f.jpg
6939230,https://recipe1.ezmember.co.kr/cache/recipe/2020/08/14/012e4c4dc2cbc22088b9ed8ae7353ba61_f.jpg
6830231,https://recipe1.ezmember.co.kr/cache/recipe/2015/07/15/44fe3486e4914f20e2dc2cfa262da2171_f.jpg
6902746,https://recipe1.ezmember.co.kr/cache/recipe/2018/12/24/8311e1002fd921debc58382ba2b6e7e91_f.jpg
6957095,https://recipe1.ezmember.co.kr/cache/recipe/2021/04/19/1437bf31eef9361f8eec4e2c1f707cb61_f.jpg
6867012,https://recipe1.ezmember.co.kr/cache/recipe/2017/03/17/69bde7745b8c24ca8a11272eddb900f31_f.jpg
6995021,https://recipe1.ezmember.co.kr/cache/recipe/2023/01/07/712aa226fcb153073766d23961c835c71_f.jpg
6947661,https://recipe1.ezmember.co.kr/cache/recipe/2020/12/05/727b30885e013e7e0e391742a4f8c4e71_f.jpg
7061341,https://recipe1.ezmember.co.kr/cache/recipe/2025/08/23/20a41c2f1f5d800d374a3b9e7419b6651_f.jpg
6892990,https://recipe1.ezmember.co.kr/cache/recipe/2018/07/24/43d057879bcd9ef3f33faaf2f27410261_f.jpg
3932168,https://recipe1.ezmember.co.kr/cache/recipe/2015/03/26/122abc6ba81af3e107de96e9d839e3c21_f.jpg
6940146,https://recipe1.ezmember.co.kr/cache/recipe/2020/08/26/ff579648c7736d463873ce7d95342e281_f.jpg
4211815,https://recipe1.ezmember.co.kr/cache/recipe/2015/06/20/89652cfc5caf25f5e086d640fb7c476b_f.jpg
6874742,https://recipe1.ezmember.co.kr/cache/recipe/2016/07/11/d5e1d86dcd9ce5fa84176c2a61edd7d11_f.jpg
6898883,https://recipe1.ezmember.co.kr/cache/recipe/2018/10/28/8c586aaa45936ec9dc9e6560e26363e31_f.jpg
6897396,https://recipe1.ezmember.co.kr/cache/recipe/2018/10/08/1c5b89deb0ce7712e455f0f9f2c301031_f.jpg
6965435,https://recipe1.ezmember.co.kr/cache/recipe/2021/09/18/1a9648924efaa9e15c3bc4a26da991b51_f.jpg
6837664,https://recipe1.ezmember.co.kr/cache/recipe/2015/11/06/7a9b16f186521fafdf6b37a665089c9b1_f.jpg
6886691,https://recipe1.ezmember.co.kr/cache/recipe/2018/04/04/33203aee0189e605d55bd4e70578de8d1_f.jpg
6882846,https://recipe1.ezmember.co.kr/cache/recipe/2018/01/25/9e060233920f8477092fb2a70c79d04b1_f.jpg
6877141,https://recipe1.ezmember.co.kr/cache/recipe/2017/08/29/3fe16bdfa89cdfaa745ef514b72cef891_f.jpg
6846655,https://recipe1.ezmember.co.kr/cache/recipe/2016/04/18/9f748967e41cdb2dacf36ac22df105f01_f.jpg
6970677,https://recipe1.ezmember.co.kr/cache/recipe/2021/12/11/b81100da82aad929b9065cb1d53dbf121_f.jpg
6994076,https://recipe1.ezmember.co.kr/cache/recipe/2022/12/20/28ecaa24213c9abe1918312a3978d54f1_f.jpg
6902310,https://recipe1.ezmember.co.kr/cache/recipe/2018/12/18/b6ec2bbc4d43a8c5d7b43b56ffb169c51_f.jpg
6869568,https://recipe1.ezmember.co.kr/cache/recipe/2017/05/08/f9734f164f7852b19efa8a72bea7cb6d1_f.jpg
6878672,https://recipe1.ezmember.co.kr/cache/recipe/2017/10/27/700434f2f5f98421082817b0f6540b591_f.jpg
6893783,https://recipe1.ezmember.co.kr/cache/recipe/2018/08/08/3f023abb472976513dc8c1a1d0ee97d61_f.jpg
6829748,https://recipe1.ezmember.co.kr/cache/recipe/2015/07/07/2493874b744d3250e25ff3bbcb5755c81_f.jpg
6936490,https://recipe1.ezmember.co.kr/cache/recipe/2020/07/12/1875143f367cf4dc0d4412cd45408e231_f.jpg
6959751,https://recipe1.ezmember.co.kr/cache/recipe/2021/06/07/1045c3ba3dc682f437aadf2e5d85ecbf1_f.jpg
6918841,https://recipe1.ezmember.co.kr/cache/recipe/2019/09/07/41cf01f90aeb3d7ba8ca23c0ff1ee3091_f.jpg
6881041,https://recipe1.ezmember.co.kr/cache/recipe/2017/12/16/f23188b6f4471a0406d85f229c8425df1_f.png
4037863,https://recipe1.ezmember.co.kr/cache/recipe/2015/06/08/b3b328ee4b70ff10670964d71738c9b4_f.jpg
6954173,https://recipe1.ezmember.co.kr/cache/recipe/2021/02/25/528c567c5384507ff6604380d9d60aff1_f.jpg
6834627,https://recipe1.ezmember.co.kr/cache/recipe/2015/09/18/46fdbe2e9736d75a56222e7831be700d1_f.jpg
6847844,https://recipe1.ezmember.co.kr/cache/recipe/2016/05/09/ba43fa1c993e2c96fd586d8fbb0cb1c21_f.jpg
7040395,https://recipe1.ezmember.co.kr/cache/recipe/2024/12/11/4f101a507d8723a9a5857087f4a6d3d01_f.jpg
6876689,https://recipe1.ezmember.co.kr/cache/recipe/2017/09/11/0264aea0fe705118bb1a168a9d9dd8281_f.jpg
6907491,https://recipe1.ezmember.co.kr/cache/recipe/2019/02/28/ec360f025ee2ef26d8990f27236305b61_f.jpg
6866873,https://recipe1.ezmember.co.kr/cache/recipe/2017/03/15/fddb7bed658c802c77dafc7ebcfb6d261_f.jpg
6921666,https://recipe1.ezmember.co.kr/cache/recipe/2019/11/05/c55d300fdb78b948e14ef1a3d163697f1_f.jpg
6844804,https://recipe1.ezmember.co.kr/cache/recipe/2016/03/16/069493d17f3b8b2198c8be677b249c9b1_f.jpg
6905157,https://recipe1.ezmember.co.kr/cache/recipe/2019/01/24/5af9c3e01da641944acb0946998057381_f.jpg
6959346,https://recipe1.ezmember.co.kr/cache/recipe/2021/06/01/a5975fd9895c481b38dd6860177c2a791_f.jpg
6959338,https://recipe1.ezmember.co.kr/cache/recipe/2021/06/01/855a14e4f1b996225d3024823e8e32e11_f.jpg
6907391,https://recipe1.ezmember.co.kr/cache/recipe/2019/02/27/227c35e202e1c2886c6687803887a1d41_f.jpg
7061004,https://recipe1.ezmember.co.kr/cache/recipe/2025/08/23/d4a3b3cf4ea2e05394ed85da9578dad61_f.jpg
5450286,https://recipe1.ezmember.co.kr/cache/recipe/2015/06/08/f2b5cca34ef3006167b7e19c14542655_f.jpg
7022673,https://recipe1.ezmember.co.kr/cache/recipe/2024/03/21/319aaf1ddfb952d3b659c17139fc22bc1_f.jpg
6972725,https://recipe1.ezmember.co.kr/cache/recipe/2022/01/14/33724c966cdd5ddbd775e2ba416775e21_f.jpg
6871475,https://recipe1.ezmember.co.kr/cache/recipe/2017/06/19/1ed33593a158fdd88189e50affcb7f031_f.jpg
6875196,https://recipe1.ezmember.co.kr/cache/recipe/2017/08/22/1dddc24f5f69e3e895b1c572168a0ab91_f.jpg
6990202,https://recipe1.ezmember.co.kr/cache/recipe/2022/10/16/3b090d118c54e6fde3572c3780d9d4601_f.jpg
6836993,https://recipe1.ezmember.co.kr/cache/recipe/2015/10/27/efec2004bd8ea3ed8f7f184ee47061711_f.jpg
6839375,https://recipe1.ezmember.co.kr/cache/recipe/2015/12/09/66ce4a8ca9692c65b22078edeae13a721_f.jpg
6967736,https://recipe1.ezmember.co.kr/cache/recipe/2021/10/29/48c30f88fea945d7e2c456a02ea6ad701_f.jpg
6896109,https://recipe1.ezmember.co.kr/cache/recipe/2018/09/19/9af32a0ed36f0306512ab64822fe154c1_f.jpg
6955911,https://recipe1.ezmember.co.kr/cache/recipe/2021/03/29/633207fa5d99feb3ba57ae782aab5d611_f.jpg
6945492,https://recipe1.ezmember.co.kr/cache/recipe/2020/11/02/dc26d390ec1b8428b4cde8cc21bf2d061_f.jpg
7050501,https://recipe1.ezmember.co.kr/cache/recipe/2025/04/17/348f08bddb7a52ae53574f1cd721c3e91_f.jpg
6863408,https://recipe1.ezmember.co.kr/cache/recipe/2017/01/02/6c3b4d5e9b6c82c56cc78a2bfe2370b01_f.jpg
4465981,https://recipe1.ezmember.co.kr/cache/recipe/2015/05/26/0b257677b2d9ce6280673a21b3cdbd4d1_f.jpg
6987104,https://recipe1.ezmember.co.kr/cache/recipe/2022/09/07/daaae6cf1362fa5d2b1b9498bcbc88b21_f.jpg
7018348,https://recipe1.ezmember.co.kr/cache/recipe/2024/01/22/7084c75f61a57bef004a594197668d061_f.jpg
6862777,https://recipe1.ezmember.co.kr/cache/recipe/2016/12/18/a8e68801a8db1276acccce9b61cdd76f1_f.jpg
6910462,https://recipe1.ezmember.co.kr/cache/recipe/2019/04/14/732f2994500429182b5c5c54ba4193ce1_f.jpg
6850348,https://recipe1.ezmember.co.kr/cache/recipe/2016/05/25/1f5d96ce109274e46de18a3e012722421_f.jpg
7002504,https://recipe1.ezmember.co.kr/cache/recipe/2023/05/19/f1909794352e86f75f2c3bfe050efdad1_f.jpg
6828964,https://recipe1.ezmember.co.kr/cache/recipe/2015/06/15/e128458a6f8fa2cad35b57e3d6efab3d1_f.jpg
6952884,https://recipe1.ezmember.co.kr/cache/recipe/2021/02/05/496059f2ab371ddd3990f6ad1336fc801_f.jpg
6896701,https://recipe1.ezmember.co.kr/cache/recipe/2018/09/28/03b369531d9a2892c21203d23e3fa55e1_f.jpg
6995067,https://recipe1.ezmember.co.kr/cache/recipe/2023/01/08/cb98f501d97e23c003d018f1172bea331_f.jpg
6865833,https://recipe1.ezmember.co.kr/cache/recipe/2017/02/24/2bb385b89f4bde64b62d57d83ee0fe1a1_f.jpg
6871349,https://recipe1.ezmember.co.kr/cache/recipe/2017/06/09/37c5d80f70c869d6121592a46d3a95331_f.jpg
6875085,https://recipe1.ezmember.co.kr/cache/recipe/2017/08/21/bddc1578e644e777e2e59a1ea911bf0a1_f.jpg
6895935,https://recipe1.ezmember.co.kr/cache/recipe/2018/09/16/0e964caa767c58c10a8cdfab09d819511_f.jpg
7036933,https://recipe1.ezmember.co.kr/cache/recipe/2024/10/14/f26527b94d6a541f62754945a126b7141_f.jpg
6866369,https://recipe1.ezmember.co.kr/cache/recipe/2017/03/06/31ebb7e7b28e7f5d390656efb9c1591b1_f.jpg
6829865,https://recipe1.ezmember.co.kr/cache/recipe/2015/07/06/048fa17a6d09aa6192af4c269580c53a1_f.jpg
6887403,https://recipe1.ezmember.co.kr/cache/recipe/2018/04/16/ecb2239b25100aa35b65d2e893287d1e1_f.jpg
6920725,https://recipe1.ezmember.co.kr/cache/recipe/2019/10/16/d85bfa48c9c6323e9168aa95dcd1ce4a1_f.jpg
4982720,https://recipe1.ezmember.co.kr/cache/recipe/2015/06/08/cef5857fa8a61ff4640b92759bf79e15_f.jpg
6865383,https://recipe1.ezmember.co.kr/cache/recipe/2017/02/16/4ad22afeed43dce57ad28b903c25c3cc1_f.jpg
6944889,https://recipe1.ezmember.co.kr/cache/recipe/2020/10/23/c51c20cc2af942e8b455a435b57e17b61_f.jpg
6791283,https://recipe1.ezmember.co.kr/cache/recipe/2015/05/25/d12f07b6194474b421a9243f29ed40fb1_f.jpg
6855328,https://recipe1.ezmember.co.kr/cache/recipe/2016/08/25/597640c36f7cce5d0871c0712e07dbff1_f.jpg
6832769,https://recipe1.ezmember.co.kr/cache/recipe/2015/08/25/2bdb52977c855fd9aae0319e8514b3551_f.jpg
6926254,https://recipe1.ezmember.co.kr/cache/recipe/2020/02/09/0a8a1833b5f98afccf3e7690f027385c1_f.jpg
6888653,https://recipe1.ezmember.co.kr/cache/recipe/2018/05/11/130b2a9cfd746311e7ef3a23870edf341_f.png
6960470,https://recipe1.ezmember.co.kr/cache/recipe/2021/06/19/d70213da37b651cb625287df48fdec3c1_f.jpg
6864624,https://recipe1.ezmember.co.kr/cache/recipe/2017/01/16/41417966b1227fc1fb9194ec7aae1c3d1_f.jpg
6890492,https://recipe1.ezmember.co.kr/cache/recipe/2018/06/08/012dc3989759926a82966e68e34e0a511_f.jpg
6900624,https://recipe1.ezmember.co.kr/cache/recipe/2018/11/22/722cd1b83bf7ed54488d49bc4b8424311_f.jpg
7000718,https://recipe1.ezmember.co.kr/cache/recipe/2023/04/15/69dc49db01f7468d1dbaef65163818c81_f.jpg
6881544,https://recipe1.ezmember.co.kr/cache/recipe/2017/12/29/8fcd984a14890ddbc9286a7ce90637dc1_f.jpg
6919892,https://recipe1.ezmember.co.kr/cache/recipe/2019/09/30/194306001482c08524dd75c676153adb1_f.jpg
6837086,https://recipe1.ezmember.co.kr/cache/recipe/2015/10/19/87282629204ba9de755b457242fd2d6c1_f.jpg
5270051,https://recipe1.ezmember.co.kr/cache/recipe/2015/06/05/3b9625133313d895da562d6452b31e0c1_f.jpg
6869980,https://recipe1.ezmember.co.kr/cache/recipe/2017/05/18/e97f8a1ed03ca47f5e1a0d12f3aefead1_f.jpg
6911884,https://recipe1.ezmember.co.kr/cache/recipe/2019/05/09/ad2797bc1866afbe12cde4d0eb2f9f8c1_f.jpg
6881960,https://recipe1.ezmember.co.kr/cache/recipe/2018/01/09/a71016324032b9ac99d2ab8ca5e8fd6d1_f.jpg
6456816,https://recipe1.ezmember.co.kr/cache/recipe/2015/05/31/bb17f57be23ea5800641fe77d1d62efa1_f.jpg
6879414,https://recipe1.ezmember.co.kr/cache/recipe/2017/11/11/74d34c63f8892b38ae9b004968df62431_f.jpg
6898131,https://recipe1.ezmember.co.kr/cache/recipe/2018/10/18/880410cf0a3daa0ab89ecb515dc0a70e1_f.JPG
7036013,https://recipe1.ezmember.co.kr/cache/recipe/2024/10/08/9ebd2450fed94bd2432f807009f854381_f.jpg
3900321,https://recipe1.ezmember.co.kr/cache/recipe/2015/06/22/8362457c8294d42ca049f4ce9f313ca3_f.jpg
4333365,https://recipe1.ezmember.co.kr/cache/recipe/2015/06/29/a36dfb23bb27f71f85ea90c2d44fa292_f.jpg
6857520,https://recipe1.ezmember.co.kr/cache/recipe/2016/09/27/a6d2a022fa3a1d89fb504fd709db91f91_f.jpg
6842611,https://recipe1.ezmember.co.kr/cache/recipe/2016/02/04/76e9898f9e3117f683ef8d98425ef82b1_f.jpg
6835830,https://recipe1.ezmember.co.kr/cache/recipe/2015/10/08/91580e12d14138a1bd2cad9f2e0c5b651_f.jpg
6830465,https://recipe1.ezmember.co.kr/cache/recipe/2015/07/21/cb4a24b325c478b6a77e76ea6df71d881_f.jpg
6899437,https://recipe1.ezmember.co.kr/cache/recipe/2018/11/05/57f73d19a8b49d00c1b5464e22cf1b1b1_f.jpg
6956242,https://recipe1.ezmember.co.kr/cache/recipe/2021/04/04/227a7f55ea8e9489992fb7eee8dc205b1_f.jpg
6945261,https://recipe1.ezmember.co.kr/cache/recipe/2020/10/21/f5dc8edf091cc43a0cf3c08c75c58eb91_f.jpg
6841784,https://recipe1.ezmember.co.kr/cache/recipe/2016/01/19/9c1c1cf344e139c7321a5f94688d02fe1_f.jpg
6891591,https://recipe1.ezmember.co.kr/cache/recipe/2018/06/27/16c30371f074864b3696f8edfd8b12591_f.jpg
7042375,https://recipe1.ezmember.co.kr/cache/recipe/2025/01/11/91698620eecd258522c73c79d6720b361_f.jpg
6862189,https://recipe1.ezmember.co.kr/cache/recipe/2016/12/05/e0a8324c4722defc0e3cbd613f31bcea1_f.jpg
6893398,https://recipe1.ezmember.co.kr/cache/recipe/2018/07/30/397b2ac5fa1ad0661af2b44b86b630551_f.png
7044561,https://recipe1.ezmember.co.kr/cache/recipe/2025/02/11/363401771dcfe1745298a6aabdde69881_f.jpg
6905751,https://recipe1.ezmember.co.kr/cache/recipe/2019/02/01/d9f6f07c362a51c5e267a58e00c8d0e01_f.jpg
6986057,https://recipe1.ezmember.co.kr/cache/recipe/2022/08/21/88ecd4cd7b44f67677c3aab58c9450191_f.jpg
6863517,https://recipe1.ezmember.co.kr/cache/recipe/2017/01/04/8b2fe60a62afa797c891bca0f6dc84fd1_f.jpg
6846601,https://recipe1.ezmember.co.kr/cache/recipe/2016/03/30/81262e875626616c0363a26fe0c897791_f.jpg
6889494,https://recipe1.ezmember.co.kr/cache/recipe/2018/05/24/fee11df11071f4582766853a09d89abe1_f.jpg
6361206,https://recipe1.ezmember.co.kr/cache/recipe/2015/04/04/0b595c61ced2d09c84af3b8511a436271_f.jpg
6904024,https://recipe1.ezmember.co.kr/cache/recipe/2019/01/10/c601e9514bf224fd53c7df9c6cf8da0f1_f.jpg
6949834,https://recipe1.ezmember.co.kr/cache/recipe/2021/01/02/9c73b66d42f4e2916ec1751bedcb065e1_f.jpg
6930413,https://recipe1.ezmember.co.kr/cache/recipe/2020/04/09/9cc2ace25d80c0a4003d09cb0f70d26f1_f.jpg
6859028,https://recipe1.ezmember.co.kr/cache/recipe/2016/10/25/fb3ecff764685710060b5a00fbc131001_f.jpg
6894204,https://recipe1.ezmember.co.kr/cache/recipe/2018/08/15/0a0d900792c76059d80e277de183cc7b1_f.jpg
6891465,https://recipe1.ezmember.co.kr/cache/recipe/2018/06/25/3cdc05d9832220e2190e1cb805ddc8d01_f.jpg
6900248,https://recipe1.ezmember.co.kr/cache/recipe/2018/11/16/78efc028650a93f248556e01cdeb2ede1_f.jpg
6913407,https://recipe1.ezmember.co.kr/cache/recipe/2019/06/06/493d7a4aa7c156c95ef247370a5168a11_f.jpg
6853160,https://recipe1.ezmember.co.kr/cache/recipe/2016/07/21/032114519877b222f7bebfcfb8cb97ee1_f.jpg
6831806,https://recipe1.ezmember.co.kr/cache/recipe/2015/08/13/7fada2da89003a7bd62348f29396e5971_f.jpg
6819770,https://recipe1.ezmember.co.kr/cache/recipe/2015/06/07/881b2deaacb6f06b02666c4e61f4ca991_f.jpg
6950683,https://recipe1.ezmember.co.kr/cache/recipe/2021/01/12/ba8435edd1aa72a6dc7ca559344e578c1_f.jpg
6950484,https://recipe1.ezmember.co.kr/cache/recipe/2021/01/09/7bcbd78208d2135712f80a620b4108081_f.jpg
6924463,https://recipe1.ezmember.co.kr/cache/recipe/2020/01/02/1932694b8853d80440bec1e884b2712d1_f.jpg
6893052,https://recipe1.ezmember.co.kr/cache/recipe/2018/07/25/38fc7f22e6ecba7ff3f748bf005744071_f.jpg
6957320,https://recipe1.ezmember.co.kr/cache/recipe/2021/04/24/e098a6b9d44b83b848b1c82ab8e535bb1_f.jpg
6906329,https://recipe1.ezmember.co.kr/cache/recipe/2019/02/11/0e37a6903c5918e2d04e7fdf1e3707f71_f.jpg
6889630,https://recipe1.ezmember.co.kr/cache/recipe/2018/05/27/7adcd8813308b17762c3d2b03eff7d991_f.jpg
6974497,https://recipe1.ezmember.co.kr/cache/recipe/2022/02/13/29bb2e8a61a4776a7d6917917884709e1_f.jpg
6926114,https://recipe1.ezmember.co.kr/cache/recipe/2020/02/06/1935598e7236cbdd8c1f6adeb225994b1_f.jpg
6904455,https://recipe1.ezmember.co.kr/cache/recipe/2019/01/15/8c9fff50b74b19cfb79a4575d334edc81_f.jpg
6892157,https://recipe1.ezmember.co.kr/cache/recipe/2018/07/08/21662c63db73450101559e22041898381_f.jpg
6867157,https://recipe1.ezmember.co.kr/cache/recipe/2017/03/21/a640f519093bf7804bdc46379bf890031_f.jpg
6974576,https://recipe1.ezmember.co.kr/cache/recipe/2022/02/15/53299cff43a68be65f4b5a2ca639b71e1_f.jpg
6972396,https://recipe1.ezmember.co.kr/cache/recipe/2022/01/09/10a69586ed2cf5d12be7fae7fb0f04f51_f.jpg
6873723,https://recipe1.ezmember.co.kr/cache/recipe/2017/07/28/9686c428f4bc9521eb0853f040c3f6431_f.jpg
6810080,https://recipe1.ezmember.co.kr/cache/recipe/2015/06/02/5106f467e1e18047876fc730570f74631_f.jpg
4124066,https://recipe1.ezmember.co.kr/cache/recipe/2015/06/19/0f00ac2ecf320a2c1f74da73fffe04d7_f.jpg
6908849,https://recipe1.ezmember.co.kr/cache/recipe/2019/03/20/02332684f855911ab79c1cd9641181c11_f.jpg
5878984,https://recipe1.ezmember.co.kr/cache/recipe/2015/08/10/414f5aed3aa82d77614e56fea28dec361_f.jpg
5644308,https://recipe1.ezmember.co.kr/cache/recipe/2015/06/02/8731f2cac1f8b140eabeed9daa456e7d1_f.JPG
6952355,https://recipe1.ezmember.co.kr/cache/recipe/2021/01/30/21c06aa0bf2936416c8607b46bf8795d1_f.jpg
6929851,https://recipe1.ezmember.co.kr/cache/recipe/2020/04/03/575684284410d8a26e63970fb2fb5d811_f.jpg
6911699,https://recipe1.ezmember.co.kr/cache/recipe/2019/05/06/5c218e479033fb4378ab2d2dd21e53521_f.jpg
6841438,https://recipe1.ezmember.co.kr/cache/recipe/2016/01/12/534bfa2a647cbacedf227822e28f0bc21_f.jpg
6837913,https://recipe1.ezmember.co.kr/cache/recipe/2015/11/10/3ac7accf78e5e16082636c9abe591a8a1_f.jpg
6922345,https://recipe1.ezmember.co.kr/cache/recipe/2019/11/18/60ca7ab5536712ece5839541e78ec5411_f.jpg
6903688,https://recipe1.ezmember.co.kr/cache/recipe/2019/01/06/0c1ed719e27341c9401c6456c513fceb1_f.jpg
6830221,https://recipe1.ezmember.co.kr/cache/recipe/2015/06/21/aefdfa2e3a849f2b93eb374462cc16d81_f.jpg
6949883,https://recipe1.ezmember.co.kr/cache/recipe/2021/01/02/d674fe187eab5799396594ad3ec05c661_f.jpg
6856287,https://recipe1.ezmember.co.kr/cache/recipe/2016/09/01/484b1194a69d0b2da09014a25a9334de1_f.jpg
6920633,https://recipe1.ezmember.co.kr/cache/recipe/2019/10/15/8ff6db7f696ed3d22c789d9d26f9cd971_f.jpg
6772108,https://recipe1.ezmember.co.kr/cache/recipe/2015/05/15/cd29d80107abd5f048b2336f8cd3b3491_f.jpg
7007715,https://recipe1.ezmember.co.kr/cache/recipe/2023/08/09/667c3114a235a260e5a5b405d59d27c21_f.jpg
6961062,https://recipe1.ezmember.co.kr/cache/recipe/2021/07/02/796819e28bce140e11e6deda989430c21_f.jpg
6985838,https://recipe1.ezmember.co.kr/cache/recipe/2022/08/15/46ab8bd3d7cac38900612f78963676951_f.jpg
6835012,https://recipe1.ezmember.co.kr/cache/recipe/2015/09/24/31162069d5acda5867121305d3ea1d601_f.jpg
6929710,https://recipe1.ezmember.co.kr/cache/recipe/2020/04/01/e91a66c615502443a2340b5b2cef86351_f.jpg
6918270,https://recipe1.ezmember.co.kr/cache/recipe/2019/08/27/7bf24a4eec3702045da7954f0271a8da1_f.jpg
6842372,https://recipe1.ezmember.co.kr/cache/recipe/2016/01/30/3da922c473746d84d70f291ac63060071_f.jpg
6939423,https://recipe1.ezmember.co.kr/cache/recipe/2020/08/17/7143717680ffe14d99709655de33c3c31_f.jpg
6829728,https://recipe1.ezmember.co.kr/cache/recipe/2015/08/07/f79018772f1abf299cb4f91bcc0748021_f.jpg
6957515,https://recipe1.ezmember.co.kr/cache/recipe/2021/04/28/f39dd9b3c458304b695d09d9371f2b921_f.jpg
6961599,https://recipe1.ezmember.co.kr/cache/recipe/2021/07/12/ce1f6fac94a7d889ac8e856889bb89b01_f.jpg
6945668,https://recipe1.ezmember.co.kr/cache/recipe/2020/11/05/7ca71444296ead4acd8b2b4b3fee53f61_f.jpg
4469004,https://recipe1.ezmember.co.kr/cache/recipe/2015/04/21/12a8c35a17e01d18e615e69764318ae41_f.jpg
6993179,https://recipe1.ezmember.co.kr/cache/recipe/2022/12/04/37571c561484e3c4e32d650b22f582ab1_f.jpg
6911834,https://recipe1.ezmember.co.kr/cache/recipe/2019/05/08/c533481ae68ba2764ee3ec225d55e9d31_f.jpg
6943672,https://recipe1.ezmember.co.kr/cache/recipe/2020/10/08/07af102719ca2a4aebe28d8f3c3653001_f.jpg
6835812,https://recipe1.ezmember.co.kr/cache/recipe/2015/10/08/480aa4ebbcb034d62f98f648bfdb3bd01_f.jpg
7014382,https://recipe1.ezmember.co.kr/cache/recipe/2023/11/25/45875101cdee78925f2628ecbf3c3a3d1_f.jpg
6835273,https://recipe1.ezmember.co.kr/cache/recipe/2015/09/30/c2454bbdeccfd9da7f58184613e209871_f.jpg
6887687,https://recipe1.ezmember.co.kr/cache/recipe/2018/04/21/1912e7b9dd5ea45fa49cbb7217e19f7c1_f.jpg
6934021,https://recipe1.ezmember.co.kr/cache/recipe/2020/06/08/ec22013fe333651e8b7756c0f4f225771_f.jpg
6918123,https://recipe1.ezmember.co.kr/cache/recipe/2019/08/24/1ccb018258acfa2da87fc4518882c3311_f.jpg
6871778,https://recipe1.ezmember.co.kr/cache/recipe/2017/06/18/962c78b585b91c2462e44f84bc43b97b1_f.jpg
6838463,https://recipe1.ezmember.co.kr/cache/recipe/2015/11/20/0c7e55402d43a63619f9837d403fc2251_f.jpg
6887830,https://recipe1.ezmember.co.kr/cache/recipe/2018/04/25/a92fdced0b9922d60c29acf3a0d9b2511_f.jpg
6435129,https://recipe1.ezmember.co.kr/cache/recipe/2015/04/04/da771eff08076336d7f41ea9d1ae29ce1_f.jpg
6897462,https://recipe1.ezmember.co.kr/cache/recipe/2018/10/09/e5e48b922f7abe693b6c1b757e18185b1_f.jpg
6869068,https://recipe1.ezmember.co.kr/cache/recipe/2017/04/27/568a5a66e879cbfda2e8ce672dc8da8a1_f.jpg
6881925,https://recipe1.ezmember.co.kr/cache/recipe/2018/01/08/669d98d2db6ca2cf74244f2c6450c2b21_f.jpg
6870071,https://recipe1.ezmember.co.kr/cache/recipe/2017/05/20/3aa2376d317d64869e86e0d5ab3837a01_f.jpg
6831810,https://recipe1.ezmember.co.kr/cache/recipe/2015/08/13/557e58cbfd657e2146e57b94b8f3cc4c1_f.jpg
6895802,https://recipe1.ezmember.co.kr/cache/recipe/2018/09/13/c0082cbd5c5ed6751c532665ff3cd0f51_f.jpg
6928537,https://recipe1.ezmember.co.kr/cache/recipe/2020/03/15/fc456b96daa38a2ad0d1eb037bbb41211_f.jpg
6864630,https://recipe1.ezmember.co.kr/cache/recipe/2017/02/01/2c51ddd36907928096bf8281b1dd981f1_f.jpg
6831575,https://recipe1.ezmember.co.kr/cache/recipe/2015/08/12/54cd16658e78793cc38f4a9a4a1193131_f.jpg
6872567,https://recipe1.ezmember.co.kr/cache/recipe/2017/07/11/a8d84e26af4234445be1e5ffd452ca201_f.jpg
6960514,https://recipe1.ezmember.co.kr/cache/recipe/2021/06/20/29cf33cb2d566e0b86b3ccf0c0ece9771_f.jpg
6910128,https://recipe1.ezmember.co.kr/cache/recipe/2019/04/09/42373d0ce4120fe43429dd7e2f9b662d1_f.jpg
6894721,https://recipe1.ezmember.co.kr/cache/recipe/2018/08/24/4b30851b217795691dc0034a934f68de1_f.jpg
6868841,https://recipe1.ezmember.co.kr/cache/recipe/2017/04/22/64c4f69857bb4c30621a7069e9d7c6ac1_f.jpg
6938856,https://recipe1.ezmember.co.kr/cache/recipe/2020/08/07/740b1d90c08f4002a80bb032ecf7b7f21_f.jpg
6906639,https://recipe1.ezmember.co.kr/cache/recipe/2019/02/15/023a8dbe8053c4f6e8116f9e645829671_f.jpg
6997482,https://recipe1.ezmember.co.kr/cache/recipe/2023/02/22/1f1454c706b5d56e7f48dc60dba543771_f.jpg
6934751,https://recipe1.ezmember.co.kr/cache/recipe/2020/06/23/1a3fefcf8e40df3a7ea93b96d1c549601_f.jpg
6890343,https://recipe1.ezmember.co.kr/cache/recipe/2018/06/06/666c70c1387338a57561094bc8f6d7cf1_f.jpg
6784492,https://recipe1.ezmember.co.kr/cache/recipe/2015/05/22/9023ce9d8853687e9c31509bb69c3b3a1_f.JPG
2614273,https://recipe1.ezmember.co.kr/cache/recipe/2015/07/14/935641575c370ec7a1ecd6bf201a7aa7_f.jpg
6837296,https://recipe1.ezmember.co.kr/cache/recipe/2015/11/02/129111678cd9b2294973f17c4140273d1_f.jpg
6862649,https://recipe1.ezmember.co.kr/cache/recipe/2016/12/15/c40d557d80383e5a39dc13f2f58e82c31_f.jpg
6858075,https://recipe1.ezmember.co.kr/cache/recipe/2016/10/06/1b7fb0ab5556bbc1b9dc6ad8263860911_f.jpg
6845425,https://recipe1.ezmember.co.kr/cache/recipe/2016/03/27/3d2f69e92ade27667bdca4061ecd0b1e1_f.jpg
6956015,https://recipe1.ezmember.co.kr/cache/recipe/2021/03/30/3fa1c011695fc9621fa3323bfe4d9ab41_f.jpg
6904119,https://recipe1.ezmember.co.kr/cache/recipe/2019/01/11/8b9aa73b5821e2493c7f2953b061f0f01_f.png
6988714,https://recipe1.ezmember.co.kr/cache/recipe/2022/10/05/e9e1927913dd4cdee23aea9a4c051f8c1_f.jpg
6912295,https://recipe1.ezmember.co.kr/cache/recipe/2019/05/17/21d410a64c0ed58465bb6fa0e44e2da91_f.jpg
6887319,https://recipe1.ezmember.co.kr/cache/recipe/2018/04/10/454141d4f5ecb92f316285b3e5e771021_f.jpg
6900994,https://recipe1.ezmember.co.kr/cache/recipe/2018/11/29/9b73555e7dd01d538ca6833fcfc3edda1_f.jpg
6968032,https://recipe1.ezmember.co.kr/cache/recipe/2021/11/03/ba26d12e92f9054b336c252427c3ba811_f.jpg
6888112,https://recipe1.ezmember.co.kr/cache/recipe/2018/04/30/063d346e8628f5c19d0401fde30ad26f1_f.jpg
6956852,https://recipe1.ezmember.co.kr/cache/recipe/2021/04/14/ea498f6fe5c90c2a52f7f819c135c1bb1_f.jpg
6908979,https://recipe1.ezmember.co.kr/cache/recipe/2019/03/22/d310231d1fdc8f1e2af040ed312254ba1_f.jpg
3729623,https://recipe1.ezmember.co.kr/cache/recipe/2015/06/26/b324b39656e2c0a7307e6eb1c8661765_f.jpg
6935721,https://recipe1.ezmember.co.kr/cache/recipe/2020/07/04/676f46ca32a74e61e00082bcf719219b1_f.jpg
6945953,https://recipe1.ezmember.co.kr/cache/recipe/2020/11/09/752955e74461a3764928b0e2b0e3829d1_f.jpg
6927974,https://recipe1.ezmember.co.kr/cache/recipe/2020/03/08/6c14212d075deb15620a176e755a96e21_f.jpg
6874678,https://recipe1.ezmember.co.kr/cache/recipe/2017/08/14/c260bf0ac2e51704983da2eea386efb41_f.jpg
6864277,https://recipe1.ezmember.co.kr/cache/recipe/2017/01/24/d0ee089ce336ab303d4007fe5c8b7be91_f.jpg
6845008,https://recipe1.ezmember.co.kr/cache/recipe/2016/03/21/686503dc910c58e2a73c31d72abf3e911_f.jpg
6842185,https://recipe1.ezmember.co.kr/cache/recipe/2016/01/27/69be64a8dc73f8b066fdaf0eea4145c11_f.jpg
6895224,https://recipe1.ezmember.co.kr/cache/recipe/2018/09/03/365291cc2f56a0e81ee3b25cbb9511261_f.jpg
6953368,https://recipe1.ezmember.co.kr/cache/recipe/2021/02/11/d7a6d24a3c3d2f3d407995b64806afca1_f.jpg
4294495,https://recipe1.ezmember.co.kr/cache/recipe/2015/04/21/98f0b3907a3f3d8f6167a529c8f3228c1_f.jpg
6854933,https://recipe1.ezmember.co.kr/cache/recipe/2016/08/19/f469bdf12aaf83fa08adf344c0b1c4761_f.jpg
6925436,https://recipe1.ezmember.co.kr/cache/recipe/2020/01/23/ca1274fe4588cc3b34f26481cdd3c5e11_f.jpg
6931481,https://recipe1.ezmember.co.kr/cache/recipe/2020/04/24/6ca7f7cbcca2f594315756ef7c4358f41_f.jpg
7001046,https://recipe1.ezmember.co.kr/cache/recipe/2023/04/21/a10b20fe37650f36b92aa8e6bdae9fb31_f.jpg
6893936,https://recipe1.ezmember.co.kr/cache/recipe/2018/08/10/74f60e588e1ed7321b1c74c22a9b9cbf1_f.jpg
3973722,https://recipe1.ezmember.co.kr/cache/recipe/2015/07/03/24a2a4063093e60c2ef728c79232621d_f.jpg
6870865,https://recipe1.ezmember.co.kr/cache/recipe/2017/06/07/e2093efa95c7e76c4094e2b550be0fa71_f.jpg
6891777,https://recipe1.ezmember.co.kr/cache/recipe/2018/07/01/70d40308c6ea4356532f63a9e1aed04e1_f.jpg
7017991,https://recipe1.ezmember.co.kr/cache/recipe/2024/01/18/2740128f97057de48c8f8d4dcc8c14cb1_f.jpg
6926393,https://recipe1.ezmember.co.kr/cache/recipe/2020/02/22/ef4168c08e86cddadb0955414f536dda1_f.jpg
6891026,https://recipe1.ezmember.co.kr/cache/recipe/2018/06/17/359981a4a2278616e8925da255ea60581_f.jpg
3732354,https://recipe1.ezmember.co.kr/cache/recipe/2015/06/16/9e51ebc03e49a616dcbcea5a22ad2d07_f.jpg
6888156,https://recipe1.ezmember.co.kr/cache/recipe/2018/05/01/beafa23fabb97b0b73b8c49d2bf8fd4b1_f.jpg
6994905,https://recipe1.ezmember.co.kr/cache/recipe/2023/01/05/4566169880786f4fff9c0185786565b31_f.jpg
6958043,https://recipe1.ezmember.co.kr/cache/recipe/2021/05/09/d910e4059f35b5948497c2c0002841281_f.jpg
6939775,https://recipe1.ezmember.co.kr/cache/recipe/2020/08/21/ef618af75cc2d0103db37f508d62bb061_f.jpg
6907862,https://recipe1.ezmember.co.kr/cache/recipe/2019/03/06/72e1e96111a361799661ed7c52c303a51_f.jpg
6852176,https://recipe1.ezmember.co.kr/cache/recipe/2016/07/05/5030fe66624309cacf6c8023c8fbe2ab1_f.jpg
6873911,https://recipe1.ezmember.co.kr/cache/recipe/2017/07/28/8b3adfffd3b5a0777226f5be1b8b44da1_f.jpg
6828810,https://recipe1.ezmember.co.kr/cache/recipe/2015/06/11/cb674807a6ea1a4e35b79561fa40de541_f.jpg
6956881,https://recipe1.ezmember.co.kr/cache/recipe/2021/04/15/176c0c08414090b2454e5eeb63a17fb51_f.jpg
6883759,https://recipe1.ezmember.co.kr/cache/recipe/2018/02/10/f3c12d08ba87db32f66e0a15ca101cb51_f.jpg
6850763,https://recipe1.ezmember.co.kr/cache/recipe/2016/06/10/d40394072836cbc03acc317454da51f21_f.jpg
6921636,https://recipe1.ezmember.co.kr/cache/recipe/2019/11/04/fae7174237038543c65c3d151048824e1_f.jpg
6919463,https://recipe1.ezmember.co.kr/cache/recipe/2019/09/20/bd973e6ee67b14df2a86fb9b619c92ad1_f.jpg
7006744,https://recipe1.ezmember.co.kr/cache/recipe/2023/07/24/a6ff096a33dc5d3ac1b36aea777015df1_f.jpg
6999222,https://recipe1.ezmember.co.kr/cache/recipe/2023/03/19/64cff928c74c4de373385346d526ddfa1_f.jpg
6970445,https://recipe1.ezmember.co.kr/cache/recipe/2021/12/08/95e019cae60ac1fae1fd0209adda90c01_f.jpg
7057207,https://recipe1.ezmember.co.kr/cache/recipe/2025/07/05/dcc324c18dc6ffea3d7c420bd762010b1_f.jpg
6908599,https://recipe1.ezmember.co.kr/cache/recipe/2019/03/17/523accf91caba85cfee505bae8c694001_f.jpg
6904585,https://recipe1.ezmember.co.kr/cache/recipe/2019/01/17/4af12bdfcd322a3e3ddf1c8629f352be1_f.jpg
6906604,https://recipe1.ezmember.co.kr/cache/recipe/2019/02/14/09c9f321f8db9d0ef82e92366c7a2aea1_f.jpg
6832328,https://recipe1.ezmember.co.kr/cache/recipe/2015/08/19/13b729a33e347fe88056d55387242b9f1_f.jpg
6818257,https://recipe1.ezmember.co.kr/cache/recipe/2015/06/06/9cdff76c8a191101b76a9f234cd1dec21_f.jpg
6895343,https://recipe1.ezmember.co.kr/cache/recipe/2018/09/04/1f84d8afaf469981e247bb5a7d68a08e1_f.jpg
6993118,https://recipe1.ezmember.co.kr/cache/recipe/2022/12/02/8e7cfd935ac64fca73aa19977549ac331_f.jpg
6996710,https://recipe1.ezmember.co.kr/cache/recipe/2023/02/09/130b2b68a882391cdd933baa31afae661_f.jpg
6872625,https://recipe1.ezmember.co.kr/cache/recipe/2017/07/12/80d1c507ca94d314a3f3afe27efeb4c31_f.jpg
6951119,https://recipe1.ezmember.co.kr/cache/recipe/2021/01/15/91ca096235fad8b19f8f84e127b3962e1_f.jpg
4310307,https://recipe1.ezmember.co.kr/cache/recipe/2015/06/08/73fc3026f612275b277a6dab770014e8_f.jpg
6949591,https://recipe1.ezmember.co.kr/cache/recipe/2020/12/29/c955f075bcaa897de0cdd463e7fd84411_f.jpg
6892972,https://recipe1.ezmember.co.kr/cache/recipe/2018/07/23/62fa721d5801171ce3f55401925e70281_f.jpg
6842038,https://recipe1.ezmember.co.kr/cache/recipe/2016/01/24/b883893cfd9dc3dadaa302c3622df7291_f.jpg
4492590,https://recipe1.ezmember.co.kr/cache/recipe/2015/06/19/2e3ab686863483439191fca4f96f4dca_f.jpg
7020640,https://recipe1.ezmember.co.kr/cache/recipe/2024/02/23/e8d01efac35e07d57217286aedae6e391_f.jpg
6958589,https://recipe1.ezmember.co.kr/cache/recipe/2021/05/18/8588bea3265761d93aaf1ba92204df191_f.jpg
6958759,https://recipe1.ezmember.co.kr/cache/recipe/2021/05/21/2bb24d88df89fdf937ac885a351dd1d01_f.jpg
7008772,https://recipe1.ezmember.co.kr/cache/recipe/2023/08/25/7691c8bf891cf868e29d15bfb06717f21_f.jpg
6882263,https://recipe1.ezmember.co.kr/cache/recipe/2018/01/13/a8e3e0a1f2f5e62f75139ca9bf9a2d941_f.jpg
6856888,https://recipe1.ezmember.co.kr/cache/recipe/2016/09/12/52ba0a833de56e3671534a61622fc6a51_f.jpg
6949727,https://recipe1.ezmember.co.kr/cache/recipe/2020/12/31/78c140972840f087f51f5ce2d88d43411_f.jpg
6844547,https://recipe1.ezmember.co.kr/cache/recipe/2016/03/12/1e7be0339cc1959b074f2151d5a5f62c1_f.jpg
6902235,https://recipe1.ezmember.co.kr/cache/recipe/2018/12/17/30aa5eff89338720eb8bc5b9a7eed42a1_f.jpg
6944691,https://recipe1.ezmember.co.kr/cache/recipe/2020/10/20/879b844be52a019afb385c359f7b036e1_f.jpg
7071648,https://recipe1.ezmember.co.kr/cache/recipe/2026/02/15/d2278f486506f93093605b68c05b1fe51_f.jpg
6903326,https://recipe1.ezmember.co.kr/cache/recipe/2019/01/02/f81a330cc5091b8d5b539396f3c04a001_f.jpg
6882504,https://recipe1.ezmember.co.kr/cache/recipe/2018/01/18/ed39f8a3d2f4e6f1845f9a3887283b561_f.jpg
6900395,https://recipe1.ezmember.co.kr/cache/recipe/2018/11/19/5d4f4625f1a465590d3e2206b9c4784e1_f.jpg
6949088,https://recipe1.ezmember.co.kr/cache/recipe/2020/12/23/4fa596850fcc3202ca5eec917a923dfb1_f.jpg
6906852,https://recipe1.ezmember.co.kr/cache/recipe/2019/02/18/9d5780218b7bc4d0eaec51dea60e130c1_f.jpg
6843974,https://recipe1.ezmember.co.kr/cache/recipe/2016/03/03/ad15c2b6e3e477c8272ec0d30a28201a1_f.jpg
7003882,https://recipe1.ezmember.co.kr/cache/recipe/2023/06/12/3a463dfd2c95fe733d3a02664ae1dce91_f.jpg
6891222,https://recipe1.ezmember.co.kr/cache/recipe/2018/06/20/5e1fdc25b4a5a675cb6298579a889ac71_f.JPG
6826434,https://recipe1.ezmember.co.kr/cache/recipe/2015/06/10/e8d661b6383d5ec94ab4ff4d72a981071_f.jpg
6944481,https://recipe1.ezmember.co.kr/cache/recipe/2020/10/18/ee945df25f68f62c5a2d05daa70597041_f.jpg
6905742,https://recipe1.ezmember.co.kr/cache/recipe/2019/01/31/a2465af21645699a80b721ab9100bf921_f.jpg
6830991,https://recipe1.ezmember.co.kr/cache/recipe/2015/07/31/d9e10e889f60bddc30b82444712d508a1_f.jpg
4009851,https://recipe1.ezmember.co.kr/cache/recipe/2015/06/08/0fc3d584246a574019049d997faf8718_f.jpg
6841567,https://recipe1.ezmember.co.kr/cache/recipe/2016/01/14/cfd07faf01263042dcc67f45a39653961_f.jpg
6863480,https://recipe1.ezmember.co.kr/cache/recipe/2017/01/04/2a447445261c602606d63cef87db68551_f.jpg
6894542,https://recipe1.ezmember.co.kr/cache/recipe/2018/08/22/2db93647448409beae63a4e1907b82301_f.jpg
6870858,https://recipe1.ezmember.co.kr/cache/recipe/2017/06/06/441069d539d60396096ebe5336fb04451_f.jpg
6930099,https://recipe1.ezmember.co.kr/cache/recipe/2020/04/01/2318e0bce38eb111014207c001951a9a1_f.jpg
6904728,https://recipe1.ezmember.co.kr/cache/recipe/2019/01/18/48ab86bc4273ecfc173717b71f836dfb1_f.jpg
6834029,https://recipe1.ezmember.co.kr/cache/recipe/2015/09/10/b899229685d5981606beeb33f26317691_f.jpg
6406162,https://recipe1.ezmember.co.kr/cache/recipe/2015/04/04/d4d18087017a0d315591f9c31f4a6adf1_f.jpg
6900755,https://recipe1.ezmember.co.kr/cache/recipe/2018/11/25/536341988de107c9329947f8601aeba01_f.jpg
6891914,https://recipe1.ezmember.co.kr/cache/recipe/2018/07/03/62e2b37c7ccbcaf3faae58789a201c1c1_f.jpg
6916635,https://recipe1.ezmember.co.kr/cache/recipe/2019/07/22/20146a0b764296b6c4627b8cae0bf4ba1_f.jpg
6988704,https://recipe1.ezmember.co.kr/cache/recipe/2022/10/05/42d1ca27b1ef87fef50d2f48794378401_f.jpg
6938443,https://recipe1.ezmember.co.kr/cache/recipe/2020/08/05/5d876d42371951527b6400b1dc4912051_f.jpg
7056898,https://recipe1.ezmember.co.kr/cache/recipe/2025/07/02/13f04e3eacbf322f995cf9c02f97b4eb1_f.jpg
5088198,https://recipe1.ezmember.co.kr/cache/recipe/2015/04/09/79a4d29e0104437bb251b463f756428f1_f.jpg
6876885,https://recipe1.ezmember.co.kr/cache/recipe/2017/09/22/798589696cb29e91c2964a85a200cc721_f.jpg
5732160,https://recipe1.ezmember.co.kr/cache/recipe/2015/06/04/7e2b7e9ccea94462ea375bccec0557851_f.jpg
6941810,https://recipe1.ezmember.co.kr/cache/recipe/2020/09/14/ffb334e955f64e6949de3b4f8b076dd61_f.jpg
6860342,https://recipe1.ezmember.co.kr/cache/recipe/2016/11/09/75bb40f11f219d8f1349867b695ff4281_f.jpg
6901941,https://recipe1.ezmember.co.kr/cache/recipe/2018/12/14/460fb914db7c35090a917b517d0cabf61_f.jpg
6954412,https://recipe1.ezmember.co.kr/cache/recipe/2021/02/25/9cd8f64bc4c292847142d80e3ed365191_f.jpg
6909629,https://recipe1.ezmember.co.kr/cache/recipe/2019/04/01/2d746f61c986344ce0c9963e566134811_f.jpg
6907926,https://recipe1.ezmember.co.kr/cache/recipe/2019/03/05/d2e237f1f404e0cfefa723400c63937e1_f.jpg
6926572,https://recipe1.ezmember.co.kr/cache/recipe/2020/02/13/1a2cf0dd8933d8f857654000f978376d1_f.jpg
6959183,https://recipe1.ezmember.co.kr/cache/recipe/2021/05/29/82abf6bc0830be5f58ffdcce2ba16eb71_f.jpg
6906281,https://recipe1.ezmember.co.kr/cache/recipe/2019/02/10/94548beaf1860fddab26f48c63e0cb131_f.jpg
6947443,https://recipe1.ezmember.co.kr/cache/recipe/2020/11/07/6e7c0953679ff40cd1da9420ad6e1d221_f.jpg
6896023,https://recipe1.ezmember.co.kr/cache/recipe/2018/09/17/b15a6e584336e9efdfd1e11e95b4588b1_f.jpg
6831807,https://recipe1.ezmember.co.kr/cache/recipe/2015/08/13/ba09784571b21d3969fbf26b8e3e2e721_f.jpg
6928584,https://recipe1.ezmember.co.kr/cache/recipe/2020/03/16/17ba6f339aec9074372afb48b6c9acf71_f.jpg
6891105,https://recipe1.ezmember.co.kr/cache/recipe/2018/06/18/bed828ad65deec8cc8f77795dc8a2cec1_f.jpg
6936820,https://recipe1.ezmember.co.kr/cache/recipe/2020/07/16/e282188fd2a6e473835b8b36986e6e681_f.jpg
3593266,https://recipe1.ezmember.co.kr/cache/recipe/2015/07/09/3d565a040096a9111f05471bbdf12529_f.jpg
6845075,https://recipe1.ezmember.co.kr/cache/recipe/2016/03/21/31a1063882627e0999aab5aa0e1e622b1_f.jpg
7001513,https://recipe1.ezmember.co.kr/cache/recipe/2023/05/01/875ef9f0c48b43c41a9105a0ac7b3e761_f.jpg
6870996,https://recipe1.ezmember.co.kr/cache/recipe/2017/06/09/e61f54aec87749bb887f5901f13790861_f.jpg
7059969,https://recipe1.ezmember.co.kr/cache/recipe/2025/08/12/de98703a5bfa5d4c374dd7bcc40dfe3f1_f.jpg
6899767,https://recipe1.ezmember.co.kr/cache/recipe/2018/11/08/13d556609ed8e793d8d8d545c90c739f1_f.jpg
6946525,https://recipe1.ezmember.co.kr/cache/recipe/2020/11/18/5f0905e8fcc549d00634d2195791b2701_f.jpg
6958817,https://recipe1.ezmember.co.kr/cache/recipe/2021/05/22/991abba64bf7a33141f0f806f8d3f4051_f.jpg
6869117,https://recipe1.ezmember.co.kr/cache/recipe/2017/04/29/f44f95453f7d60716daef5a37b2c98531_f.jpg
6864811,https://recipe1.ezmember.co.kr/cache/recipe/2017/02/05/3ff9e2d2f8eacf2d9c8d8253bf0a88871_f.jpg
7065640,https://recipe1.ezmember.co.kr/cache/recipe/2025/11/01/b6e311301326a4615d8a30781b99782d1_f.jpg
6837052,https://recipe1.ezmember.co.kr/cache/recipe/2015/10/28/162fe22ddc4ce745009ef9ab43087f891_f.jpg
5122305,https://recipe1.ezmember.co.kr/cache/recipe/2015/06/08/211fe3a56a25221332509521d79997c8_f.jpg
1839459,https://recipe1.ezmember.co.kr/cache/recipe/2015/08/14/34b4609cecc98450ae3312cb60de4bfc_f.jpg
6865661,https://recipe1.ezmember.co.kr/cache/recipe/2017/02/21/844dee816dcc4426f464763a4d15700b1_f.jpg
6926595,https://recipe1.ezmember.co.kr/cache/recipe/2020/02/14/a68743ccbc2e0ef80cf79a4888f4253c1_f.jpg
6835154,https://recipe1.ezmember.co.kr/cache/recipe/2015/09/25/8862863c26e0b84cd341d93a4688ed691_f.jpg
6834450,https://recipe1.ezmember.co.kr/cache/recipe/2015/09/16/38545949c64e3e371c4e589d08dfd4dd1_f.jpg
6947329,https://recipe1.ezmember.co.kr/cache/recipe/2020/12/01/753c5bc07a98060deed7198d481a96e91_f.jpg
6964608,https://recipe1.ezmember.co.kr/cache/recipe/2021/09/06/8170641d820978068aacc3889865fb2f1_f.jpg
6857793,https://recipe1.ezmember.co.kr/cache/recipe/2016/10/03/1bde752b1de30c22ef9640bd42439eb31_f.jpg
7051225,https://recipe1.ezmember.co.kr/cache/recipe/2025/04/25/a103e1c0a939be30b31a252d6ce95e951_f.jpg
6969242,https://recipe1.ezmember.co.kr/cache/recipe/2021/11/18/32c65d75b3a158347b4b6b4d7acb1aff1_f.jpg
6915952,https://recipe1.ezmember.co.kr/cache/recipe/2019/07/15/92bec2950e5e3fbee98605b4c053f0dc1_f.jpg
6886840,https://recipe1.ezmember.co.kr/cache/recipe/2018/04/06/68d37d6a2769f2588d0c7ad9572072cf1_f.jpg
6951382,https://recipe1.ezmember.co.kr/cache/recipe/2021/01/18/ee02f40d281d532afed04a0b1fcaea261_f.jpg
6901154,https://recipe1.ezmember.co.kr/cache/recipe/2018/12/02/4063047a3f494c5cb329347150f2dd231_f.jpg
6948158,https://recipe1.ezmember.co.kr/cache/recipe/2020/12/09/10bdd71578deb807548adb300baa4e2c1_f.jpg
6867133,https://recipe1.ezmember.co.kr/cache/recipe/2017/03/20/13d86113c6918eff1b7d9acd63fec5e41_f.jpg
6925922,https://recipe1.ezmember.co.kr/cache/recipe/2020/02/03/fc271459803a37bada9077517f5b09b41_f.jpg
5420128,https://recipe1.ezmember.co.kr/cache/recipe/2015/04/09/a94ca3170f28c7a65848e49d91af95031_f.jpg
6847466,https://recipe1.ezmember.co.kr/cache/recipe/2016/05/02/5942577ca97d54e4baa5ec5ee02822f01_f.jpg
6019120,https://recipe1.ezmember.co.kr/cache/recipe/2015/04/14/5b99fdfc7b94cdb9d2b973be3ff69ae61_f.jpg
6872994,https://recipe1.ezmember.co.kr/cache/recipe/2017/07/19/ef578a7d9ab3b1d2fdbf462011e15a851_f.jpg
6901157,https://recipe1.ezmember.co.kr/cache/recipe/2018/12/03/a6b334839094459f595736a110c546af1_f.jpg
6958009,https://recipe1.ezmember.co.kr/cache/recipe/2021/05/09/ef9d00e7a27a6c469aa442f41926c42b1_f.jpg
6829623,https://recipe1.ezmember.co.kr/cache/recipe/2015/07/02/a59c5a0a60c798e007948203f8b153b01_f.jpg
6845360,https://recipe1.ezmember.co.kr/cache/recipe/2016/03/10/1a6d00adfb564212443542a2945c02af1_f.jpg
6860066,https://recipe1.ezmember.co.kr/cache/recipe/2016/11/07/b28ce51bc7685cdc2da5ff1ff47b45571_f.jpg
6831630,https://recipe1.ezmember.co.kr/cache/recipe/2015/08/13/b9464dacef1861774f9de9413ece170c1_f.jpg
6920001,https://recipe1.ezmember.co.kr/cache/recipe/2019/10/02/a69745d977fb96f1e06aa989b2dedcfa1_f.jpg
6916968,https://recipe1.ezmember.co.kr/cache/recipe/2019/08/05/b2fb708f27582be45612f2961e50b6401_f.jpg
6881243,https://recipe1.ezmember.co.kr/cache/recipe/2017/12/22/3696ce2876c030fd1bc138d1012976071_f.jpg
6844679,https://recipe1.ezmember.co.kr/cache/recipe/2016/03/14/df9c937990193f39c4a94949e4c38fc21_f.jpg
6921138,https://recipe1.ezmember.co.kr/cache/recipe/2019/10/22/65525218defac700dfa6f59a2117e3e61_f.jpg
6923378,https://recipe1.ezmember.co.kr/cache/recipe/2019/12/11/0ec668d41157d26b4e2a852bf04612f91_f.jpg
4509338,https://recipe1.ezmember.co.kr/cache/recipe/2015/06/05/94302324ba98b821f9584841cdd1632d1_f.jpg
7035938,https://recipe1.ezmember.co.kr/cache/recipe/2024/10/07/f48799c4c375bbb35385420ceeedd6491_f.jpg
7035545,https://recipe1.ezmember.co.kr/cache/recipe/2024/09/30/43726abae0f1074b9f0f078a86da91571_f.jpg
6935285,https://recipe1.ezmember.co.kr/cache/recipe/2020/06/29/df9f5d95c6cf2b6b1e67ca45879158b81_f.jpg
6955126,https://recipe1.ezmember.co.kr/cache/recipe/2021/03/13/6227d67c24d278c9444a9b7826c9cd971_f.jpg
6913875,https://recipe1.ezmember.co.kr/cache/recipe/2019/06/13/448a5f2864df555d6951ab2c67013b5d1_f.jpg
6904944,https://recipe1.ezmember.co.kr/cache/recipe/2019/01/21/4ec5ecc41d92984e04504e99f72756681_f.jpg
6890127,https://recipe1.ezmember.co.kr/cache/recipe/2018/06/03/5f0ccbe6aa20711ddde2a8d3b99e64d11_f.jpg
6906743,https://recipe1.ezmember.co.kr/cache/recipe/2019/02/16/4ef3020238219de0f97b2bab11e83f5b1_f.jpg
6876854,https://recipe1.ezmember.co.kr/cache/recipe/2017/09/21/996de3ebb5ad0b305e731d26dcd97c5a1_f.jpg
6837942,https://recipe1.ezmember.co.kr/cache/recipe/2015/11/11/a87aab5b4a12eae319f4e20e4a409f231_f.jpg
7006875,https://recipe1.ezmember.co.kr/cache/recipe/2023/07/27/7fdb9ccdd5636c0ad5fbd985272da3771_f.jpg
6879889,https://recipe1.ezmember.co.kr/cache/recipe/2017/11/21/b59fe165e223a0431c3d9b4c428ae25f1_f.jpg
6902541,https://recipe1.ezmember.co.kr/cache/recipe/2018/12/21/9f1361562b4a03551520dba37d2df2da1_f.jpg
6870178,https://recipe1.ezmember.co.kr/cache/recipe/2017/05/23/27496736cc40717bbc804a7db406d5661_f.jpg
6915426,https://recipe1.ezmember.co.kr/cache/recipe/2019/07/07/1eb4f1797a6d053d627bab2c129ce2971_f.jpg
4461881,https://recipe1.ezmember.co.kr/cache/recipe/2015/05/12/b1cc3e34c70abe0e5f75380da411f6ef1_f.jpg
6899707,https://recipe1.ezmember.co.kr/cache/recipe/2018/11/08/592249e2d32efd30bc4acf405564cdfe1_f.jpg
6930163,https://recipe1.ezmember.co.kr/cache/recipe/2020/04/08/e132320832f3311d8b89f7bcfb19c6ff1_f.jpg
6834582,https://recipe1.ezmember.co.kr/cache/recipe/2015/09/17/62479d4af4fb3de22c5925f0694f49131_f.jpg
6868895,https://recipe1.ezmember.co.kr/cache/recipe/2017/04/24/0bd49a96f343f358dc9e17ed9aefd9601_f.jpg
6978032,https://recipe1.ezmember.co.kr/cache/recipe/2022/04/18/7cce67c1bfa8914d35bb41c48b6891c21_f.jpg
6858346,https://recipe1.ezmember.co.kr/cache/recipe/2016/10/13/0aac3351e514b1d86aff17a90d6461281_f.jpg
6986192,https://recipe1.ezmember.co.kr/cache/recipe/2022/08/24/1d4a48f26b406142ce849ab55f8403a11_f.jpg
6939487,https://recipe1.ezmember.co.kr/cache/recipe/2020/08/17/5e29149014cb6f0f7cbed51fde5896f61_f.jpg
6939034,https://recipe1.ezmember.co.kr/cache/recipe/2020/08/12/05f567a6c54e78f8c78979b2fbf2ea9d1_f.jpg
6968784,https://recipe1.ezmember.co.kr/cache/recipe/2021/11/11/1cfb61c26fef371de8635b03a708c1621_f.jpg
5140675,https://recipe1.ezmember.co.kr/cache/recipe/2015/06/08/9f5aa9a05e1a989ba33227fdb13eeac2_f.jpg
6937381,https://recipe1.ezmember.co.kr/cache/recipe/2020/06/30/123301123c5f6df46f75472ff8292ac31_f.jpg
6887458,https://recipe1.ezmember.co.kr/cache/recipe/2018/04/17/e2617de5c384b10b3c1d7a56407668bd1_f.jpg
6929563,https://recipe1.ezmember.co.kr/cache/recipe/2020/03/30/ef0daaf5af4adb18de62f30c52d3df401_f.jpg
7038847,https://recipe1.ezmember.co.kr/cache/recipe/2024/11/19/f1a07ec90d1705a435e6f71103bf07201_f.jpg
6840662,https://recipe1.ezmember.co.kr/cache/recipe/2015/12/24/0197c744471d0029e61ae68e34fe790c1_f.jpg
6748127,https://recipe1.ezmember.co.kr/cache/recipe/2015/05/04/c415d32dfad8a0b934ba91dd9fc9b7d31_f.jpg
6926688,https://recipe1.ezmember.co.kr/cache/recipe/2020/02/16/d9f827261fc2c0dfb3d208074200c8071_f.jpg
6870227,https://recipe1.ezmember.co.kr/cache/recipe/2017/05/24/070d8990517813c0abd27cbe7927480e1_f.jpg
7009500,https://recipe1.ezmember.co.kr/cache/recipe/2023/09/07/e33a066596c5d907fdaea320e20b9a7e1_f.jpg
7005388,https://recipe1.ezmember.co.kr/cache/recipe/2023/07/05/87b0a685ee1f5297fbdbd88584c51f3c1_f.jpg
6851829,https://recipe1.ezmember.co.kr/cache/recipe/2016/06/29/79dd16f5a31f70b8e4046de8abbde3d31_f.jpg
6863404,https://recipe1.ezmember.co.kr/cache/recipe/2016/12/18/75eeec8bf284352ebbf71d84700feb921_f.jpg
6922739,https://recipe1.ezmember.co.kr/cache/recipe/2019/11/27/438617233fb09ea678e2870a5184909c1_f.jpg
6901241,https://recipe1.ezmember.co.kr/cache/recipe/2018/11/04/19f8cec238332be97c521c9f43368c9b1_f.jpg
6932938,https://recipe1.ezmember.co.kr/cache/recipe/2020/05/19/a71bf45552f603f3b43abbcd8d9f70ae1_f.jpg
6903239,https://recipe1.ezmember.co.kr/cache/recipe/2018/12/31/0d5ff361f9c73fdb00652d1871a98c081_f.jpg
6887961,https://recipe1.ezmember.co.kr/cache/recipe/2018/04/27/c9aa1e9089b6186a79ab09387c90abd81_f.jpg
6673835,https://recipe1.ezmember.co.kr/cache/recipe/2015/05/13/ff062a74c85bfb51495a1780f32237171_f.jpg
6947698,https://recipe1.ezmember.co.kr/cache/recipe/2020/12/06/00aefbc4d31afc723f02b4cb43df84b71_f.jpg
6898137,https://recipe1.ezmember.co.kr/cache/recipe/2018/10/18/c960d9e6dcd46fb85eb1d96bb6d3eacc1_f.jpg
6943687,https://recipe1.ezmember.co.kr/cache/recipe/2020/10/08/d4e158ef4adddede761bf95202f18dbb1_f.jpg
6897626,https://recipe1.ezmember.co.kr/cache/recipe/2018/10/03/f1f10d1e857aaf64d18406330ab1b2f91_f.jpg
6891576,https://recipe1.ezmember.co.kr/cache/recipe/2018/07/02/ba275416527738e99658f9a85546654c1_f.jpg
6940403,https://recipe1.ezmember.co.kr/cache/recipe/2020/08/29/a67851876a4e263df5194e3d3c4a9ae71_f.jpg
6834588,https://recipe1.ezmember.co.kr/cache/recipe/2015/09/17/fe639e06f6995815f3aef9d517b069ea1_f.jpg
6914190,https://recipe1.ezmember.co.kr/cache/recipe/2019/06/18/d905805c419d7a72bedc67ef177b9db41_f.jpg
6926567,https://recipe1.ezmember.co.kr/cache/recipe/2020/02/13/1c2717cb9fab86b4793ea98c4832d9d01_f.jpg
6837799,https://recipe1.ezmember.co.kr/cache/recipe/2015/11/10/a38fba081c4963e87ff3b219f3789cf01_f.jpg
7073077,https://recipe1.ezmember.co.kr/cache/recipe/2026/03/15/b4d6b7bb1758ae3ca08e7e2dd215577a1_f.jpg
6830139,https://recipe1.ezmember.co.kr/cache/recipe/2015/07/12/7092ab8f7b959598235ac0b86a8c44361_f.jpg
6836556,https://recipe1.ezmember.co.kr/cache/recipe/2015/10/21/1e13c2bef7be01825e89d79801b11ef51_f.jpg
6852274,https://recipe1.ezmember.co.kr/cache/recipe/2016/06/05/d2f70a6f7740ac5f49aac4135a45b1f11_f.jpg
6904966,https://recipe1.ezmember.co.kr/cache/recipe/2019/01/20/67d052d14372214ed1258a312cfa9e881_f.jpg
6949775,https://recipe1.ezmember.co.kr/cache/recipe/2021/01/01/a56fee4966f00bfabfa2c1dee933c7eb1_f.jpg
6922429,https://recipe1.ezmember.co.kr/cache/recipe/2019/11/20/ebb57f76aae7e06ded182c36cc84d0fd1_f.jpg
6830816,https://recipe1.ezmember.co.kr/cache/recipe/2015/09/01/1567b5cbd128f00b9229587b697698691_f.jpg
6662855,https://recipe1.ezmember.co.kr/cache/recipe/2015/05/18/44defc6cc54b8fe63634bca422934a5a1_f.jpg
6910372,https://recipe1.ezmember.co.kr/cache/recipe/2019/04/12/8de6ef1121ff4bd131f919fbb3689b091_f.jpg
6626592,https://recipe1.ezmember.co.kr/cache/recipe/2015/04/04/8350a2910d7525c3f7a77c77306358941_f.jpg
6971883,https://recipe1.ezmember.co.kr/cache/recipe/2021/12/17/ffafbe3b809cbc8793c2638c899262ac1_f.jpg
6977299,https://recipe1.ezmember.co.kr/cache/recipe/2022/02/05/53fd19c342c0648f296f7f85483814ce1_f.jpg
3973499,https://recipe1.ezmember.co.kr/cache/recipe/2015/06/30/d78f937746c0bde8cbe2e4705cd6148c_f.jpg
6979230,https://recipe1.ezmember.co.kr/cache/recipe/2022/05/13/828d6ebbd67adb70cf04f78425c328281_f.jpg
6606155,https://recipe1.ezmember.co.kr/cache/recipe/2015/04/09/a6e1db97cbcff3be2be25948b3d60cf91_f.jpg
6931694,https://recipe1.ezmember.co.kr/cache/recipe/2020/04/28/f6e6f2d0e5c54f8fead7c4de307c3cb31_f.jpg
6879196,https://recipe1.ezmember.co.kr/cache/recipe/2017/11/07/7417afee405042e9425b0a4f1a2495951_f.jpg
6879640,https://recipe1.ezmember.co.kr/cache/recipe/2017/11/16/6e2273e77e8cc98edfbd4361ddb6d5471_f.jpg
6925254,https://recipe1.ezmember.co.kr/cache/recipe/2019/11/03/4525a0196b177786ce589353560567e01_f.jpg
7049221,https://recipe1.ezmember.co.kr/cache/recipe/2025/04/02/02116b13d3f8cdae1bb2071717a5803f1_f.jpg
6952989,https://recipe1.ezmember.co.kr/cache/recipe/2021/02/07/4e01f7815e8da22222de82158d28fe3a1_f.jpg
6944888,https://recipe1.ezmember.co.kr/cache/recipe/2020/10/23/48f9d80ffba4c7294f05feab636577b81_f.jpg
6952818,https://recipe1.ezmember.co.kr/cache/recipe/2021/02/04/ffc5e57deba99bc9b5705a9a8ebd16861_f.jpg
3370170,https://recipe1.ezmember.co.kr/cache/recipe/2015/07/09/fb97682f7ce7075e84da65969ea3f482_f.jpg
6972389,https://recipe1.ezmember.co.kr/cache/recipe/2022/01/09/d991ff4c9dfd3425dada40843fa6a2551_f.jpg
6904305,https://recipe1.ezmember.co.kr/cache/recipe/2019/01/14/987350eafa3f84d54509fac0542e6f2f1_f.jpg
6962096,https://recipe1.ezmember.co.kr/cache/recipe/2021/07/21/c472d412ef86a0e610e7ce06242122811_f.jpg
6912826,https://recipe1.ezmember.co.kr/cache/recipe/2019/05/27/54742dea8dcbebbd806ba32416d1a8f81_f.jpg
6831514,https://recipe1.ezmember.co.kr/cache/recipe/2015/08/11/89d34a9eae38e5f421443fa2467e4d871_f.jpg
6960527,https://recipe1.ezmember.co.kr/cache/recipe/2021/06/21/f9f8bd0d53c0633cf45d99fc596df4661_f.jpg
6895549,https://recipe1.ezmember.co.kr/cache/recipe/2018/09/10/9423b8fcb8da4e18592351f4c53f70d21_f.jpg
5173585,https://recipe1.ezmember.co.kr/cache/recipe/2015/06/04/f560c61cdb7e6ea98d3cb76bb62400461_f.jpg
7047819,https://recipe1.ezmember.co.kr/cache/recipe/2025/03/18/8c6dd76740336cbfa249df233711989b1_f.png
7037998,https://recipe1.ezmember.co.kr/cache/recipe/2024/11/06/a6dd71d554d44346a752354e815d63ca1_f.jpg
6951547,https://recipe1.ezmember.co.kr/cache/recipe/2021/01/20/3b387d920157abc2e24792958ff079141_f.jpg
6852415,https://recipe1.ezmember.co.kr/cache/recipe/2016/07/08/ff251e6a063be65beb5fbde8ca51313c1_f.jpg
6878389,https://recipe1.ezmember.co.kr/cache/recipe/2017/10/23/e0e1e41d3e03e0d32a029bf3d51bf5821_f.jpg
6860079,https://recipe1.ezmember.co.kr/cache/recipe/2016/11/07/4afabc1b0ca110e422da062e366a222b1_f.jpg
5709172,https://recipe1.ezmember.co.kr/cache/recipe/2015/06/10/63001f5c1576ef7edc2a94d5dda93ba81_f.jpg
6946536,https://recipe1.ezmember.co.kr/cache/recipe/2020/11/18/00d605b139e01303efe32545477bdb891_f.jpg
6930344,https://recipe1.ezmember.co.kr/cache/recipe/2020/04/09/c469a823e53adc3d14aa67fc9c83c67b1_f.jpg
6870877,https://recipe1.ezmember.co.kr/cache/recipe/2017/06/07/9bd8fbaba82e0e0a2e9e7e895d5407d31_f.jpg
6845567,https://recipe1.ezmember.co.kr/cache/recipe/2016/03/29/fbc80f5ce76284aad08cc90aa798d2851_f.jpg
6975607,https://recipe1.ezmember.co.kr/cache/recipe/2022/03/07/4ef3393b584b08123d755c9cc10cb3a51_f.jpg
6871485,https://recipe1.ezmember.co.kr/cache/recipe/2017/06/19/c64ebe4b67d33efd89949ef38e14aa791_f.jpg
6842958,https://recipe1.ezmember.co.kr/cache/recipe/2016/02/13/56737ead5c32d9e6f7332b3d364bb4051_f.jpg
6831998,https://recipe1.ezmember.co.kr/cache/recipe/2015/08/24/60903c89f6ebb7c407fef6987d883af21_f.jpg
6868904,https://recipe1.ezmember.co.kr/cache/recipe/2017/04/24/7a6db69d79722a0f0a294f5cf9a2c2551_f.jpg
6830863,https://recipe1.ezmember.co.kr/cache/recipe/2015/07/30/0b30a413e5b02c5e727328b13483296b1_f.jpg
6918853,https://recipe1.ezmember.co.kr/cache/recipe/2019/09/08/666dd957236451a3700e33a8c8b789bf1_f.jpg
6859282,https://recipe1.ezmember.co.kr/cache/recipe/2016/10/27/ce659c8859608e4fbf519a33a5d32e141_f.jpg
7042338,https://recipe1.ezmember.co.kr/cache/recipe/2025/01/10/0261ad64d0a048a1f09721a5caf26e621_f.jpg
6870522,https://recipe1.ezmember.co.kr/cache/recipe/2017/05/25/460297e95dbdb05c10a7a660d31c6d6b1_f.jpg
6952308,https://recipe1.ezmember.co.kr/cache/recipe/2021/01/29/8cc1e94b36965fb104bdaa9fa1a379241_f.jpg
4476626,https://recipe1.ezmember.co.kr/cache/recipe/2015/06/29/955cdb57d6af373c6555aeaf3c14f53f_f.jpg
2385980,https://recipe1.ezmember.co.kr/cache/recipe/2015/07/31/50846844d33cc03f94345b2011a124d1_f.jpg
6874292,https://recipe1.ezmember.co.kr/cache/recipe/2017/08/08/1f0508189206065d318bb1e5784086741_f.jpg
6934727,https://recipe1.ezmember.co.kr/cache/recipe/2020/06/22/044f584284d328e5b33b91d1e99a8d6c1_f.jpg
7067154,https://recipe1.ezmember.co.kr/cache/recipe/2025/11/25/5129eef4af4e5d2a92c16098cb45fd161_f.jpg
6969024,https://recipe1.ezmember.co.kr/cache/recipe/2021/11/15/dded89756a91be00650b78f4f1fea6f81_f.jpg
6846188,https://recipe1.ezmember.co.kr/cache/recipe/2016/04/09/6eaae0d9a16b1893552037acf7f676c41_f.jpg
6926871,https://recipe1.ezmember.co.kr/cache/recipe/2020/02/19/0ba1f04e514ff040aac137a83219657c1_f.jpg
6938712,https://recipe1.ezmember.co.kr/cache/recipe/2020/08/09/bcf80223e83ccefbc81f47447dc9728f1_f.jpg
6936907,https://recipe1.ezmember.co.kr/cache/recipe/2020/07/17/07bcc0cbaeb270342a499ec6a442164f1_f.jpg
2404763,https://recipe1.ezmember.co.kr/cache/recipe/2015/07/30/99c126b84d3f8cc810872d7582a17d4b_f.jpg
6858446,https://recipe1.ezmember.co.kr/cache/recipe/2016/10/14/421ba35c0ec03cecabda693f993b1a6c1_f.jpg
6887565,https://recipe1.ezmember.co.kr/cache/recipe/2018/04/19/98c7fbd5b6fa02bb22bc6efe33ab955f1_f.jpg
4476074,https://recipe1.ezmember.co.kr/cache/recipe/2015/06/08/2ba96b9a7d56f2062e260c4911e5d41f_f.jpg
6900598,https://recipe1.ezmember.co.kr/cache/recipe/2018/11/22/060d29a1500206c633d1293893882d671_f.jpg
6858824,https://recipe1.ezmember.co.kr/cache/recipe/2016/10/21/f7610d3a0ef6247c7b3f3150d06d08671_f.jpg
6843210,https://recipe1.ezmember.co.kr/cache/recipe/2016/02/17/99d59cdf3fb587868bde0a95a4167f5e1_f.jpg
6904609,https://recipe1.ezmember.co.kr/cache/recipe/2019/01/17/80d42b8cbe95b140da772356248742591_f.jpg
6919597,https://recipe1.ezmember.co.kr/cache/recipe/2019/09/24/e5bb558c3d3f167e7c5a32241c6e2dbb1_f.jpg
6858390,https://recipe1.ezmember.co.kr/cache/recipe/2016/10/13/95faebf6bf2fefcd668135ba33f19d311_f.jpg
6979278,https://recipe1.ezmember.co.kr/cache/recipe/2022/05/13/a64c775f2a5dd494404375038467a4ca1_f.jpg
6923321,https://recipe1.ezmember.co.kr/cache/recipe/2019/12/09/e6f53a2e7f66145db7a4682af4ee80251_f.jpg
6939787,https://recipe1.ezmember.co.kr/cache/recipe/2020/08/22/a1db53ae2e1477399f911cfd8355faa51_f.jpg
6842531,https://recipe1.ezmember.co.kr/cache/recipe/2018/07/18/59f856e3cf3aa65283a3d4db30478bdf1_f.jpg
6963698,https://recipe1.ezmember.co.kr/cache/recipe/2021/08/20/739aea4033432ad511039842d2fb19821_f.jpg
6879102,https://recipe1.ezmember.co.kr/cache/recipe/2017/11/05/30791cef29735e28a012b47d1755a9fb1_f.jpg
4786606,https://recipe1.ezmember.co.kr/cache/recipe/2015/06/18/f193c8d04b53325355083833741eb0ee_f.jpg
6836601,https://recipe1.ezmember.co.kr/cache/recipe/2015/10/21/9b9b3b56c6d51669630f91f5197f851f1_f.jpg
6956102,https://recipe1.ezmember.co.kr/cache/recipe/2021/04/01/0d2763206bb31749ebd364c46218fe781_f.jpg
6898882,https://recipe1.ezmember.co.kr/cache/recipe/2018/10/28/485a4dd956ab498354c74a55888f0c1e1_f.jpg
7029234,https://recipe1.ezmember.co.kr/cache/recipe/2024/06/27/de31e430e619518f774d91e497ac5d601_f.jpg
6893843,https://recipe1.ezmember.co.kr/cache/recipe/2018/08/09/b7c20c28ef65fa7faacc2c4e632e4e561_f.jpg
6917003,https://recipe1.ezmember.co.kr/cache/recipe/2019/08/05/852d9b9f177f190c609fcd7691d86ee51_f.jpg
6879474,https://recipe1.ezmember.co.kr/cache/recipe/2017/11/12/a27e26123fc40c232921fbfdcbbaac831_f.jpg
6831896,https://recipe1.ezmember.co.kr/cache/recipe/2015/08/17/533480f24303b511b70a6988835e94481_f.jpg
5947608,https://recipe1.ezmember.co.kr/cache/recipe/2015/03/26/e819445a7fe447a9497f74d36080e67c1_f.jpg
6887173,https://recipe1.ezmember.co.kr/cache/recipe/2018/04/12/f3f23f5f56bf70e2cbfb852e4edba1941_f.jpg
6990531,https://recipe1.ezmember.co.kr/cache/recipe/2022/10/28/3e6f21e5bcca913eb1624d627cf4685e1_f.jpg
6857633,https://recipe1.ezmember.co.kr/cache/recipe/2016/09/28/53e118ed39dfc97f5c93f65f8400f9f91_f.jpg
7012185,https://recipe1.ezmember.co.kr/cache/recipe/2023/10/25/41128a25cc99f071330f42725e1e69ea1_f.jpg
6912885,https://recipe1.ezmember.co.kr/cache/recipe/2019/05/28/2c0c65abb082dc7ef8ccefbbe8a748371_f.jpg
6977658,https://recipe1.ezmember.co.kr/cache/recipe/2022/04/11/e282cda3a82ff91266f9fbb7e425b1a01_f.jpg
4168957,https://recipe1.ezmember.co.kr/cache/recipe/2015/06/08/ffbafe14008da4ef20a051d3da1e78a9_f.jpg
6837007,https://recipe1.ezmember.co.kr/cache/recipe/2015/10/28/7e10c774e0f54ee1630028de815ec9221_f.jpg
6834288,https://recipe1.ezmember.co.kr/cache/recipe/2015/09/15/3cd3acac20c2ee821263aaeade2329ff1_f.jpg
6858706,https://recipe1.ezmember.co.kr/cache/recipe/2016/10/20/bcb42c7c5011c9dd35b6525a49b615171_f.jpg
6916485,https://recipe1.ezmember.co.kr/cache/recipe/2019/07/25/f6dc85b674aa9131a485b2d46d6bd83b1_f.jpg
6944483,https://recipe1.ezmember.co.kr/cache/recipe/2020/10/18/5d341139e72bdfbe2a1aeeb0542bb0dc1_f.jpg
6872432,https://recipe1.ezmember.co.kr/cache/recipe/2017/07/08/b1abf0caa7dd5cc031ccd7ddb78a9fac1_f.jpg
6646320,https://recipe1.ezmember.co.kr/cache/recipe/2015/05/18/deee71d464371e7534146859b3ac90951_f.jpg
6982463,https://recipe1.ezmember.co.kr/cache/recipe/2022/06/29/610f46bd579b3507e70fee707951a12e1_f.jpg
4348874,https://recipe1.ezmember.co.kr/cache/recipe/2015/06/21/987ba4145775e5e94505aa139575ec06_f.jpg
6850352,https://recipe1.ezmember.co.kr/cache/recipe/2016/06/02/7e20212c11a78605f3102e1acf6ff12b1_f.jpg
6952018,https://recipe1.ezmember.co.kr/cache/recipe/2021/01/25/b06e9f328094baa2835baf2a840f510a1_f.jpg
7013320,https://recipe1.ezmember.co.kr/cache/recipe/2023/11/11/50770a8d24b579ed39051fc0656610db1_f.jpg
6928676,https://recipe1.ezmember.co.kr/cache/recipe/2020/03/17/92bd7ce7a8b4ded55fdcac6dbc19fd601_f.jpg
7003276,https://recipe1.ezmember.co.kr/cache/recipe/2023/06/02/875626b9ad1c2cfea7ea272fbd1bd50e1_f.jpg
7067908,https://recipe1.ezmember.co.kr/cache/recipe/2025/12/10/92f4f9e2bf0bd7f540a9410baf1b74031_f.jpg
6855567,https://recipe1.ezmember.co.kr/cache/recipe/2016/08/30/eeff2bfdb8b873f6b4538a7a42a8c4ab1_f.jpg
6966137,https://recipe1.ezmember.co.kr/cache/recipe/2021/10/01/5c03664680681e1de31abaa1abb7e0061_f.jpg
6927337,https://recipe1.ezmember.co.kr/cache/recipe/2020/02/27/dd60239996f2783c5ff2f97ca03204961_f.jpg
6986492,https://recipe1.ezmember.co.kr/cache/recipe/2022/08/29/da0cb7844797595564c1baa69be34e991_f.jpg
6818573,https://recipe1.ezmember.co.kr/cache/recipe/2015/06/06/9ec6954e4e5b5e5ba4b6e1c6e4a3fdd81_f.jpg
6884781,https://recipe1.ezmember.co.kr/cache/recipe/2018/03/02/22bf751899d984b62d55eef874e334451_f.jpg
6946101,https://recipe1.ezmember.co.kr/cache/recipe/2020/11/11/c7f55d7bc2553c2ca5058b43c879ada11_f.jpg
6972462,https://recipe1.ezmember.co.kr/cache/recipe/2022/01/10/f2d4d659c8a36d54f8450e02b671ceec1_f.jpg
6841208,https://recipe1.ezmember.co.kr/cache/recipe/2016/01/07/78dd32cb6a8d93285f9a048d0384eae41_f.jpg
6892875,https://recipe1.ezmember.co.kr/cache/recipe/2018/07/21/8847a1d7688094ef6f006800a79fddb21_f.jpg
6870224,https://recipe1.ezmember.co.kr/cache/recipe/2017/05/23/9083c70e54629ed7fd45af106fe0ef4b1_f.jpg
6898056,https://recipe1.ezmember.co.kr/cache/recipe/2018/10/17/075b56db5e8df6635d27413bff56c0d71_f.jpg
4952769,https://recipe1.ezmember.co.kr/cache/recipe/2015/06/08/0dcd1bfa9a8368ca3fac3b5573f50711_f.jpg
6879744,https://recipe1.ezmember.co.kr/cache/recipe/2017/11/18/b3abb56d347b4e0bddde472d5586b9c61_f.jpg
6906945,https://recipe1.ezmember.co.kr/cache/recipe/2019/02/19/96e0a2b589ed27dbde5b9f5a32adf8c41_f.jpg
6986506,https://recipe1.ezmember.co.kr/cache/recipe/2022/08/30/a4393fa173f4ca389f77d80f4bdbbcac1_f.jpg
6962511,https://recipe1.ezmember.co.kr/cache/recipe/2021/07/30/cc951f3960d928704cbcf51a351aacdd1_f.jpg
2442087,https://recipe1.ezmember.co.kr/cache/recipe/2015/08/21/375f02a58711799613ef198cb70230bc_f.jpg
6986368,https://recipe1.ezmember.co.kr/cache/recipe/2022/08/26/6ab3c6736f7101aa9efb631e86500d2a1_f.jpg
6834297,https://recipe1.ezmember.co.kr/cache/recipe/2015/09/15/8377c64a2195013bfdb3b20ce5ca260a1_f.jpg
6841369,https://recipe1.ezmember.co.kr/cache/recipe/2016/01/10/28d7781e290271254f616a6b9a99b9731_f.jpg
6876249,https://recipe1.ezmember.co.kr/cache/recipe/2017/09/11/9180799526a395e463d33d6b624a07e71_f.jpg
6856574,https://recipe1.ezmember.co.kr/cache/recipe/2016/09/06/cf2180545ee13feb89b57ddc182c14081_f.jpg
6867044,https://recipe1.ezmember.co.kr/cache/recipe/2017/03/18/37a68bcf06b416e654a404bafd870b601_f.jpg
4270033,https://recipe1.ezmember.co.kr/cache/recipe/2015/08/05/0eec4945dfaee69a2c4e5273f6dcb9831_f.jpg
6857265,https://recipe1.ezmember.co.kr/cache/recipe/2016/09/13/026a5c9f5fb22828d55a3123443739ab1_f.jpg
6884538,https://recipe1.ezmember.co.kr/cache/recipe/2018/02/25/67a5c2babd623bfa01562d2c3a728fae1_f.jpg
6830310,https://recipe1.ezmember.co.kr/cache/recipe/2015/07/16/46a813d0f8b954355a6a2ceb15e78f4f1_f.jpg
6958501,https://recipe1.ezmember.co.kr/cache/recipe/2021/05/17/5958f52dfe42b59c9a3eb080f65d07981_f.jpg
6939690,https://recipe1.ezmember.co.kr/cache/recipe/2020/08/20/c0658ba0f154073b951c8c625117be8a1_f.jpg
6839252,https://recipe1.ezmember.co.kr/cache/recipe/2015/11/04/1e85cd69a10acc80e6c4cc8d960fe5321_f.jpg
7010599,https://recipe1.ezmember.co.kr/cache/recipe/2023/09/27/2aaca16094bbda8f1bc65cf5ef44e8b31_f.jpg
6867660,https://recipe1.ezmember.co.kr/cache/recipe/2017/03/30/9ab3f5d456b498aa025cad2614a52ede1_f.jpg
6968119,https://recipe1.ezmember.co.kr/cache/recipe/2021/11/04/cb5cef3f075115ca574c7b18531492361_f.jpg
4338105,https://recipe1.ezmember.co.kr/cache/recipe/2015/04/23/f25a214919dd5fe594610bd85b5efd981_f.jpg
6849956,https://recipe1.ezmember.co.kr/cache/recipe/2016/05/24/753f1fb76137fc44728d2ee564d60a211_f.jpg
6976026,https://recipe1.ezmember.co.kr/cache/recipe/2022/03/13/6ebd58c95cd28436b685e9fbdc22d0661_f.jpg
6923121,https://recipe1.ezmember.co.kr/cache/recipe/2019/12/06/03944df0daa417ae6c6151edef7220f81_f.jpg
6830321,https://recipe1.ezmember.co.kr/cache/recipe/2015/07/20/d350ad6c266eab6acbc4b389118973121_f.jpg
6902358,https://recipe1.ezmember.co.kr/cache/recipe/2018/12/19/d8faf777f445e6afeb978e7505ca5c8a1_f.jpg
6897227,https://recipe1.ezmember.co.kr/cache/recipe/2018/10/05/2b2aa4bbe1c639e3fad5462a6ffe38881_f.jpg
6918346,https://recipe1.ezmember.co.kr/cache/recipe/2019/08/28/18f5fa3ceb6ecc434b5b2d9eeb4dc1c11_f.jpg
6995671,https://recipe1.ezmember.co.kr/cache/recipe/2023/01/18/e276ed55760a8c3a336cd554db2a989a1_f.jpg
6876646,https://recipe1.ezmember.co.kr/cache/recipe/2017/09/18/f67741b79d5ce92fbcc38a9c02a752831_f.jpg
6957257,https://recipe1.ezmember.co.kr/cache/recipe/2021/04/22/b2864f887e5473248cbf898a7b8249c71_f.jpg
6972959,https://recipe1.ezmember.co.kr/cache/recipe/2022/01/17/d6adb4deb25cbef5908d71fc74f588331_f.jpg
6887142,https://recipe1.ezmember.co.kr/cache/recipe/2018/04/12/2076df59d8069db371742e6c146118db1_f.jpg
6940722,https://recipe1.ezmember.co.kr/cache/recipe/2020/09/02/1a75fcf8f251f05be5a620f87af074e91_f.jpg
6832715,https://recipe1.ezmember.co.kr/cache/recipe/2015/08/25/3af50258df535d99cd530566a01825031_f.jpg
6875111,https://recipe1.ezmember.co.kr/cache/recipe/2017/08/21/cc6c428c8cbb85f8de90b1874be3f8351_f.png
6950378,https://recipe1.ezmember.co.kr/cache/recipe/2021/01/08/b3d1bb5d56d27f0d87037ad4ec74db821_f.jpg
6833482,https://recipe1.ezmember.co.kr/cache/recipe/2015/08/22/0ad03525960dd27a7842ea95325f40821_f.jpg
6916554,https://recipe1.ezmember.co.kr/cache/recipe/2019/07/27/981ec420136fe14771b74ca1ce512b691_f.jpg
6906939,https://recipe1.ezmember.co.kr/cache/recipe/2019/02/19/f0ee0ec833932abdfd6fbb1f233f573b1_f.jpg
6868275,https://recipe1.ezmember.co.kr/cache/recipe/2017/04/11/49f5f35efc75f2af8fd08af2e1aab0f51_f.jpg
6920673,https://recipe1.ezmember.co.kr/cache/recipe/2019/10/15/259ff464d902301981cc15d26de8fd941_f.jpg
6888148,https://recipe1.ezmember.co.kr/cache/recipe/2018/07/17/5323b62412bcb2a5fe65a89c575447a31_f.jpg
5967054,https://recipe1.ezmember.co.kr/cache/recipe/2015/06/17/b98c4e51662df74e8e2a5b53df2b7ac8_f.jpg
6891899,https://recipe1.ezmember.co.kr/cache/recipe/2018/07/03/58704725c5ff959267bcf84a037068901_f.jpg
6875490,https://recipe1.ezmember.co.kr/cache/recipe/2017/08/28/bfa3efd7241827660313331334aeb6781_f.jpg
5336500,https://recipe1.ezmember.co.kr/cache/recipe/2015/06/10/e2aa0807faba63694a489c42cd5bcf0d1_f.jpg
7000237,https://recipe1.ezmember.co.kr/cache/recipe/2023/04/07/78a671abcf1be8fdbb1d9f46ba7d01591_f.jpg
6969244,https://recipe1.ezmember.co.kr/cache/recipe/2021/11/18/899af5f00178ebeb0e224249eb4dbe9c1_f.jpg
6912838,https://recipe1.ezmember.co.kr/cache/recipe/2019/05/27/491f2b1d9d0d3e41496b0176f723af581_f.jpg
6945285,https://recipe1.ezmember.co.kr/cache/recipe/2020/10/30/4380d7322be8d41dbe0ae55e8cff81831_f.jpg
6871038,https://recipe1.ezmember.co.kr/cache/recipe/2017/06/11/a9bad92e9bc733914455f1b2ef829e041_f.jpg
6888913,https://recipe1.ezmember.co.kr/cache/recipe/2018/05/15/a2b42e02a7e95eca27b79726f90005da1_f.jpg
6932713,https://recipe1.ezmember.co.kr/cache/recipe/2020/05/15/07a06b37b4876338ba73dfd60afe23c91_f.jpg
6866786,https://recipe1.ezmember.co.kr/cache/recipe/2017/03/13/4d5cffc3dfc3325082125470924946801_f.jpg
6864022,https://recipe1.ezmember.co.kr/cache/recipe/2017/01/16/7d514b068c30c37fb2dcdf9f12d2d7201_f.jpg
6873274,https://recipe1.ezmember.co.kr/cache/recipe/2017/07/24/873ebf09498dd4c5208d3e63eccb33f21_f.jpg
6866313,https://recipe1.ezmember.co.kr/cache/recipe/2017/03/05/8b9005f90a8320093e42b1c283b6dfec1_f.jpg
6886518,https://recipe1.ezmember.co.kr/cache/recipe/2018/04/02/1074df2c07e95318a5d8790a4c9e6b8a1_f.jpg
6880159,https://recipe1.ezmember.co.kr/cache/recipe/2017/11/28/40dd3ba277dcef3e03f680b4b2d039e51_f.jpg
6874681,https://recipe1.ezmember.co.kr/cache/recipe/2017/08/14/39c5bc6e44db96fc74cda203112293781_f.jpg
6841018,https://recipe1.ezmember.co.kr/cache/recipe/2016/01/03/22144e9b758522aa37e01788f8f775421_f.jpg
4624245,https://recipe1.ezmember.co.kr/cache/recipe/2015/06/08/d07fbecf265c587c2757596cfa861a3e_f.jpg
6870752,https://recipe1.ezmember.co.kr/cache/recipe/2017/06/04/fceedee5ba05e1273d92c42b08b5f6571_f.jpg
6899315,https://recipe1.ezmember.co.kr/cache/recipe/2018/11/04/2bac4f9ebf6efb29729ec181abe563ef1_f.jpg
6840424,https://recipe1.ezmember.co.kr/cache/recipe/2015/12/21/d51af20f8e39d3e3a17e1d0e98f0af781_f.jpg
6907365,https://recipe1.ezmember.co.kr/cache/recipe/2019/02/26/f9e59e027bab0479538f2de7769286c11_f.jpg
6913755,https://recipe1.ezmember.co.kr/cache/recipe/2019/06/11/a76ce9f0ed671ae430f3cd8375c1d4f81_f.jpg
6869746,https://recipe1.ezmember.co.kr/cache/recipe/2017/05/13/1fb5cd0572107318b234ccf04c0e9fcc1_f.jpg
6831055,https://recipe1.ezmember.co.kr/cache/recipe/2015/08/03/761a1ac9b5e8011cded229ff469b9bf91_f.jpg
6929653,https://recipe1.ezmember.co.kr/cache/recipe/2020/03/31/ee3a11bfbcbd63b2cff41b5e164c4cb11_f.jpg
6940873,https://recipe1.ezmember.co.kr/cache/recipe/2020/09/04/6b898887fa8a81873817ecdfc448842a1_f.jpg
4602173,https://recipe1.ezmember.co.kr/cache/recipe/2015/04/20/67acba9020fc2cb89f9fb5057ec58e7e1_f.jpg
6866400,https://recipe1.ezmember.co.kr/cache/recipe/2017/03/07/c7dd40bb0efe892639741bd6a5670efc1_f.jpg
6875711,https://recipe1.ezmember.co.kr/cache/recipe/2017/09/01/fc2077bb30dfc331a3a51b47dadfb7661_f.jpg
6891847,https://recipe1.ezmember.co.kr/cache/recipe/2018/07/02/8a365ccf508e9822e18e2096e9c591471_f.jpg
6907855,https://recipe1.ezmember.co.kr/cache/recipe/2019/03/06/bdab1ef52ba429504201e23fd66956df1_f.jpg
6894861,https://recipe1.ezmember.co.kr/cache/recipe/2018/08/27/634186895c59c84ce3e014a13df687d71_f.jpg
6921096,https://recipe1.ezmember.co.kr/cache/recipe/2019/10/23/eccb68dfefdb02783450b4af955eaaed1_f.jpg
6963424,https://recipe1.ezmember.co.kr/cache/recipe/2021/08/16/0ec473c187db1347d5066977d0d28fc41_f.jpg
4587455,https://recipe1.ezmember.co.kr/cache/recipe/2015/04/20/b4c8e6648235a27eb449074cffa2c20e1_f.jpg
6934171,https://recipe1.ezmember.co.kr/cache/recipe/2020/06/11/59f8624b5f7978e53732ac005e1fd80e1_f.jpg
6830564,https://recipe1.ezmember.co.kr/cache/recipe/2015/07/23/5c415ac3bf9335f83d09c1e7d5861ff61_f.jpg
6918805,https://recipe1.ezmember.co.kr/cache/recipe/2019/09/06/a9ada6620292d5edf383a9955448373f1_f.jpg
7065733,https://recipe1.ezmember.co.kr/cache/recipe/2025/11/04/85846b1f6b3bfd638cd8eeca68e44d7a1_f.jpg
5210373,https://recipe1.ezmember.co.kr/cache/recipe/2015/06/08/e457c708cabb3b366551b7f38bb91dff_f.jpg
6909919,https://recipe1.ezmember.co.kr/cache/recipe/2019/04/06/a0fb5e0f2a6a98a8ae19437a29088fbf1_f.jpg
6879365,https://recipe1.ezmember.co.kr/cache/recipe/2017/11/10/f414e5a06deae0898f8b9f7f399a8a8b1_f.jpg
6901838,https://recipe1.ezmember.co.kr/cache/recipe/2018/12/12/55605c0459ca7dc5aad3380c36f74e8a1_f.jpg
5419654,https://recipe1.ezmember.co.kr/cache/recipe/2015/06/08/b7243ca48fb735cbe1c601688b710f201_f.jpg
6950331,https://recipe1.ezmember.co.kr/cache/recipe/2021/01/07/290c6e4d1e8b607fe12f8c734d86d8ec1_f.jpg
6835982,https://recipe1.ezmember.co.kr/cache/recipe/2015/10/12/b1a45b1a60592153be95958bfd88807e1_f.jpg
6868221,https://recipe1.ezmember.co.kr/cache/recipe/2017/04/11/f64b806e2262fbcad0d185d89b241a3e1_f.jpg
6966351,https://recipe1.ezmember.co.kr/cache/recipe/2021/10/05/641a661e14203ca4c68725b6592d14481_f.jpg
6897772,https://recipe1.ezmember.co.kr/cache/recipe/2018/10/13/c2ecd5964a17c0c26a92e9687231bf241_f.jpg
6907009,https://recipe1.ezmember.co.kr/cache/recipe/2019/02/20/595e3ef1f357222a2db27477c7190a5d1_f.jpg
6839293,https://recipe1.ezmember.co.kr/cache/recipe/2015/11/10/b418a9ad01150e03e0e31eedac26ded91_f.jpg
6895136,https://recipe1.ezmember.co.kr/cache/recipe/2018/09/02/8d3587a35109f1af19b85495efed86d31_f.jpg
4966440,https://recipe1.ezmember.co.kr/cache/recipe/2015/05/25/de9a6ed54ba0481bc41b6cd738ea60241_f.jpg
7045344,https://recipe1.ezmember.co.kr/cache/recipe/2025/02/07/a65d8d87601d6c0ff7440a329737988f1_f.jpg
6873320,https://recipe1.ezmember.co.kr/cache/recipe/2017/07/24/6ba62c31b53551d238084edf9673bcc11_f.png
6847029,https://recipe1.ezmember.co.kr/cache/recipe/2016/04/25/05623a61b528ec3f5f5730918820a5d21_f.jpg
6905336,https://recipe1.ezmember.co.kr/cache/recipe/2019/01/26/31ca11337e1a20cc8801ad8214045f581_f.jpg
6943782,https://recipe1.ezmember.co.kr/cache/recipe/2020/10/10/56580d42b31acc6eaf7f550f4bb1402c1_f.jpg
6894201,https://recipe1.ezmember.co.kr/cache/recipe/2018/08/15/847c8082f00c3a1db13e93b53495e6f01_f.jpg
6879903,https://recipe1.ezmember.co.kr/cache/recipe/2017/11/21/c7713e2bee301c884df227b1654c595b1_f.jpg
6854991,https://recipe1.ezmember.co.kr/cache/recipe/2016/08/20/a27e03e94aabab8e9b898e165433abc91_f.jpg
6879213,https://recipe1.ezmember.co.kr/cache/recipe/2017/11/07/86735e081f3eb7ee15546bcbfdb7eb871_f.jpg
6847210,https://recipe1.ezmember.co.kr/cache/recipe/2016/04/26/3f116a7a4ea82c21bfffe3fa4b208a8e1_f.jpg
6894088,https://recipe1.ezmember.co.kr/cache/recipe/2018/08/13/e00550b629ff36b2ca8ef3b02a0e5f5e1_f.jpg
6957416,https://recipe1.ezmember.co.kr/cache/recipe/2021/04/26/c44b037d2c887d113e62dc0ff73224191_f.jpg
6863313,https://recipe1.ezmember.co.kr/cache/recipe/2016/12/30/033597500acc6515db914b3d32bfb7d41_f.jpg
6928880,https://recipe1.ezmember.co.kr/cache/recipe/2020/03/20/7b6b9be34093fad767b1582b639b296a1_f.jpg
7056472,https://recipe1.ezmember.co.kr/cache/recipe/2025/06/27/1dd3cbe8fa64ec4ce448c5bd399308ce1_f.jpg
6923204,https://recipe1.ezmember.co.kr/cache/recipe/2019/11/27/34aaa0fb2ad4a675cee0ede82b5049711_f.jpg
6869703,https://recipe1.ezmember.co.kr/cache/recipe/2017/05/12/37beb6eec1353a21b48c5791338b8c6c1_f.jpg
6941625,https://recipe1.ezmember.co.kr/cache/recipe/2020/09/12/20a8f5254e4e9f38a3e0409f281138a81_f.jpg
6897096,https://recipe1.ezmember.co.kr/cache/recipe/2018/10/04/c5108bcd977124aaaf0a70e28a2d3c271_f.png
6988248,https://recipe1.ezmember.co.kr/cache/recipe/2022/09/28/d753a58c9f1174cf07bf030955242bd61_f.jpg
6957043,https://recipe1.ezmember.co.kr/cache/recipe/2021/04/16/2817864051356fd07978b2796e8687bd1_f.jpg
6865220,https://recipe1.ezmember.co.kr/cache/recipe/2017/02/13/69c486acba7dbf4966dab7c286e6ec631_f.jpg
6948848,https://recipe1.ezmember.co.kr/cache/recipe/2020/12/20/12ebf423f01393d733328677a39474381_f.jpg
6156255,https://recipe1.ezmember.co.kr/cache/recipe/2015/03/27/4721ef18b5dfaacd4e9db5b5dce29bec1_f.jpg
6975761,https://recipe1.ezmember.co.kr/cache/recipe/2022/03/09/2f7b1641d40ae303c9fd1cbd751d6d5d1_f.jpg
6916148,https://recipe1.ezmember.co.kr/cache/recipe/2019/07/19/ba7b903e29545fe7f469b51c463741771_f.jpg
6891690,https://recipe1.ezmember.co.kr/cache/recipe/2018/06/29/ab0f582deb1f871c5982a856a73d1bff1_f.JPG
6842052,https://recipe1.ezmember.co.kr/cache/recipe/2016/01/24/b08afa4091927fb5fbd867af8f9cd15a1_f.jpg
6881854,https://recipe1.ezmember.co.kr/cache/recipe/2018/01/06/90e500be07ec5711da0c9c8b659abae51_f.jpg
6834272,https://recipe1.ezmember.co.kr/cache/recipe/2015/09/13/ec56a36966aa661dd4681b52addf453f1_f.jpg
4671987,https://recipe1.ezmember.co.kr/cache/recipe/2015/06/18/38a8aa0fd60e313615ee630824919bd7_f.jpg
6938075,https://recipe1.ezmember.co.kr/cache/recipe/2020/07/30/f936991dce680f8295c99c43ddb54d891_f.jpg
5141410,https://recipe1.ezmember.co.kr/cache/recipe/2015/04/10/168bfb20c0535c15f4b7e730ee2433051_f.jpg
6947878,https://recipe1.ezmember.co.kr/cache/recipe/2020/12/08/b74b82f692949098cfdfe60211a0d9531_f.jpg
6869009,https://recipe1.ezmember.co.kr/cache/recipe/2017/04/26/ddd495fd432955701068e1a21a0d33211_f.jpg
6756901,https://recipe1.ezmember.co.kr/cache/recipe/2015/05/09/3d193059070f1b448f7db3c2c53b0b091_f.jpg
6863425,https://recipe1.ezmember.co.kr/cache/recipe/2017/01/03/878b7092fa7e8e98f08905d00d78bff31_f.jpg
6908845,https://recipe1.ezmember.co.kr/cache/recipe/2019/03/20/66553d17cbee38f108e473b01137f83e1_f.jpg
6871185,https://recipe1.ezmember.co.kr/cache/recipe/2017/06/14/9d55b6f8d8a106a452559c0172492cc61_f.jpg
3467169,https://recipe1.ezmember.co.kr/cache/recipe/2015/06/30/135f376e21c1a9c942b4747bdccbf958_f.jpg
7004555,https://recipe1.ezmember.co.kr/cache/recipe/2023/06/21/cbd1cc0839e9d352542e40322c730d7c1_f.jpg
6944982,https://recipe1.ezmember.co.kr/cache/recipe/2020/10/25/91469c65287a64818f10356b9d773fa11_f.jpg
6906242,https://recipe1.ezmember.co.kr/cache/recipe/2019/02/06/068372833c2d4a73124070c335a733281_f.jpg
6841951,https://recipe1.ezmember.co.kr/cache/recipe/2016/01/22/c7b84871ddc74637f5cd5db82dc2dd8d1_f.jpg
4095547,https://recipe1.ezmember.co.kr/cache/recipe/2015/07/09/30167cf8537b5c90f89934e9d19ee781_f.jpg
6893945,https://recipe1.ezmember.co.kr/cache/recipe/2018/08/10/7daafe01b292d54caa4c5618e223c1af1_f.jpg
6832887,https://recipe1.ezmember.co.kr/cache/recipe/2015/08/28/6811b4b0c1d0669ab79da61ac78932b01_f.jpg
6964070,https://recipe1.ezmember.co.kr/cache/recipe/2021/08/27/93aed9f7aa22b0bb926ebe760afa5a091_f.png
6836626,https://recipe1.ezmember.co.kr/cache/recipe/2015/10/22/798f0c4c1244a19d967e739567002fc41_f.jpg
6890476,https://recipe1.ezmember.co.kr/cache/recipe/2018/06/08/ea2ec8285767b3328329f48da24653211_f.jpg
6956136,https://recipe1.ezmember.co.kr/cache/recipe/2021/04/01/b849dd6effe0cbc9902b1be47453211f1_f.jpg
6933072,https://recipe1.ezmember.co.kr/cache/recipe/2020/05/20/b59776b45b6cfc31ce0dba2e6ab828061_f.jpg
6966062,https://recipe1.ezmember.co.kr/cache/recipe/2021/09/23/3475568937783f6d0502639f935900cd1_f.jpg
6837221,https://recipe1.ezmember.co.kr/cache/recipe/2015/10/30/e8a09c5c61f3bdfcff165933714114211_f.jpg
6871770,https://recipe1.ezmember.co.kr/cache/recipe/2017/06/26/db57dc1348842219dd92d36d26a57c3f1_f.jpg
6979983,https://recipe1.ezmember.co.kr/cache/recipe/2022/05/25/0e51caff4eb556ffdaea9ff866d7f0b71_f.jpg
6830418,https://recipe1.ezmember.co.kr/cache/recipe/2015/07/21/c294c6dc46e8cdb7764334a23a0431861_f.jpg
6919516,https://recipe1.ezmember.co.kr/cache/recipe/2019/09/22/429242b8dde734f6a1c75e0f483158ad1_f.jpg
6901125,https://recipe1.ezmember.co.kr/cache/recipe/2018/12/02/93f11e8c1349b54647b447a5c3015ae11_f.jpg
6843039,https://recipe1.ezmember.co.kr/cache/recipe/2016/02/10/e65c80f5780bb5ae6e800be74d3fbbb01_f.jpg
6844310,https://recipe1.ezmember.co.kr/cache/recipe/2016/03/08/96c1e36fa0d014d3920d03129bbd78f11_f.jpg
2849250,https://recipe1.ezmember.co.kr/cache/recipe/2015/04/10/9eb7d4b23b2c8951d1ab20a5d7951ae21_f.jpg
6945181,https://recipe1.ezmember.co.kr/cache/recipe/2020/10/28/d69f3719b1cb0cf81a05616f81f352761_f.jpg
6832835,https://recipe1.ezmember.co.kr/cache/recipe/2015/08/26/d9eb4240f460afb9b8fe9f08b83d8ffc1_f.jpg
6859717,https://recipe1.ezmember.co.kr/cache/recipe/2016/11/02/2bac9b1dfc66fab7c849c053104aa28b1_f.jpg
6870474,https://recipe1.ezmember.co.kr/cache/recipe/2017/05/25/3407e7154e380f4ab9f084f97e1adad91_f.jpg
7051181,https://recipe1.ezmember.co.kr/cache/recipe/2025/04/25/a2447c89c35a36296a0add2e7b1a1c3c1_f.jpg
6918535,https://recipe1.ezmember.co.kr/cache/recipe/2019/09/01/13d7caac121f981605b3b14af0cccc171_f.png
6945231,https://recipe1.ezmember.co.kr/cache/recipe/2020/10/28/26b744494dc34acb2f492791e54511a91_f.jpg
7021109,https://recipe1.ezmember.co.kr/cache/recipe/2024/03/01/c63c1ebed69164494f3d9aa4c4165f6c1_f.jpg
6838519,https://recipe1.ezmember.co.kr/cache/recipe/2015/11/23/d2d913392eff71cb25b9fc92e7ddbec71_f.jpg
4007551,https://recipe1.ezmember.co.kr/cache/recipe/2015/07/09/1d250725a2e2cc1eb85bc8b9c24da317_f.jpg
6843875,https://recipe1.ezmember.co.kr/cache/recipe/2016/03/03/d4cbe7409050f2e0437c4af202d09a1f1_f.jpg
7021526,https://recipe1.ezmember.co.kr/cache/recipe/2024/03/06/6eae99b894aa4940af06fecf0012840d1_f.jpg
6953404,https://recipe1.ezmember.co.kr/cache/recipe/2021/02/11/6f9b1078a4fef8f54d3a04cb1e5de6c51_f.jpg
6856237,https://recipe1.ezmember.co.kr/cache/recipe/2016/08/31/aa322bfde1f3d305735952c48b8cde6c1_f.jpg
6840476,https://recipe1.ezmember.co.kr/cache/recipe/2015/12/22/dcb56227a7c708ec9748dc458ebf245c1_f.jpg
6872903,https://recipe1.ezmember.co.kr/cache/recipe/2017/07/18/5e1e2d6c70ad2106a1ecbc11b0500de61_f.jpg
6890503,https://recipe1.ezmember.co.kr/cache/recipe/2018/06/06/a767e9bbccf5a56a42c65711ad9500d31_f.jpg
6872070,https://recipe1.ezmember.co.kr/cache/recipe/2017/07/01/c5914eef781428540b895241aea9100f1_f.jpg
6963547,https://recipe1.ezmember.co.kr/cache/recipe/2021/08/18/1b5c85d71ab646780050a198220054701_f.jpg
6837715,https://recipe1.ezmember.co.kr/cache/recipe/2018/07/19/4d92852b07f363f608019e2aeb58ece91_f.jpg
6916925,https://recipe1.ezmember.co.kr/cache/recipe/2019/08/05/b712dc106a972718438c5165c2717f9e1_f.jpg
6937357,https://recipe1.ezmember.co.kr/cache/recipe/2020/07/23/0b137912f467ea8d839f532d8b9c6ed91_f.jpg
6908990,https://recipe1.ezmember.co.kr/cache/recipe/2019/03/22/4554702bf7b6b97223448b949e07c6561_f.jpg
6913873,https://recipe1.ezmember.co.kr/cache/recipe/2019/08/27/6fc90bb2e7b1aed3424a6e0879e8471b1_f.jpg
6944728,https://recipe1.ezmember.co.kr/cache/recipe/2020/10/21/2ba2428256bcab2606aadf318b04bae91_f.jpg
7072717,https://recipe1.ezmember.co.kr/cache/recipe/2026/03/07/e3d9c65a529bb304ffaa44529fa9deea1_f.jpg
4145513,https://recipe1.ezmember.co.kr/cache/recipe/2015/06/08/0cb1ce8b430143e2dab76c7e1f403114_f.jpg
7016727,https://recipe1.ezmember.co.kr/cache/recipe/2023/12/14/b4fb328748e449c41856eef3f5f6588b1_f.jpg
6891773,https://recipe1.ezmember.co.kr/cache/recipe/2018/06/27/b4746c006850b198b7d5b110034034821_f.jpg
6971360,https://recipe1.ezmember.co.kr/cache/recipe/2021/12/13/02f2856b9c4e880dfe1c5ed3890bf29e1_f.jpg
2826128,https://recipe1.ezmember.co.kr/cache/recipe/2015/04/03/7e4c012892390710d347441d01bb6c1e1_f.jpg
6933746,https://recipe1.ezmember.co.kr/cache/recipe/2020/06/03/c38a545a9166afe4feb3786ae2f0bf691_f.jpg
6720605,https://recipe1.ezmember.co.kr/cache/recipe/2015/05/08/7ca25bf8662aaf434c94317d2d49c51f1_f.JPG
6895482,https://recipe1.ezmember.co.kr/cache/recipe/2018/09/08/609a5b1fe118fdfef238e93b23b002e11_f.jpg
6916457,https://recipe1.ezmember.co.kr/cache/recipe/2019/07/25/ebd37a7e74b422db6aabbe484e6470301_f.jpg
6858055,https://recipe1.ezmember.co.kr/cache/recipe/2016/10/07/4541e58fd446dd6a11fe59c6fb2ac5181_f.jpg
6830712,https://recipe1.ezmember.co.kr/cache/recipe/2015/07/27/f88489e5b131c7709c15bf5df040d8041_f.jpg
6944335,https://recipe1.ezmember.co.kr/cache/recipe/2020/10/16/89aebe7734c5ce0e6788017eae366a111_f.jpg
6894429,https://recipe1.ezmember.co.kr/cache/recipe/2018/08/20/406c6eeaffb3147f72ea52c2e5f1138d1_f.jpg
6877698,https://recipe1.ezmember.co.kr/cache/recipe/2017/10/11/a32e7583926545f594429b6b0a62c1901_f.jpg
6877807,https://recipe1.ezmember.co.kr/cache/recipe/2017/10/13/856894aebe024a76ce5fee91e357a7a41_f.jpg
6879572,https://recipe1.ezmember.co.kr/cache/recipe/2017/11/14/2c9927e9cd44346f3e9958a97d33833e1_f.jpg
6871206,https://recipe1.ezmember.co.kr/cache/recipe/2017/06/14/048722da05f1124756351c069bd6a2171_f.jpg
7017777,https://recipe1.ezmember.co.kr/cache/recipe/2024/01/15/16c844e909b0da9998d21735fee1eed61_f.jpg
5658292,https://recipe1.ezmember.co.kr/cache/recipe/2015/04/16/1b4e2a2a9d5dc8f6744b440381b0a0dc1_f.jpg
6832838,https://recipe1.ezmember.co.kr/cache/recipe/2015/08/26/3ead03e0b437bed3271a0761b4266b911_f.jpg
6947682,https://recipe1.ezmember.co.kr/cache/recipe/2020/12/06/f7e24b9d180df4dd7198988b15c6c3701_f.jpg
6837459,https://recipe1.ezmember.co.kr/cache/recipe/2015/11/04/a8bcaf5247df3716f6d47be24467695a1_f.jpg
6928003,https://recipe1.ezmember.co.kr/cache/recipe/2020/03/07/fe19b81f8cce9a1fbbad4354ef745c1d1_f.jpg
6840682,https://recipe1.ezmember.co.kr/cache/recipe/2015/12/24/266754ddf7a0e545a655a074ab5bd5ef1_f.jpg
6706065,https://recipe1.ezmember.co.kr/cache/recipe/2015/04/16/f569d19fc6cdf43f9671c6fb45f8e8731_f.jpg
6861515,https://recipe1.ezmember.co.kr/cache/recipe/2016/11/23/d78fa1723e016264f391c2f9be1301721_f.jpg
6992031,https://recipe1.ezmember.co.kr/cache/recipe/2022/11/15/d01722265331966810636c3f075e3cfb1_f.jpg
6959364,https://recipe1.ezmember.co.kr/cache/recipe/2021/06/01/1881bec8aec9c5f35bfb69da30657fdc1_f.jpg
6870760,https://recipe1.ezmember.co.kr/cache/recipe/2017/06/05/52321f1d2862310f2c6c137e85fae1b31_f.jpg
4917354,https://recipe1.ezmember.co.kr/cache/recipe/2015/06/08/201c43adf024e6c72aa41ccdb822b869_f.jpg
6923885,https://recipe1.ezmember.co.kr/cache/recipe/2019/12/21/bee6eba5cf01c1628b52212ecea641451_f.jpg
6897208,https://recipe1.ezmember.co.kr/cache/recipe/2018/10/05/a42430228962f7e3b6baa88154bef5dd1_f.jpg
6870885,https://recipe1.ezmember.co.kr/cache/recipe/2017/06/07/afc7cd3c29ac98bcba4959d1dc920a011_f.jpg
6876215,https://recipe1.ezmember.co.kr/cache/recipe/2017/09/11/ccf178b84a9bd867b3c7968eed6439521_f.jpg
6988517,https://recipe1.ezmember.co.kr/cache/recipe/2022/10/03/8e52762eb46100e8f5e700fd123dd0611_f.jpg
6949762,https://recipe1.ezmember.co.kr/cache/recipe/2021/01/01/bea40d746baf39a8ef34340bc06ace5e1_f.jpg
6882228,https://recipe1.ezmember.co.kr/cache/recipe/2018/01/12/8f2327cc88faf791f79eddfd2126832d1_f.jpg
6893876,https://recipe1.ezmember.co.kr/cache/recipe/2018/08/09/5079b83bf4e0ec296558dbf903fc49771_f.jpg
6837072,https://recipe1.ezmember.co.kr/cache/recipe/2015/10/28/69fdc0860a04b1deebe7e3aff05d985a1_f.jpg
4547189,https://recipe1.ezmember.co.kr/cache/recipe/2015/06/08/45f3d88bf606cebf447701c770e71052_f.jpg
6948170,https://recipe1.ezmember.co.kr/cache/recipe/2020/12/12/ca35b14fa0fe09e09fd33519419589cf1_f.jpg
6929132,https://recipe1.ezmember.co.kr/cache/recipe/2020/03/23/5776d3ae25d7909635ef7d6ed95c9a5e1_f.jpg
7056249,https://recipe1.ezmember.co.kr/cache/recipe/2025/06/13/5c11a79c5739d08bbba0da0f67b6bf841_f.jpg
6884435,https://recipe1.ezmember.co.kr/cache/recipe/2018/02/23/e2f2dce86773858ce5dfa96e016cd8271_f.jpg
4642178,https://recipe1.ezmember.co.kr/cache/recipe/2015/06/19/23269eda36bcde917e492a094d0c5931_f.jpg
6841735,https://recipe1.ezmember.co.kr/cache/recipe/2016/01/16/98656b0dd5cb4d4c25f545393a07ec4c1_f.jpg
6874788,https://recipe1.ezmember.co.kr/cache/recipe/2017/08/16/ab4950ba1b2440c181eb7604d310b8fe1_f.jpg
6884622,https://recipe1.ezmember.co.kr/cache/recipe/2018/02/27/0cd7d2f93996d245daacc08fd9bfd19c1_f.jpg
7077791,https://recipe1.ezmember.co.kr/cache/recipe/2026/06/14/e36258ebe3d0ac12ae80e19e61693e4a1_f.jpg
6792786,https://recipe1.ezmember.co.kr/cache/recipe/2015/05/26/ed1942eb2e069ba590937ef4a58cf7f51_f.jpg
6071378,https://recipe1.ezmember.co.kr/cache/recipe/2015/06/03/7ffa01228997176a2f1bb884a71db2c81_f.jpg
6889304,https://recipe1.ezmember.co.kr/cache/recipe/2018/05/21/6f66bd355d8e54a0c091120458ea1e101_f.jpg
4630410,https://recipe1.ezmember.co.kr/cache/recipe/2015/06/24/20d3fa163565ced0913bafdb3c99434d_f.jpg
6829811,https://recipe1.ezmember.co.kr/cache/recipe/2015/07/06/305b306c4232fb38c6531f00ad2f4e0c1_f.jpg
6848262,https://recipe1.ezmember.co.kr/cache/recipe/2016/05/29/21fca2db5465633167e87174fb0fb96b1_f.jpg
6846842,https://recipe1.ezmember.co.kr/cache/recipe/2016/04/21/6539d2f4e839d26a229cd1167367cdc81_f.jpg
6883001,https://recipe1.ezmember.co.kr/cache/recipe/2018/01/29/d9571b81de54b4590498c92eb4826f4a1_f.jpg
6845498,https://recipe1.ezmember.co.kr/cache/recipe/2016/03/28/a9a81473bccc92d9302680fb9d157f0c1_f.jpg
6909705,https://recipe1.ezmember.co.kr/cache/recipe/2019/08/22/df3f9a912f7d96431d52a8b1b3a54e901_f.jpg
6933771,https://recipe1.ezmember.co.kr/cache/recipe/2020/06/04/bcaea8b4fdb827585840b81b582739c31_f.jpg
6752069,https://recipe1.ezmember.co.kr/cache/recipe/2015/05/06/560dd4669b8e4db9e1e7457b9e9a7caf1_f.jpg
6862119,https://recipe1.ezmember.co.kr/cache/recipe/2016/12/04/09e44cd1a9f69a1ac65aca5fd24743e81_f.jpg
6829812,https://recipe1.ezmember.co.kr/cache/recipe/2015/07/06/7fd1ae688085009f297d6b28f4e16fc81_f.jpg
6988675,https://recipe1.ezmember.co.kr/cache/recipe/2022/10/04/d6d1fc3cecaa75db88b2980ea75ae7b01_f.jpg
6895609,https://recipe1.ezmember.co.kr/cache/recipe/2018/09/11/bb66b2780693f116cc30127f0a5595ba1_f.jpg
6963682,https://recipe1.ezmember.co.kr/cache/recipe/2021/08/20/bd947ae5d2aba1abc8755dfd875432851_f.jpg
6953792,https://recipe1.ezmember.co.kr/cache/recipe/2021/02/19/c1fd0e87b375464626f4c989691eeb451_f.jpg
6858545,https://recipe1.ezmember.co.kr/cache/recipe/2016/10/17/842c7ec184ac8d7b4c8a4ddd9764c69f1_f.jpg
6952662,https://recipe1.ezmember.co.kr/cache/recipe/2021/02/03/e41e2389fc49a4a4770775f879c9369a1_f.jpg
6690140,https://recipe1.ezmember.co.kr/cache/recipe/2015/05/17/865db8b70573f134a3ec98a30979eb931_f.jpg
6709417,https://recipe1.ezmember.co.kr/cache/recipe/2015/05/08/cf1f86b20761851d027917c7715aee541_f.jpg
6911070,https://recipe1.ezmember.co.kr/cache/recipe/2019/04/24/0e2e23bb78c0e86e5cfb901d20c0955c1_f.png
6938580,https://recipe1.ezmember.co.kr/cache/recipe/2020/08/07/baa774332e0422f3a92caeb65672e2811_f.jpg
6951000,https://recipe1.ezmember.co.kr/cache/recipe/2021/01/14/f09ae2382e37e92b703d97ad8bb0f4671_f.jpg
6879390,https://recipe1.ezmember.co.kr/cache/recipe/2017/11/10/0f7f889d0e0ef71f15b69baf438468d31_f.jpg
6845262,https://recipe1.ezmember.co.kr/cache/recipe/2016/03/24/a96d02c90d165dc764bae66ad21073771_f.jpg
5051726,https://recipe1.ezmember.co.kr/cache/recipe/2015/05/30/80d1eb7844840d7cf92a43d5c0ee05c41_f.jpg
6907785,https://recipe1.ezmember.co.kr/cache/recipe/2019/03/05/fcf0953d714fd2cddd1e749eccee50961_f.jpg
4858441,https://recipe1.ezmember.co.kr/cache/recipe/2015/04/20/984f081ecbcde9795363a7dce1d310b11_f.jpg
6955199,https://recipe1.ezmember.co.kr/cache/recipe/2021/03/15/132543bb765079bf6cdbfa47eaf8abd21_f.jpg
7031370,https://recipe1.ezmember.co.kr/cache/recipe/2024/07/29/5d0fbbf24aced0b23a455012f09fb8231_f.jpg
6864124,https://recipe1.ezmember.co.kr/cache/recipe/2017/01/20/d04825a5214718d47b7318856e9335a71_f.jpg
6919574,https://recipe1.ezmember.co.kr/cache/recipe/2019/09/24/e318314d57035892b6fc9e3df38bb7161_f.jpg
6595514,https://recipe1.ezmember.co.kr/cache/recipe/2015/04/10/d23e7cb0e861e82fb5e0229f83490ea11_f.jpg
6905765,https://recipe1.ezmember.co.kr/cache/recipe/2019/02/01/aed60c7b8110731f59a7e52da71e157e1_f.jpg
5879909,https://recipe1.ezmember.co.kr/cache/recipe/2015/06/05/1ae0fb33e327f491a7173f5679eb69831_f.jpg
6927712,https://recipe1.ezmember.co.kr/cache/recipe/2020/03/04/012f489118663f24ca8ae2140a46efac1_f.jpg
6980051,https://recipe1.ezmember.co.kr/cache/recipe/2022/05/26/2c8bb92118a4ec7ce511362a65ab989a1_f.jpg
6930764,https://recipe1.ezmember.co.kr/cache/recipe/2020/04/15/5def26d6ed6c3a96b85f771a5a3936c01_f.jpg
6873592,https://recipe1.ezmember.co.kr/cache/recipe/2017/07/27/8d8cf3783346d1ac8b5aabf21e1dc59d1_f.png
6943074,https://recipe1.ezmember.co.kr/cache/recipe/2020/09/29/b2c664f51ef514f1c19a93faf33c53651_f.jpg
6909555,https://recipe1.ezmember.co.kr/cache/recipe/2019/03/31/8a066e6a32e86789767c95559ae7ab771_f.jpg
6858538,https://recipe1.ezmember.co.kr/cache/recipe/2016/10/15/9628781aa83b63826509180a4d44e9411_f.jpg
6926075,https://recipe1.ezmember.co.kr/cache/recipe/2020/02/05/4ee0093e6f999fdb1b24742478396b1a1_f.jpg
6931413,https://recipe1.ezmember.co.kr/cache/recipe/2020/04/23/30cd41f45a17757b8abdc9d63b7f58b61_f.jpg
6922887,https://recipe1.ezmember.co.kr/cache/recipe/2019/11/30/93caf79ed2c828086d05b85aa9bfd3021_f.jpg
6880000,https://recipe1.ezmember.co.kr/cache/recipe/2017/11/09/2b84b1ccc37c866f3ccdbaaefc1b39c71_f.jpg
6977781,https://recipe1.ezmember.co.kr/cache/recipe/2022/04/13/000268dca6b8e6a267cc7199e2bd137c1_f.jpg
6952294,https://recipe1.ezmember.co.kr/cache/recipe/2021/01/29/69f73d650672987248355b0c67bd448e1_f.jpg
6956883,https://recipe1.ezmember.co.kr/cache/recipe/2021/04/14/65a11c76af5910b43ee46d52b537dd0b1_f.jpg
6878189,https://recipe1.ezmember.co.kr/cache/recipe/2017/10/19/73bf882de6ba74f405681808f7f3259b1_f.jpg
6869431,https://recipe1.ezmember.co.kr/cache/recipe/2017/05/08/a548ee51e5ed383ea1bcac3e19e2caf81_f.jpg
6663134,https://recipe1.ezmember.co.kr/cache/recipe/2015/03/27/675e2a2201ed57096d82754304e6a0721_f.jpg
6857961,https://recipe1.ezmember.co.kr/cache/recipe/2016/10/05/77d5b7cb242ff8db8ff38d4ba6d967e31_f.jpg
7000601,https://recipe1.ezmember.co.kr/cache/recipe/2023/04/13/bb15dc20d090f535c9a98e8f05ce37b11_f.jpg
6895728,https://recipe1.ezmember.co.kr/cache/recipe/2018/09/12/384208f3cfb02464889092c895deaeb71_f.jpg
6851934,https://recipe1.ezmember.co.kr/cache/recipe/2016/07/01/ca62833c864b6cce8750732fc1593ed61_f.jpg
6854399,https://recipe1.ezmember.co.kr/cache/recipe/2016/08/10/d14c624bb684fc42fb0ccc2b528a56601_f.jpg
6778483,https://recipe1.ezmember.co.kr/cache/recipe/2015/05/18/f97aeda33147f17fe6eef10bfa2b73711_f.jpg
6903392,https://recipe1.ezmember.co.kr/cache/recipe/2019/01/03/0e57aad21a9b67aa50d276fc6aad3d821_f.jpg
5002274,https://recipe1.ezmember.co.kr/cache/recipe/2015/06/07/a8301b87732cac602340b32057d1c64c1_f.jpg
4754792,https://recipe1.ezmember.co.kr/cache/recipe/2015/03/26/495a36df8acf654e29f1f90219e003b01_f.jpg
6895042,https://recipe1.ezmember.co.kr/cache/recipe/2018/08/31/393ebb2dd42222b15629d19a2895f55b1_f.jpg
6919136,https://recipe1.ezmember.co.kr/cache/recipe/2019/09/15/a0ec7f487fe119377d28b7b0a3939de71_f.jpg
6937991,https://recipe1.ezmember.co.kr/cache/recipe/2020/07/30/62205e4a1fde66b3da6fb7bafe6ebb951_f.jpg
6947203,https://recipe1.ezmember.co.kr/cache/recipe/2020/11/29/458535d9f5478cd14b6721d9bed610fa1_f.jpg
6915277,https://recipe1.ezmember.co.kr/cache/recipe/2019/07/04/cff65fd7a452a6cf57549a95e4c627691_f.jpg
6885119,https://recipe1.ezmember.co.kr/cache/recipe/2018/03/08/df147f96bae6409f1cf14943e76f7b0b1_f.jpg
6845099,https://recipe1.ezmember.co.kr/cache/recipe/2016/03/22/109144ef9102d06f65066d012c493c101_f.jpg
6884944,https://recipe1.ezmember.co.kr/cache/recipe/2018/03/05/9ffd78fd6a83568563497e1add3461721_f.jpg
7003497,https://recipe1.ezmember.co.kr/cache/recipe/2023/05/18/d4d1524d3e20c6a1f7e8ee6197bd73b71_f.jpg
6851318,https://recipe1.ezmember.co.kr/cache/recipe/2016/06/20/4746a326eaf9398222057a554a76f5151_f.jpg
6920381,https://recipe1.ezmember.co.kr/cache/recipe/2019/10/10/99fbc3e7f2ab04ec802dff18091444cd1_f.jpg
7001677,https://recipe1.ezmember.co.kr/cache/recipe/2023/05/04/46bde0f8a118f9318486abd666f41b981_f.jpg
6957289,https://recipe1.ezmember.co.kr/cache/recipe/2021/04/23/58bdd511464e6727c7ec965fec9a60481_f.jpg
7064492,https://recipe1.ezmember.co.kr/cache/recipe/2025/10/11/021bf6c34129b875f76d8e0b98b597dc1_f.jpg
6951261,https://recipe1.ezmember.co.kr/cache/recipe/2021/01/16/474457a5f16aa7f12b16c276cf22dcd21_f.jpg
6862695,https://recipe1.ezmember.co.kr/cache/recipe/2016/12/15/5a88009b6eaa9f9359d97d0f2ed8d9cb1_f.jpg
6873165,https://recipe1.ezmember.co.kr/cache/recipe/2017/07/21/9000f2b6a465a69411a7bc8ae223bc8f1_f.png
6833329,https://recipe1.ezmember.co.kr/cache/recipe/2015/09/02/01fddf4442a09bd35a7e9fe83b1bb4311_f.jpg
6879820,https://recipe1.ezmember.co.kr/cache/recipe/2017/11/20/ef99c614022e835a9257e5ea28cac32b1_f.jpg
6830348,https://recipe1.ezmember.co.kr/cache/recipe/2015/07/17/b38e0a2fb1d4de1dc68b317c896a21811_f.jpg
6900044,https://recipe1.ezmember.co.kr/cache/recipe/2018/11/12/c8205ddba73e313ab119ffec88e8fbd61_f.jpg
7026752,https://recipe1.ezmember.co.kr/cache/recipe/2024/05/21/db563c26453f9938324c0e9e32624d9b1_f.png
6866530,https://recipe1.ezmember.co.kr/cache/recipe/2017/03/09/ec3eb472d9a33187c912dcc86c07a4441_f.jpg
6839690,https://recipe1.ezmember.co.kr/cache/recipe/2015/12/11/d9d6617a5ea20c0b43d5d5a518e87fed1_f.jpg
7005704,https://recipe1.ezmember.co.kr/cache/recipe/2023/07/09/e64084a20699363de96664334977b5951_f.jpg
6902104,https://recipe1.ezmember.co.kr/cache/recipe/2018/12/16/8377258c7065bf3c042695ac980205c51_f.jpg
6852368,https://recipe1.ezmember.co.kr/cache/recipe/2016/07/08/79403992dbc2d25840955919848f254a1_f.jpg
6950957,https://recipe1.ezmember.co.kr/cache/recipe/2020/12/31/5f01b981ef9a177f28275a8afccdb47f1_f.jpg
4881877,https://recipe1.ezmember.co.kr/cache/recipe/2015/06/06/1e44e3868eec5777050acd7f5706deb51_f.jpg
6834197,https://recipe1.ezmember.co.kr/cache/recipe/2015/09/12/fa2eeca59df828e98f34f5b495e895801_f.jpg
6893589,https://recipe1.ezmember.co.kr/cache/recipe/2018/08/14/3e27b16750bb73b67277fa3dd470c1741_f.jpg
6995818,https://recipe1.ezmember.co.kr/cache/recipe/2023/01/21/be746b90eaa31a5889f240c54c76e90c1_f.jpg
6943340,https://recipe1.ezmember.co.kr/cache/recipe/2020/10/04/79b089d555fafffe1d04e65913d5ac961_f.jpg
6880166,https://recipe1.ezmember.co.kr/cache/recipe/2017/11/28/c7cfdb928aec958bb63fd60627135afa1_f.jpg
6852056,https://recipe1.ezmember.co.kr/cache/recipe/2016/07/03/dddf80b803dbfaef830961f06ffc98b81_f.jpg
6894477,https://recipe1.ezmember.co.kr/cache/recipe/2018/08/19/f24d2d11a32dc5231b98a094a0bb12d11_f.jpg
6916991,https://recipe1.ezmember.co.kr/cache/recipe/2019/08/05/4c57d3bc9a611da8ed27a1f8c680ed451_f.jpg
6914354,https://recipe1.ezmember.co.kr/cache/recipe/2019/06/20/e77704e7ce229d4498c904b5836a7a811_f.jpg
6885552,https://recipe1.ezmember.co.kr/cache/recipe/2018/03/10/a2751446dfe6a5e97124e03a7bfca3c71_f.jpg
6839880,https://recipe1.ezmember.co.kr/cache/recipe/2015/12/14/3bce5d0034f6b0d5231dd73e7ba01adb1_f.jpg
6883752,https://recipe1.ezmember.co.kr/cache/recipe/2018/02/10/17b2fc0a6188a165589206709d563c871_f.jpg
6840613,https://recipe1.ezmember.co.kr/cache/recipe/2015/12/23/b74105f29b26610887783972b3b6041a1_f.jpg
6939996,https://recipe1.ezmember.co.kr/cache/recipe/2020/08/24/d2ab49f0043ebb85f5eafab9caec39461_f.jpg
6900649,https://recipe1.ezmember.co.kr/cache/recipe/2018/11/23/70183113a21aa2d67c6533d3a153a4831_f.JPG
6927783,https://recipe1.ezmember.co.kr/cache/recipe/2020/03/05/f330178c667f0ad90548c44a8ca945d21_f.jpg
6832151,https://recipe1.ezmember.co.kr/cache/recipe/2015/08/17/5cb7b5a1440c23b353c89403422fbd111_f.jpg
6961294,https://recipe1.ezmember.co.kr/cache/recipe/2021/07/06/e1c73d0cbc183ff3152955b9a9d9edd01_f.jpg
6917282,https://recipe1.ezmember.co.kr/cache/recipe/2019/08/11/97bd75a2918210a1e19712813bdaa75f1_f.jpg
6790135,https://recipe1.ezmember.co.kr/cache/recipe/2015/05/24/34122f6729b0ed94381ddd0c4364a0fd1_f.jpg
6877595,https://recipe1.ezmember.co.kr/cache/recipe/2017/10/09/e5ff4ca123d37edd424d1b67bdae7dba1_f.jpg
6943001,https://recipe1.ezmember.co.kr/cache/recipe/2020/09/28/8048971d0ce0cc989000e9e062e67ead1_f.jpg
6959971,https://recipe1.ezmember.co.kr/cache/recipe/2021/06/10/c508aa3453d291bcab35a2746aa86e921_f.jpg
6881895,https://recipe1.ezmember.co.kr/cache/recipe/2018/01/05/cdace3c609cce1a9d872e54bd4f2341e1_f.jpg
6977293,https://recipe1.ezmember.co.kr/cache/recipe/2022/04/04/b9ac5354a80eb42c2cc047adc409987f1_f.jpg
6947807,https://recipe1.ezmember.co.kr/cache/recipe/2020/12/08/a0f11ef7ccab7f49fd69acd279c3a1481_f.jpg
6955781,https://recipe1.ezmember.co.kr/cache/recipe/2021/03/25/75d3c4d6db2325101150c4c3cba4e38b1_f.jpg
6914344,https://recipe1.ezmember.co.kr/cache/recipe/2019/06/14/bb78a62c5c9872b19f8a4c1a69aabd8d1_f.jpg
6882084,https://recipe1.ezmember.co.kr/cache/recipe/2018/01/10/bdc333ed37cfdcd9cb38e0811f35e8821_f.jpg
6980022,https://recipe1.ezmember.co.kr/cache/recipe/2022/05/25/3accc31d808c2568f5cf732980bcc4561_f.jpg
6884228,https://recipe1.ezmember.co.kr/cache/recipe/2018/02/20/3d947db3b93b4b91f84d9a7064fbb50c1_f.jpg
6830052,https://recipe1.ezmember.co.kr/cache/recipe/2015/07/10/8eb0225bb4248b462708763d86628ba01_f.jpg
6902540,https://recipe1.ezmember.co.kr/cache/recipe/2018/12/21/21c0fb4b4f7ec861a44d913629c3c7081_f.jpg
7042945,https://recipe1.ezmember.co.kr/cache/recipe/2025/01/19/509b9476591e7fbf170db71735fd0c541_f.jpg
6932299,https://recipe1.ezmember.co.kr/cache/recipe/2020/05/08/31917c5530f45ef821c59d907a23854d1_f.jpg
6844558,https://recipe1.ezmember.co.kr/cache/recipe/2016/03/12/978791df07f66a9b28ea253b5916d07b1_f.jpg
6892526,https://recipe1.ezmember.co.kr/cache/recipe/2018/07/13/83de6dea0b9420318b1b19cbde41d3f91_f.jpg
6876890,https://recipe1.ezmember.co.kr/cache/recipe/2017/09/22/13fbea912ce1c67f369cbf384cab8f471_f.jpg
6840909,https://recipe1.ezmember.co.kr/cache/recipe/2015/12/19/db415cb2b1409d1ba1c337d373e089ad1_f.jpg
6938935,https://recipe1.ezmember.co.kr/cache/recipe/2020/08/05/bbfe6638a40390c274942e3047867e691_f.jpg
6861496,https://recipe1.ezmember.co.kr/cache/recipe/2016/11/23/f23b5d7fa1f65394cf8d0ddc76d3e86d1_f.jpg
6883712,https://recipe1.ezmember.co.kr/cache/recipe/2018/02/09/d1c7b344c1633bcfd98441fd1573304a1_f.jpg
4243158,https://recipe1.ezmember.co.kr/cache/recipe/2015/05/26/4ba8eff834b014a727ef4fcef21660261_f.jpg
4031367,https://recipe1.ezmember.co.kr/cache/recipe/2015/07/02/c54c07d768a034c96b17f5ccb7f7c065_f.jpg
6853751,https://recipe1.ezmember.co.kr/cache/recipe/2016/07/30/993689322ded7e57950ec6b73b87190a1_f.jpg
6947052,https://recipe1.ezmember.co.kr/cache/recipe/2020/11/26/787cef4b708951e44ac4d5b1745ca6b91_f.jpg
6884337,https://recipe1.ezmember.co.kr/cache/recipe/2018/02/21/4de23ef2f98bae179d381b386894896d1_f.jpg
6844306,https://recipe1.ezmember.co.kr/cache/recipe/2016/03/08/9c3c4954e52ffc00c63da12d5534f6b71_f.jpg
6881139,https://recipe1.ezmember.co.kr/cache/recipe/2017/12/19/e0df7cee9917c1e0bb31bd9645d0d3791_f.jpg
6891590,https://recipe1.ezmember.co.kr/cache/recipe/2018/06/27/81b7c11d6d781cda9831704c6793229a1_f.jpg
6873216,https://recipe1.ezmember.co.kr/cache/recipe/2017/07/22/48ec8eaa49c5119ee3924d4c9385ee071_f.jpg
6875293,https://recipe1.ezmember.co.kr/cache/recipe/2017/08/24/c1a82c70bd98eb8c702e9c141271014b1_f.jpg
6832091,https://recipe1.ezmember.co.kr/cache/recipe/2015/08/18/e4078c033fc29fdd14cc4143336ba2eb1_f.jpg
6955164,https://recipe1.ezmember.co.kr/cache/recipe/2021/03/14/76d45b82796dde04d5de816039baf94e1_f.jpg
6890522,https://recipe1.ezmember.co.kr/cache/recipe/2018/06/09/47f45a280f5d2c4901cf9ec76b4a7a8d1_f.jpg
6904521,https://recipe1.ezmember.co.kr/cache/recipe/2019/01/16/e765f1f2646f8358c869dc52e819afb61_f.jpg
6894002,https://recipe1.ezmember.co.kr/cache/recipe/2018/08/11/005d4d258149eaa4c6ae1a2ac27a2daf1_f.jpg
6986288,https://recipe1.ezmember.co.kr/cache/recipe/2022/08/25/9f44dee38e06da87d22978a2316562e31_f.jpg
6838367,https://recipe1.ezmember.co.kr/cache/recipe/2015/11/19/7ca8ba6e29ca1cbfc24356a28f1654991_f.jpg
6968208,https://recipe1.ezmember.co.kr/cache/recipe/2021/11/05/d6951478a7b490c1176cbf9453a122721_f.jpg
6898332,https://recipe1.ezmember.co.kr/cache/recipe/2018/10/20/8cc39cc5e422233ca6a4576a4a16a4fa1_f.jpg
6864112,https://recipe1.ezmember.co.kr/cache/recipe/2017/01/19/f0a0709e27c4e5e99689511349b535d51_f.jpg
6948854,https://recipe1.ezmember.co.kr/cache/recipe/2020/12/20/4be0d8d7a7e93bc7deb907f74e559ae51_f.jpg
6957487,https://recipe1.ezmember.co.kr/cache/recipe/2021/04/27/e72ec1f46784fbdcf2408f5c371a19ff1_f.jpg
6886419,https://recipe1.ezmember.co.kr/cache/recipe/2018/03/31/d7c48ce0b368bb9310948cc8897119c41_f.jpg
6903380,https://recipe1.ezmember.co.kr/cache/recipe/2019/01/02/e45357a6f8276ab27c5a9ee82904c87f1_f.jpg
6884954,https://recipe1.ezmember.co.kr/cache/recipe/2018/03/05/000761db657d0dedb55442d85bfbab541_f.jpg
6716457,https://recipe1.ezmember.co.kr/cache/recipe/2015/04/20/eab7841f7a84be09ad0c2470aa6ff3ea1_f.jpg
6830559,https://recipe1.ezmember.co.kr/cache/recipe/2015/07/23/c9362f8a608181ed2997022185edb8291_f.jpg
6850366,https://recipe1.ezmember.co.kr/cache/recipe/2016/06/02/3f7ee060dcf10fb46bd3a108a9eb2f951_f.jpg
6906549,https://recipe1.ezmember.co.kr/cache/recipe/2019/02/14/cec1a889bdc1f0a694ebef20d6f6cca31_f.jpg
6921491,https://recipe1.ezmember.co.kr/cache/recipe/2019/10/31/9b457bff6d1d618edf8ac5ff61f079311_f.jpg
6891915,https://recipe1.ezmember.co.kr/cache/recipe/2018/07/03/15d7ef47abcd85192403caf9b5d5b96a1_f.jpg
6865071,https://recipe1.ezmember.co.kr/cache/recipe/2017/02/10/013e2a65e6d97a31557b1d8892a0f5b01_f.jpg
7063593,https://recipe1.ezmember.co.kr/cache/recipe/2025/09/29/1e0ffa094e02189dfa1a7bf6a12c3f3f1_f.jpg
7045542,https://recipe1.ezmember.co.kr/cache/recipe/2025/02/20/1d4d107005f9f06c1d6fbebf841af71c1_f.jpg
6897251,https://recipe1.ezmember.co.kr/cache/recipe/2018/10/06/f91ebde77e419ad8c5ea58bdc5ad11021_f.jpg
6892325,https://recipe1.ezmember.co.kr/cache/recipe/2018/07/09/6fa49a81fe4ebf4140421dde0fec6e461_f.jpg
6881830,https://recipe1.ezmember.co.kr/cache/recipe/2018/01/06/55f2d8779c1280bd316fb6ba61c91b431_f.jpg
6905684,https://recipe1.ezmember.co.kr/cache/recipe/2019/02/01/c2cf308e438b393bd06a751613dc8dca1_f.jpg
6959504,https://recipe1.ezmember.co.kr/cache/recipe/2021/06/02/01114bed75da14d8580d4614fbe6951d1_f.jpg
6949251,https://recipe1.ezmember.co.kr/cache/recipe/2020/12/25/49d698eb9e14c42e914927b9030583dc1_f.jpg
6834109,https://recipe1.ezmember.co.kr/cache/recipe/2015/09/11/9149b9e5cae629f603f5c070e86a72a01_f.jpg
6904003,https://recipe1.ezmember.co.kr/cache/recipe/2019/01/10/ae88eabde27632bb2cf4f519e26251331_f.jpg
6854680,https://recipe1.ezmember.co.kr/cache/recipe/2016/08/16/f5c6e9b2f21d50a987dcf70542564dbf1_f.jpg
6910440,https://recipe1.ezmember.co.kr/cache/recipe/2019/04/13/e3afb505ec6a39c184c2b5865567fdc31_f.jpg
6974160,https://recipe1.ezmember.co.kr/cache/recipe/2022/02/08/60a6a2629ba5034c7008a433c0c49ffa1_f.jpg
6853020,https://recipe1.ezmember.co.kr/cache/recipe/2016/07/19/211006637820076c993e4c84c037d29f1_f.jpg
6893957,https://recipe1.ezmember.co.kr/cache/recipe/2018/08/10/6706e24c49118f2de6eaec7735ba4e9d1_f.jpg
6768297,https://recipe1.ezmember.co.kr/cache/recipe/2015/05/13/7597323634b46f53d4022ffa0a9eff221_f.jpg
6895415,https://recipe1.ezmember.co.kr/cache/recipe/2018/09/07/a6d98bacb0f2cf95f4670c57581151791_f.jpg
6009195,https://recipe1.ezmember.co.kr/cache/recipe/2015/06/02/48ff3c348060b5055b29ec37c87160561_f.jpg
6880518,https://recipe1.ezmember.co.kr/cache/recipe/2017/12/02/36d64b5dcafebf891dad7def907af77a1_f.jpg
4668037,https://recipe1.ezmember.co.kr/cache/recipe/2015/11/23/38350cdb1dcd7f836cae049113ea46711_f.jpg
6792948,https://recipe1.ezmember.co.kr/cache/recipe/2015/05/26/6b1a1b5988ec7247062d7ce2864e04151_f.jpg
6976545,https://recipe1.ezmember.co.kr/cache/recipe/2022/03/22/c5551e9d3ac97c243213a6bde07adb9b1_f.png
6859253,https://recipe1.ezmember.co.kr/cache/recipe/2016/10/27/cbdd0e0629f0b7d8fd3e66f6b9eaeba41_f.jpg
6917390,https://recipe1.ezmember.co.kr/cache/recipe/2019/08/11/e06c183f9d5d42cf06c3e6af852ac7071_f.jpg
6842450,https://recipe1.ezmember.co.kr/cache/recipe/2016/02/01/e4e7c8d9b541a12cc755a97c84ae196f1_f.jpg
6990154,https://recipe1.ezmember.co.kr/cache/recipe/2022/10/22/3f4921931b57ffabb4449f7793bf30621_f.jpg
5537124,https://recipe1.ezmember.co.kr/cache/recipe/2015/04/02/b3f9df355d7facac19495b516fc99d311_f.jpg
6957036,https://recipe1.ezmember.co.kr/cache/recipe/2021/04/18/65a67c9a7dd76bf6e50c0134c68192c11_f.jpg
6940159,https://recipe1.ezmember.co.kr/cache/recipe/2020/08/26/96a9d819559df771f640293b258d66a31_f.jpg
6856967,https://recipe1.ezmember.co.kr/cache/recipe/2016/09/13/37fc03ac62f1b03ee41ec63656f9939b1_f.jpg
6913851,https://recipe1.ezmember.co.kr/cache/recipe/2019/06/12/7c7b120ab01a4451545d86f6f798e0e41_f.jpg
6903784,https://recipe1.ezmember.co.kr/cache/recipe/2019/01/07/5885c7d32ebe7e45dd308136be39f5bd1_f.jpg
6946648,https://recipe1.ezmember.co.kr/cache/recipe/2020/11/20/e81561cc4c9ad775946a9477d87c3d971_f.jpg
6989535,https://recipe1.ezmember.co.kr/cache/recipe/2022/10/14/51a673cc550bcef1825d81af793c19771_f.jpg
6725558,https://recipe1.ezmember.co.kr/cache/recipe/2015/05/07/3ef64472c21f11e1d96c59145d2e3edb1_f.jpg
6531417,https://recipe1.ezmember.co.kr/cache/recipe/2015/05/31/041c4f36d73647abeb2370ac7b216d8d_f.jpg
6832712,https://recipe1.ezmember.co.kr/cache/recipe/2015/08/24/256888d94f4324a385ff0dd3a6359abe1_f.jpg
7072854,https://recipe1.ezmember.co.kr/cache/recipe/2026/03/10/62103bd8e789dc52f8bc401d35f663901_f.jpg
6942940,https://recipe1.ezmember.co.kr/cache/recipe/2020/09/26/4a4e6c8fa8e8e32f8d615b907d7d9c0a1_f.jpg
6887746,https://recipe1.ezmember.co.kr/cache/recipe/2018/04/23/c79c228d7a4a446f7fcd06e6f66d62f01_f.jpg
7046257,https://recipe1.ezmember.co.kr/cache/recipe/2025/02/28/37226f2cab17047fb19062631f5d7cb31_f.jpg
6906642,https://recipe1.ezmember.co.kr/cache/recipe/2019/02/15/e4c6b3156da40ce6deaaf5200799b7831_f.jpg
6951881,https://recipe1.ezmember.co.kr/cache/recipe/2021/01/23/671a4ef975313a57cb6a55a1f6759dbe1_f.jpg
6901578,https://recipe1.ezmember.co.kr/cache/recipe/2018/12/09/c1c5b9a230ee12efe9a3a4fd115b8c291_f.jpg
6879725,https://recipe1.ezmember.co.kr/cache/recipe/2017/11/17/d4f708a644163879476298a6fb342f811_f.jpg
4099257,https://recipe1.ezmember.co.kr/cache/recipe/2015/04/14/b181461fbc00fff850de40dfd987fb841_f.jpg
6869289,https://recipe1.ezmember.co.kr/cache/recipe/2017/05/04/6289278944e40913b6d5305aee7978ac1_f.jpg
6926045,https://recipe1.ezmember.co.kr/cache/recipe/2020/02/05/a001a796d97c93dd26c6ac796a4f5e2c1_f.jpg
6986218,https://recipe1.ezmember.co.kr/cache/recipe/2022/08/24/525e82936cbe3fdbb97bc95bf3f29de51_f.jpg
6915110,https://recipe1.ezmember.co.kr/cache/recipe/2019/07/02/37decda70b2a0ced276b1dd04addc6631_f.jpg
6957241,https://recipe1.ezmember.co.kr/cache/recipe/2021/04/22/de2c3c9ac2dfa0b9d33ea1117a5c89281_f.jpg
6960078,https://recipe1.ezmember.co.kr/cache/recipe/2021/06/12/91d3d0bc4e855766dfc9f5fa78a3ecbd1_f.jpg
6948936,https://recipe1.ezmember.co.kr/cache/recipe/2020/12/21/8d3d9044f866f87679b63868b4f3e4741_f.jpg
6918628,https://recipe1.ezmember.co.kr/cache/recipe/2019/09/03/2a6bab722d1d1aae1ccefdc93987bf9a1_f.jpg
6854980,https://recipe1.ezmember.co.kr/cache/recipe/2016/08/20/f2b361e39edabc969bc39c7722c98a471_f.jpg
6916474,https://recipe1.ezmember.co.kr/cache/recipe/2019/07/26/a8a563e166b19c29213d7a82d56dc9371_f.jpg
6840348,https://recipe1.ezmember.co.kr/cache/recipe/2015/12/20/b224a9b0138f523a5ebe5de7040a6efb1_f.jpg
6932251,https://recipe1.ezmember.co.kr/cache/recipe/2020/05/07/b1d89d816a4f176cd892a5aaf7f88df21_f.jpg
2999855,https://recipe1.ezmember.co.kr/cache/recipe/2015/06/26/209dffced7f2e2e4669ae89fc04cd244_f.jpg
6836502,https://recipe1.ezmember.co.kr/cache/recipe/2015/10/20/4a1489253c42b20a426cdef4984adb931_f.jpg
6948656,https://recipe1.ezmember.co.kr/cache/recipe/2020/12/17/8157adb3c55f451a583428de4519624f1_f.jpg
5952160,https://recipe1.ezmember.co.kr/cache/recipe/2015/06/09/aee98600ce107f285be3e9cd497ecb4a1_f.jpg
3551697,https://recipe1.ezmember.co.kr/cache/recipe/2015/07/16/8bdc3f5fe3f319bdd67274bc49146b15_f.jpg
6871934,https://recipe1.ezmember.co.kr/cache/recipe/2017/06/29/c194d5865fa7801ba814913937a937f71_f.jpg
6913379,https://recipe1.ezmember.co.kr/cache/recipe/2019/06/06/9d9e9eda5fb659205cc33bed50dee75a1_f.jpg
6962433,https://recipe1.ezmember.co.kr/cache/recipe/2021/07/28/374455288ebb9170781b3d4690af73a71_f.jpg
7041006,https://recipe1.ezmember.co.kr/cache/recipe/2024/12/20/3f24a28e546c8e818af48c04c37792ae1_f.jpg
6833410,https://recipe1.ezmember.co.kr/cache/recipe/2015/09/03/df854c6c4d5cdede3d1905b78908e7901_f.jpg
6863829,https://recipe1.ezmember.co.kr/cache/recipe/2017/01/12/4e36ee48c234881aab256e9a462c451b1_f.jpg
6945201,https://recipe1.ezmember.co.kr/cache/recipe/2020/10/28/3d55e9b18d3f524e550851429c1fbf991_f.jpg
6906234,https://recipe1.ezmember.co.kr/cache/recipe/2019/02/10/5d4289fb101abbe27c28cd65759d23d31_f.jpg
6890373,https://recipe1.ezmember.co.kr/cache/recipe/2018/06/06/12cbab5b9dbb7d4efaea5bc38b0a75a61_f.jpg
6888338,https://recipe1.ezmember.co.kr/cache/recipe/2018/04/24/aff2e3369e8a7ec2f4f5b6adb1906fa41_f.jpg
6885470,https://recipe1.ezmember.co.kr/cache/recipe/2018/03/14/2526a2c3977e766b3621f9f1ecd5d80d1_f.jpg
6869245,https://recipe1.ezmember.co.kr/cache/recipe/2017/05/03/3befc057ecbc6c4ab144b2c4e361afea1_f.jpg
6877894,https://recipe1.ezmember.co.kr/cache/recipe/2017/10/14/a22fd46a99d4aae829db4ed54b07e7eb1_f.jpg
6838080,https://recipe1.ezmember.co.kr/cache/recipe/2015/11/13/eb5c1ec1c04a79e4f0bb57d8f40816471_f.jpg
6910004,https://recipe1.ezmember.co.kr/cache/recipe/2019/04/07/a0d2b8f4610083212c810566e15430bd1_f.jpg
6938654,https://recipe1.ezmember.co.kr/cache/recipe/2020/08/08/ee248f048f35e2054ea8569ce26b04751_f.jpg
6619739,https://recipe1.ezmember.co.kr/cache/recipe/2015/03/31/4f62c2e7be57ad6ded23d525b0846e901_f.jpg
6914885,https://recipe1.ezmember.co.kr/cache/recipe/2019/06/27/234c6038060ba8f388eb30bfbf69f6c51_f.jpg
6843117,https://recipe1.ezmember.co.kr/cache/recipe/2016/02/16/1acff02e32327a930c0d751d39879a411_f.jpg
6915071,https://recipe1.ezmember.co.kr/cache/recipe/2019/07/01/7e9b74ff5d576b175a41c08a18e32d6a1_f.jpg
6853841,https://recipe1.ezmember.co.kr/cache/recipe/2016/08/01/aa6664e96d9b728fe3f745c6e5ff04c61_f.jpg
6923231,https://recipe1.ezmember.co.kr/cache/recipe/2019/12/08/8a5056b43248f5e7b9406bc08ecadc3e1_f.jpg
6938016,https://recipe1.ezmember.co.kr/cache/recipe/2020/07/29/373e0b8016bd09c1f8db568ea57850f01_f.jpg
6855469,https://recipe1.ezmember.co.kr/cache/recipe/2016/08/28/329e47f38052eacfeb437a03c86c7f821_f.jpg
6901982,https://recipe1.ezmember.co.kr/cache/recipe/2018/12/14/e2f1b8342751fa5040f9aa243dae506d1_f.jpg
6958921,https://recipe1.ezmember.co.kr/cache/recipe/2021/05/24/0dc7d561e14e74f963367df1f4e76dff1_f.jpg
6933884,https://recipe1.ezmember.co.kr/cache/recipe/2020/06/06/4c6cd6fc4d37ac8f3d231362209da2521_f.jpg
6892456,https://recipe1.ezmember.co.kr/cache/recipe/2018/07/12/b7c46abbf29648163a9b017ddd00c5111_f.jpg
6981750,https://recipe1.ezmember.co.kr/cache/recipe/2022/06/19/3ffdb1c056684b1f68af31b0cb0f96251_f.jpg
6933026,https://recipe1.ezmember.co.kr/cache/recipe/2020/05/20/5b785dbb1ed1cf18e566471096a475331_f.jpg
6919023,https://recipe1.ezmember.co.kr/cache/recipe/2019/09/11/fac38e115c65af863ce95f7bfeb7d1421_f.jpg
6888901,https://recipe1.ezmember.co.kr/cache/recipe/2018/05/15/408246871dc0fee0b57bf7e3e501ac841_f.jpg
7070057,https://recipe1.ezmember.co.kr/cache/recipe/2026/01/17/91729790bd5240586f80a351736fb4051_f.jpg
6874546,https://recipe1.ezmember.co.kr/cache/recipe/2017/08/11/6281a7edd1c71856963ada5f65b9113f1_f.jpg
6895091,https://recipe1.ezmember.co.kr/cache/recipe/2018/09/01/58373405bd0d6a136a017ef0c92de3ef1_f.jpg
6913222,https://recipe1.ezmember.co.kr/cache/recipe/2019/06/03/6b51cccf0aa869701829cf7b0f44ab041_f.jpg
6877297,https://recipe1.ezmember.co.kr/cache/recipe/2017/09/29/8d2a7d7382811c652a2cfbd7417a16061_f.jpg
6875892,https://recipe1.ezmember.co.kr/cache/recipe/2017/09/05/36608d43bb8fbbe4d2d9fd63d0c878331_f.jpg
6513023,https://recipe1.ezmember.co.kr/cache/recipe/2015/04/09/74125558caea43778cca3445acda08d51_f.jpg
7040163,https://recipe1.ezmember.co.kr/cache/recipe/2024/12/08/a33cdcee3b8bfcbadfbb3b558e2d0d701_f.jpg
6918234,https://recipe1.ezmember.co.kr/cache/recipe/2019/08/26/6b09e02b5f769442712ad91f07faa0ed1_f.jpg
6930634,https://recipe1.ezmember.co.kr/cache/recipe/2020/04/14/55466ae0daaaad6997ebbcfb1f9a32671_f.jpg
6872243,https://recipe1.ezmember.co.kr/cache/recipe/2017/07/05/e790c32ea1ae5d9c2387e52c3305493b1_f.jpg
6951789,https://recipe1.ezmember.co.kr/cache/recipe/2021/01/22/83700baecdd9d4514956a6a31492e5fb1_f.jpg
6698779,https://recipe1.ezmember.co.kr/cache/recipe/2015/05/14/4c85020f83e37ff80a3caf6370f24bd41_f.jpg
6837309,https://recipe1.ezmember.co.kr/cache/recipe/2015/11/22/0b431beb1fd5f27271bbdbbc54ec0e441_f.jpg
6921562,https://recipe1.ezmember.co.kr/cache/recipe/2019/11/02/8c7c4f2df2ccdb39079b99a5963c6f2d1_f.jpg
6848128,https://recipe1.ezmember.co.kr/cache/recipe/2016/05/14/65eca820635a2b1c47f2c9394e0292531_f.jpg
6960233,https://recipe1.ezmember.co.kr/cache/recipe/2021/06/15/6262a083e3f48797d2ac2c363ca4c25b1_f.jpg
6928209,https://recipe1.ezmember.co.kr/cache/recipe/2020/03/10/95e02532aa0e83a5bf7fd822692b8a771_f.jpg
6954199,https://recipe1.ezmember.co.kr/cache/recipe/2021/02/25/4d9d23eb81b4e72d1066bd64ae30a0a71_f.jpg
6873090,https://recipe1.ezmember.co.kr/cache/recipe/2017/07/20/8bc0d4e127142fa6ba8bf97f9c2a45831_f.jpg
6910776,https://recipe1.ezmember.co.kr/cache/recipe/2019/04/19/275cfedc3f4467834071c5aac941065d1_f.jpg
6867579,https://recipe1.ezmember.co.kr/cache/recipe/2017/03/28/efd86c1e9798babbbd98b698e5c1a6151_f.png
6834487,https://recipe1.ezmember.co.kr/cache/recipe/2015/09/17/2b00d7ad1ad4224c4c84a4e437bb20561_f.jpg
6845943,https://recipe1.ezmember.co.kr/cache/recipe/2016/04/13/86f64b24761146e5200b7cd02a81d6391_f.jpg
6840404,https://recipe1.ezmember.co.kr/cache/recipe/2015/12/21/1b3ed566aed7558a7e0141fc2afbeadb1_f.jpg
6971979,https://recipe1.ezmember.co.kr/cache/recipe/2022/01/03/e58a6c7ea83e95902f12eeb784306ee61_f.jpg
6962126,https://recipe1.ezmember.co.kr/cache/recipe/2021/07/18/57ed1e378e4c0d7ec1558e6b2bc12d1d1_f.jpg
6951598,https://recipe1.ezmember.co.kr/cache/recipe/2021/01/20/90cbdb47358935156e26182a354e0fe91_f.jpg
6901959,https://recipe1.ezmember.co.kr/cache/recipe/2018/12/14/201deac217e5fd29b9a2526c20da134e1_f.jpg
6857168,https://recipe1.ezmember.co.kr/cache/recipe/2016/09/19/e79be7294be33d7454c07ce167b4eb0f1_f.jpg
5400892,https://recipe1.ezmember.co.kr/cache/recipe/2015/08/06/72b5fe6e953cf38f366d1c3349009d601_f.jpg
6876863,https://recipe1.ezmember.co.kr/cache/recipe/2017/09/21/9b8acba06a4facd7416adb504f35509e1_f.jpg
6964815,https://recipe1.ezmember.co.kr/cache/recipe/2021/09/09/09df2873e62a325f8a174f7ed55458c01_f.jpg
6884028,https://recipe1.ezmember.co.kr/cache/recipe/2018/02/14/2a67826b678c96ff75b5aa569a2b06a21_f.jpg
6960285,https://recipe1.ezmember.co.kr/cache/recipe/2021/06/15/03c47f343f2e9f8803dd5cc2ddac14401_f.jpg
6936687,https://recipe1.ezmember.co.kr/cache/recipe/2020/07/15/697f730d8cec61caf027c0088708b2f91_f.jpg
7058600,https://recipe1.ezmember.co.kr/cache/recipe/2025/07/10/ab058aed4b319879a93f8db084de38b31_f.jpg
6959876,https://recipe1.ezmember.co.kr/cache/recipe/2021/06/08/80f1cc38efc03b29527ebf8a23d960821_f.jpg
6867147,https://recipe1.ezmember.co.kr/cache/recipe/2017/03/19/82c16765e3a1d315674927c3d27ac82b1_f.jpg
6905623,https://recipe1.ezmember.co.kr/cache/recipe/2019/01/31/daa60800b3573579166dcb4daa04ba711_f.jpg
6914676,https://recipe1.ezmember.co.kr/cache/recipe/2019/06/25/408bc9f5a851ff32f1e13c9fab89295c1_f.jpg
6928257,https://recipe1.ezmember.co.kr/cache/recipe/2020/03/11/ecbfb8d2647eb4c458b30f1396366b6e1_f.jpg
4689152,https://recipe1.ezmember.co.kr/cache/recipe/2015/06/16/df7caf1f13ab7148c1923bd7408c8678_f.jpg
6874124,https://recipe1.ezmember.co.kr/cache/recipe/2017/08/05/6196980de778437a472c46bd8047c69c1_f.jpg
2912684,https://recipe1.ezmember.co.kr/cache/recipe/2015/07/20/4c21db80dd468096693e5734afda9059_f.jpg
6830009,https://recipe1.ezmember.co.kr/cache/recipe/2015/07/09/d9e0c77fa3e022094ffa21b67baebdf31_f.jpg
6947466,https://recipe1.ezmember.co.kr/cache/recipe/2020/12/03/6c03a71c11b400f942bf9e2ef2397eea1_f.jpg
6954225,https://recipe1.ezmember.co.kr/cache/recipe/2021/02/26/c003a161a99a93c3688be2b5942ed3331_f.jpg
6906497,https://recipe1.ezmember.co.kr/cache/recipe/2019/02/13/1f29443138fa0cb79109b08a6d60d5ab1_f.jpg
6941581,https://recipe1.ezmember.co.kr/cache/recipe/2020/09/11/41421d05e5659482afa58a19e68672971_f.jpg
6888691,https://recipe1.ezmember.co.kr/cache/recipe/2018/05/11/8856e4975b872bf760586e9f219076931_f.jpg
6934503,https://recipe1.ezmember.co.kr/cache/recipe/2020/06/17/c4e2e814307bf8b3bb2740bf137a62c61_f.jpg
6900809,https://recipe1.ezmember.co.kr/cache/recipe/2018/11/26/19d255576933f63d6bce1d41c9f155ed1_f.jpg
7051506,https://recipe1.ezmember.co.kr/cache/recipe/2025/04/29/2214dc7c336bc236630ea717c088ac031_f.jpg
4802700,https://recipe1.ezmember.co.kr/cache/recipe/2015/03/26/f7e3631f31ef8554c6a342ea75d39c7c1_f.jpg
6834827,https://recipe1.ezmember.co.kr/cache/recipe/2015/09/21/d3a9696a2ff90bd215a203fb29b7a84f1_f.jpg
6900638,https://recipe1.ezmember.co.kr/cache/recipe/2018/11/22/787fabe7af3a9c0c81f2285bfd3080321_f.jpg
6898827,https://recipe1.ezmember.co.kr/cache/recipe/2018/10/21/fec36db59aaa446e46cbed9e4c7006061_f.jpg
6966080,https://recipe1.ezmember.co.kr/cache/recipe/2021/09/24/ac7be2f006c119e00cac7664ff8b1f211_f.jpg
6893686,https://recipe1.ezmember.co.kr/cache/recipe/2018/08/07/fa0452b5ab51fd99a5c2a20ac97ae88c1_f.jpg
6920764,https://recipe1.ezmember.co.kr/cache/recipe/2019/10/17/d911fb002afb990998f81cddbb3390d01_f.jpg
6957147,https://recipe1.ezmember.co.kr/cache/recipe/2021/04/20/b94087b09fd914890c3e64d475cbd1681_f.jpg
4410272,https://recipe1.ezmember.co.kr/cache/recipe/2015/04/21/e5b0db24488e136f31efc0e34a6136931_f.jpg
6839328,https://recipe1.ezmember.co.kr/cache/recipe/2015/12/07/7c3aa5e87a4088fede6a44bbb0b343bc1_f.jpg
6961588,https://recipe1.ezmember.co.kr/cache/recipe/2021/07/12/29941d72c4826e351e18914a14c5f3e01_f.jpg
6950523,https://recipe1.ezmember.co.kr/cache/recipe/2021/01/10/2349bab512b007b6686f24cf1df870e41_f.jpg
3606334,https://recipe1.ezmember.co.kr/cache/recipe/2015/03/26/5e8c4334895994931316c187a1d2a5771_f.jpg
6942169,https://recipe1.ezmember.co.kr/cache/recipe/2020/09/18/8e71778150611f25ffa80cb73e7124301_f.jpg
6942050,https://recipe1.ezmember.co.kr/cache/recipe/2020/09/16/992a57b117080460c04ecbec8a970e181_f.jpg
6972248,https://recipe1.ezmember.co.kr/cache/recipe/2022/01/07/6869f06c76f7d8f130f3e695064816be1_f.jpg
6895014,https://recipe1.ezmember.co.kr/cache/recipe/2018/08/30/c53878a276ade574a479831895429ffc1_f.jpg
7016573,https://recipe1.ezmember.co.kr/cache/recipe/2023/12/27/8197f120a27450b588b877594054e1e01_f.jpg
6865138,https://recipe1.ezmember.co.kr/cache/recipe/2017/02/12/6945c7cb608bdc319a5e3c5ce7f314c11_f.jpg
6835707,https://recipe1.ezmember.co.kr/cache/recipe/2015/10/05/6b7bad8ce8fdc25aba65baad2b70efed1_f.jpg
6951914,https://recipe1.ezmember.co.kr/cache/recipe/2021/01/24/8b398a8fa7a996a6d2ba62eb807c58441_f.jpg
6830352,https://recipe1.ezmember.co.kr/cache/recipe/2015/07/12/ef1bc5b70f8a7aacab893c95da7817691_f.jpg
6844217,https://recipe1.ezmember.co.kr/cache/recipe/2016/03/07/23cf4f3b53ef40beaf9d496846df44a71_f.jpg
6880776,https://recipe1.ezmember.co.kr/cache/recipe/2017/12/11/0410f8f50cbd879f18cee9a087e95ba61_f.jpg
4234748,https://recipe1.ezmember.co.kr/cache/recipe/2015/04/16/fcb7ad3725a6b5876775fd9c91921bed_f.jpg
4867017,https://recipe1.ezmember.co.kr/cache/recipe/2015/06/22/d2418160a175c9199cc368f73613fe7e_f.jpg
6932204,https://recipe1.ezmember.co.kr/cache/recipe/2020/05/06/2375d2c42e7ccf6ee6ca5e1bb60fcc101_f.jpg
4648239,https://recipe1.ezmember.co.kr/cache/recipe/2015/06/03/a68818a474541b122c2564d6dbaa712f1_f.jpg
6930330,https://recipe1.ezmember.co.kr/cache/recipe/2020/04/10/0b6bdaa2c9914c79b5355cb1d7ffac881_f.jpg
6854827,https://recipe1.ezmember.co.kr/cache/recipe/2016/08/18/341aaecac391177c19500687f048e7f81_f.jpg
6902516,https://recipe1.ezmember.co.kr/cache/recipe/2018/12/21/a9d98ce448a4251e8c7679e0693b968e1_f.jpg
6902606,https://recipe1.ezmember.co.kr/cache/recipe/2018/12/22/a8e7f6f66dc7ed7ba91cdf2cbc456c7f1_f.jpg
6884541,https://recipe1.ezmember.co.kr/cache/recipe/2018/02/10/397117d1a9fb41bca11ca9407b1e6e351_f.jpg
6898159,https://recipe1.ezmember.co.kr/cache/recipe/2018/10/18/b1f59e6eb54722dbebcc3c7fa593ddd51_f.jpg
6870174,https://recipe1.ezmember.co.kr/cache/recipe/2017/05/23/aca59f29e965fd4e67612da836c7de711_f.jpg
6891972,https://recipe1.ezmember.co.kr/cache/recipe/2018/07/04/69bdcda410e61e201cb37980b03092e31_f.jpg
6875911,https://recipe1.ezmember.co.kr/cache/recipe/2017/09/06/fd56f854d7113db6b8e2d1b5bc7a8bee1_f.jpg
6870902,https://recipe1.ezmember.co.kr/cache/recipe/2017/06/07/9e5a3d0b1760f861303bfd993c01d6731_f.jpg
6834235,https://recipe1.ezmember.co.kr/cache/recipe/2015/09/13/f65014c6ca2ab4f12534e56990f766b81_f.jpg
6915594,https://recipe1.ezmember.co.kr/cache/recipe/2019/07/10/7d85b8eeadef8d8ef67184b4d1dc65181_f.jpg
6957696,https://recipe1.ezmember.co.kr/cache/recipe/2021/04/30/eaafde52f9e0ecf3e263e0fcb97489621_f.jpg
6059228,https://recipe1.ezmember.co.kr/cache/recipe/2015/06/17/6caa2220e5c3145edc43bcc578eaece2_f.jpg
6869662,https://recipe1.ezmember.co.kr/cache/recipe/2017/05/12/223b5d6c797f741dfd7f4b0571f5b8241_f.jpg
6949296,https://recipe1.ezmember.co.kr/cache/recipe/2020/12/26/2f8142923af4470e5c4a15ab8deebb551_f.jpg
6879892,https://recipe1.ezmember.co.kr/cache/recipe/2017/11/21/03c88a82458e68e0f5a00011241d517f1_f.jpg
6837330,https://recipe1.ezmember.co.kr/cache/recipe/2015/11/02/bad969f27465ed425b6600a21d275bbb1_f.jpg
6872596,https://recipe1.ezmember.co.kr/cache/recipe/2017/07/11/d1216d415c9533837ff91238941eaf3b1_f.jpg
7063467,https://recipe1.ezmember.co.kr/cache/recipe/2025/09/27/07a2be8ac89e4a07217b6c5ba984be741_f.jpg
6934983,https://recipe1.ezmember.co.kr/cache/recipe/2020/06/25/fd486fabb6418a2b413a7e8df079c10e1_f.jpg
6856428,https://recipe1.ezmember.co.kr/cache/recipe/2016/09/04/a0b41e7c5ec8360f330a43ea478ffa4f1_f.jpg
6875870,https://recipe1.ezmember.co.kr/cache/recipe/2017/09/05/12f43538003b0f607e9112ea21a8b55a1_f.jpg
6907974,https://recipe1.ezmember.co.kr/cache/recipe/2019/03/08/96258c74f8a2f2ffe4b56d5c0fbbfbd81_f.jpg
6959458,https://recipe1.ezmember.co.kr/cache/recipe/2021/06/02/06a8662b422fe4255e68e5709252237b1_f.jpg
6870010,https://recipe1.ezmember.co.kr/cache/recipe/2017/05/19/abaace0929f99be9bb63a64ec73f21201_f.jpg
6867067,https://recipe1.ezmember.co.kr/cache/recipe/2017/03/19/243af8a771d2b12a5fbb19f302dd91c51_f.jpg
6850806,https://recipe1.ezmember.co.kr/cache/recipe/2016/06/11/ab736a20d6a38e6d2253cd8badfb62211_f.jpg
6988577,https://recipe1.ezmember.co.kr/cache/recipe/2022/10/02/dc30d742e0856b61faa1877b43605ecb1_f.jpg
6858800,https://recipe1.ezmember.co.kr/cache/recipe/2016/10/21/818a7cd4048ea7bf9e24917d3c9416861_f.jpg
6892346,https://recipe1.ezmember.co.kr/cache/recipe/2018/07/10/8da89f34956a33985b1d656ae965b4e31_f.jpg
5468592,https://recipe1.ezmember.co.kr/cache/recipe/2015/06/13/bdee3dcda6a0ec380c693393705e9536_f.jpg
4356508,https://recipe1.ezmember.co.kr/cache/recipe/2015/06/17/660350938ae0f46b6b1dd858fc10f699_f.jpg
6832799,https://recipe1.ezmember.co.kr/cache/recipe/2015/08/25/a54a3c4200c03c9cd01382fdd5ea51e01_f.jpg
6911645,https://recipe1.ezmember.co.kr/cache/recipe/2019/05/05/d08544b2a4326e5c0c670d0d39f02eef1_f.jpg
6892969,https://recipe1.ezmember.co.kr/cache/recipe/2018/07/23/cf437d24001b7edfc41b21cf1b0296dc1_f.jpg
6909050,https://recipe1.ezmember.co.kr/cache/recipe/2019/03/23/823a6ecf5b6f496d7dbe3f6e35b689351_f.jpg
6902055,https://recipe1.ezmember.co.kr/cache/recipe/2018/12/15/09bf48d7d26cca454d3230a729057d151_f.jpg
7067875,https://recipe1.ezmember.co.kr/cache/recipe/2025/12/04/f5a0002bc7cfc0e04c176ac30587f2ec1_f.jpg
6959915,https://recipe1.ezmember.co.kr/cache/recipe/2021/06/09/cb45e53d70884e9ea7f87257754f26e91_f.jpg
6915201,https://recipe1.ezmember.co.kr/cache/recipe/2019/07/03/0048660b6ac7751218d74de863c054141_f.jpg
6858656,https://recipe1.ezmember.co.kr/cache/recipe/2016/10/19/ebbdf470c10369f9dbaf39b3ddac22541_f.jpg
6684539,https://recipe1.ezmember.co.kr/cache/recipe/2015/05/15/4f275f5d0c90f349cf3c8fd800df3c9b1_f.jpg
6976016,https://recipe1.ezmember.co.kr/cache/recipe/2022/03/04/1dbba55d9310ad67c295f81ff8b6cd121_f.jpg
6946841,https://recipe1.ezmember.co.kr/cache/recipe/2020/11/23/f0d9a10ee04e1c563425c539614282011_f.jpg
6964047,https://recipe1.ezmember.co.kr/cache/recipe/2021/08/27/ab8737bb67f33aed30c8abbaaac812521_f.jpg
7006966,https://recipe1.ezmember.co.kr/cache/recipe/2023/07/21/1639f1d2d9fa41437d83d7504b3c615c1_f.jpg
6831684,https://recipe1.ezmember.co.kr/cache/recipe/2015/08/11/b29fc730fa07dd5c6c3c26cdc018d0761_f.jpg
6957708,https://recipe1.ezmember.co.kr/cache/recipe/2021/05/02/e0cb6e0f1bf300bbbede62266b987fdb1_f.jpg
6997183,https://recipe1.ezmember.co.kr/cache/recipe/2023/02/17/59e44d8b9ec1781e3de30176e374484b1_f.jpg
6939666,https://recipe1.ezmember.co.kr/cache/recipe/2020/08/20/ea87085fc6dcf08e435be0b3f0c6ab7a1_f.jpg
6863585,https://recipe1.ezmember.co.kr/cache/recipe/2017/01/06/48ab799055f9ece7900b029a02993ea01_f.jpg
6922185,https://recipe1.ezmember.co.kr/cache/recipe/2019/11/15/e0b2c0a66b7cf17333b661b1656d19c61_f.jpg
6933905,https://recipe1.ezmember.co.kr/cache/recipe/2020/06/06/11df6ba6cc310cc76052677464fe5aa61_f.jpg
6894325,https://recipe1.ezmember.co.kr/cache/recipe/2018/08/17/a47c552bb3cd7153f4f73cba65c91f131_f.jpg
6907807,https://recipe1.ezmember.co.kr/cache/recipe/2019/02/11/2ea3e0b8a9ded356d8dc4c194c98d1171_f.jpg
6956869,https://recipe1.ezmember.co.kr/cache/recipe/2021/04/15/5b3e8d41609bf4db5d34976ecd305dc11_f.jpg
6854642,https://recipe1.ezmember.co.kr/cache/recipe/2016/08/15/c98075ef46de398efe03cd914d8fbc4e1_f.jpg
6960894,https://recipe1.ezmember.co.kr/cache/recipe/2021/06/28/38fedfdf830454dcb6ec34a9ac27bef21_f.jpg
6848422,https://recipe1.ezmember.co.kr/cache/recipe/2016/05/17/cb568b15a88324be281d0b70d6a19bb91_f.jpg
6893135,https://recipe1.ezmember.co.kr/cache/recipe/2018/07/26/5e28f2803a4f67c6a5e6cb03819a5e5e1_f.jpg
1601448,https://recipe1.ezmember.co.kr/cache/recipe/2015/06/08/29c125be6ebc4502333896e623621b85_f.jpg
6963333,https://recipe1.ezmember.co.kr/cache/recipe/2021/08/14/42843ccd2b6d462110d9918b01e84db31_f.jpg
6874194,https://recipe1.ezmember.co.kr/cache/recipe/2017/08/06/1b0db0cbad34601ca731b34636f5823c1_f.jpg
6892109,https://recipe1.ezmember.co.kr/cache/recipe/2018/07/06/ec34869d1d33a13fdb83c900dad3f55e1_f.jpg
6858084,https://recipe1.ezmember.co.kr/cache/recipe/2016/10/07/341c2cd2ee97daf0ec61a4b250c16fd81_f.jpg
6850199,https://recipe1.ezmember.co.kr/cache/recipe/2016/05/30/4e35828829e3981b67ba2367fcd736661_f.jpg
6923842,https://recipe1.ezmember.co.kr/cache/recipe/2019/12/20/1316164570c32ff4e704d57ca96d39431_f.jpg
6867802,https://recipe1.ezmember.co.kr/cache/recipe/2017/04/01/71724dc10b4091c4700a48f24661ec6a1_f.jpg
7006665,https://recipe1.ezmember.co.kr/cache/recipe/2023/07/23/f4bc96e4e0f2af79feec5a0893e5cec91_f.jpg
6867432,https://recipe1.ezmember.co.kr/cache/recipe/2017/03/25/b81b9f14cb5e5d6ef1710045df6272521_f.jpg
6856743,https://recipe1.ezmember.co.kr/cache/recipe/2016/09/07/0e2d01fa0ad33510a7a45620bf9b5b9f1_f.jpg
6872134,https://recipe1.ezmember.co.kr/cache/recipe/2017/07/03/f9bde25a1d145a55d927e4eaf37fefc41_f.jpg
6894643,https://recipe1.ezmember.co.kr/cache/recipe/2018/08/23/d696b137ae51f3c21ccdab00cccd7f351_f.jpg
6876700,https://recipe1.ezmember.co.kr/cache/recipe/2017/09/18/52ccb619a8ea5cb8d6600c31302e4d351_f.jpg
6842710,https://recipe1.ezmember.co.kr/cache/recipe/2016/02/05/82772201e8b34424f9d1118ef376e9481_f.jpg
6928901,https://recipe1.ezmember.co.kr/cache/recipe/2020/03/20/6d4d0172a9cca453fd8215f517c1fe551_f.jpg
6847113,https://recipe1.ezmember.co.kr/cache/recipe/2016/04/29/3a3a81e646d4114f20bfc455aaaad6cb1_f.jpg
6933405,https://recipe1.ezmember.co.kr/cache/recipe/2020/05/27/4d15ca118dd457bbab92b90ab6c8a1161_f.jpg
6857135,https://recipe1.ezmember.co.kr/cache/recipe/2016/08/30/1e2a37c3d9ddbcf0874e72911892cca01_f.jpg
7028101,https://recipe1.ezmember.co.kr/cache/recipe/2024/06/12/652c84bc07d2c2a5d40aa4afdaec813e1_f.jpg
6836040,https://recipe1.ezmember.co.kr/cache/recipe/2015/10/13/e90016eec22becc4138702aea99a7af51_f.jpg
2612023,https://recipe1.ezmember.co.kr/cache/recipe/2015/07/29/f4d13a9e90198dbf10f74882b55b27dd_f.jpg
1936484,https://recipe1.ezmember.co.kr/cache/recipe/2015/08/14/b2cf2faa475f98a68a037e5cb5c7a778_f.jpg
6944882,https://recipe1.ezmember.co.kr/cache/recipe/2020/10/23/393986ee4f0907e8be51fe7083b20c581_f.jpg
6933621,https://recipe1.ezmember.co.kr/cache/recipe/2020/05/30/fd28e0b54e0bfb1de806d59b71bcf8dd1_f.jpg
6927171,https://recipe1.ezmember.co.kr/cache/recipe/2020/02/24/bb13c90ac19404d2159a6e530a2da3951_f.jpg
6887956,https://recipe1.ezmember.co.kr/cache/recipe/2018/04/27/4c78a9c1bda26871b6f70a60d18136541_f.jpg
6961462,https://recipe1.ezmember.co.kr/cache/recipe/2021/07/09/b2c6f58943477aee15c866fa1a6294411_f.jpg
6973071,https://recipe1.ezmember.co.kr/cache/recipe/2022/01/19/b98d75f53376e41e7eca2fda831598561_f.jpg
6831562,https://recipe1.ezmember.co.kr/cache/recipe/2015/08/12/7800ab32e156ffc75423af35ed8b1efa1_f.jpg
6949732,https://recipe1.ezmember.co.kr/cache/recipe/2020/12/27/78d39d84c029c888fe61cdb450d601991_f.jpg
7010886,https://recipe1.ezmember.co.kr/cache/recipe/2023/10/03/35eb29d1ba9555914e2586f30ef0af951_f.jpg
6910744,https://recipe1.ezmember.co.kr/cache/recipe/2019/04/18/15f2e04367b2e74a6e7baa3642b1ebe51_f.jpg
6947233,https://recipe1.ezmember.co.kr/cache/recipe/2020/11/19/bb6175766315d35a9478373736f6f8681_f.jpg
4120130,https://recipe1.ezmember.co.kr/cache/recipe/2015/05/01/6f139be3d017b9619db487e9ff88d6161_f.jpg
6981485,https://recipe1.ezmember.co.kr/cache/recipe/2022/06/16/5e529631d7899b6ccf9be7d7e23ae1c81_f.jpg
6829208,https://recipe1.ezmember.co.kr/cache/recipe/2015/06/20/896b636cf3fa01503b4a3220128fa75f1_f.jpg
6959880,https://recipe1.ezmember.co.kr/cache/recipe/2021/06/09/c7c43b681c45525e67c190d975a0166b1_f.jpg
5668673,https://recipe1.ezmember.co.kr/cache/recipe/2015/06/06/20616e6898108d4fdae63f795be3bb581_f.jpg
6919882,https://recipe1.ezmember.co.kr/cache/recipe/2019/09/30/8f4c556751db6a5e820a35c41851f6121_f.jpg
6851486,https://recipe1.ezmember.co.kr/cache/recipe/2016/06/23/3956d1ecb10bc6686c2b81965c9b709c1_f.jpg
6978593,https://recipe1.ezmember.co.kr/cache/recipe/2022/05/01/d5f661a52d9532dad1d26b30cf470be11_f.jpg
6911151,https://recipe1.ezmember.co.kr/cache/recipe/2019/04/26/e7139a57e0607aeef648495b5ba2c2b61_f.jpg
6893718,https://recipe1.ezmember.co.kr/cache/recipe/2018/08/07/a4b15163820ca6f4959775547e52fdd01_f.jpg
6866294,https://recipe1.ezmember.co.kr/cache/recipe/2017/03/05/dcfed5204e9d04a0777c8c8f4cf01f851_f.jpg
6882996,https://recipe1.ezmember.co.kr/cache/recipe/2018/01/28/b2e2f2ee8474b434cc43df838fa2d0721_f.jpg
6917978,https://recipe1.ezmember.co.kr/cache/recipe/2019/08/15/73962fca3ba8e82e016d89b831ec80731_f.jpg
6858721,https://recipe1.ezmember.co.kr/cache/recipe/2016/10/20/00c41f25b493c6abdfd41d42cd69eaf01_f.jpg
6843669,https://recipe1.ezmember.co.kr/cache/recipe/2016/02/25/dc71c675844c17e3f49945cade053d611_f.jpg
6856625,https://recipe1.ezmember.co.kr/cache/recipe/2016/09/07/03be051bc4fb572ce25eae4929b05d461_f.jpg
6977540,https://recipe1.ezmember.co.kr/cache/recipe/2022/04/08/7a681e5c39edd908b4c60d2ae917ed981_f.jpg
7067871,https://recipe1.ezmember.co.kr/cache/recipe/2025/12/09/dcaed46379eef096f124bf24caa05a311_f.jpg
6901628,https://recipe1.ezmember.co.kr/cache/recipe/2018/12/10/4c7d1f9b621601b3a95aed98d82610d91_f.jpg
6882224,https://recipe1.ezmember.co.kr/cache/recipe/2018/01/12/0883522d047f4939e47658ddb86efb681_f.jpg
6777638,https://recipe1.ezmember.co.kr/cache/recipe/2015/05/18/4a513e8062ccbf41daf3c82daa1ef0ef1_f.jpg
6974066,https://recipe1.ezmember.co.kr/cache/recipe/2022/02/06/99cc06ec6c47413bc78a7f0eda186fd11_f.jpg
6870087,https://recipe1.ezmember.co.kr/cache/recipe/2017/05/21/44403f9d50274a27e0baea23fb9de0291_f.jpg
4959890,https://recipe1.ezmember.co.kr/cache/recipe/2015/04/20/3da17e927ea6af13d123e38da61240251_f.jpg
6948664,https://recipe1.ezmember.co.kr/cache/recipe/2020/12/17/6cf88858b13f946133281a01134f86c91_f.jpg
6887621,https://recipe1.ezmember.co.kr/cache/recipe/2018/04/20/76851784bd931872af6a3cb69f2c79c11_f.jpg
6882390,https://recipe1.ezmember.co.kr/cache/recipe/2018/01/16/52cfbef6cd5f13ebb9c165283f41c7511_f.jpg
6890459,https://recipe1.ezmember.co.kr/cache/recipe/2018/06/07/9a568e0dd120a203648a193d1f5702621_f.jpg
7004891,https://recipe1.ezmember.co.kr/cache/recipe/2023/06/28/b2b7b561ae7495d9b6b162468a044bab1_f.jpg
6834633,https://recipe1.ezmember.co.kr/cache/recipe/2015/09/18/fd0f3d2147c929f3453c6dd9ae0191dd1_f.jpg
6844485,https://recipe1.ezmember.co.kr/cache/recipe/2016/03/11/44a7958b2c014e586438edc65841424e1_f.jpg
6811751,https://recipe1.ezmember.co.kr/cache/recipe/2015/06/03/2b911fc3056a9eb2b356deb064897edd1_f.jpg
6960666,https://recipe1.ezmember.co.kr/cache/recipe/2021/06/24/417b5e55c9c250d045618499a3fa8b221_f.jpg
7053677,https://recipe1.ezmember.co.kr/cache/recipe/2025/05/25/aaa3afe196fb09367ce078c346f877571_f.jpg
6835176,https://recipe1.ezmember.co.kr/cache/recipe/2015/09/26/448e6f705d5d37af863c3457f4fecbc91_f.jpg
6895057,https://recipe1.ezmember.co.kr/cache/recipe/2018/08/31/94c3a0094ba9094144dc88cdb2e5245d1_f.jpg
6904094,https://recipe1.ezmember.co.kr/cache/recipe/2019/01/10/705c0c54fb27aace01b8a586d0505b851_f.jpg
6885138,https://recipe1.ezmember.co.kr/cache/recipe/2018/03/08/5c11fe577a3354ee0c749e3e3470b0361_f.jpg
6832456,https://recipe1.ezmember.co.kr/cache/recipe/2015/08/21/7874b9b8f17780d172fa5bdc5f28fdf51_f.jpg
6852394,https://recipe1.ezmember.co.kr/cache/recipe/2016/07/08/16cd2176d42d38b43125f26812b785e61_f.jpg
6830343,https://recipe1.ezmember.co.kr/cache/recipe/2015/07/20/5380b081ffa59c31d21e63b6a1763d001_f.jpg
6904235,https://recipe1.ezmember.co.kr/cache/recipe/2019/01/13/1411839c4dbe086dd691574abb575d541_f.jpg
6867913,https://recipe1.ezmember.co.kr/cache/recipe/2017/04/05/edd8afadae9a13f241788c224ae3322e1_f.jpg
6924586,https://recipe1.ezmember.co.kr/cache/recipe/2020/01/06/7db4a1185bad4eeaf5c010245e30e25c1_f.jpg
6935735,https://recipe1.ezmember.co.kr/cache/recipe/2020/07/04/6d93aa65ecafb4614f3f07aaf9d5ad9b1_f.jpg
6924452,https://recipe1.ezmember.co.kr/cache/recipe/2020/01/03/f554fb2775e3fba8b87686b7ec33a1e31_f.jpg
6931524,https://recipe1.ezmember.co.kr/cache/recipe/2020/04/25/dfc595e66a4f2a549aed9bed4e9903521_f.jpg
6863283,https://recipe1.ezmember.co.kr/cache/recipe/2016/12/30/14b8b4d88f273d236686d7bc952b8bec1_f.jpg
6838155,https://recipe1.ezmember.co.kr/cache/recipe/2015/11/16/c00232cae2e243a8bf4f3113b9db55ee1_f.jpg
6925039,https://recipe1.ezmember.co.kr/cache/recipe/2020/01/15/0c05f9ac51e2cdb5c8bbcbd7d6e268e71_f.jpg
6900673,https://recipe1.ezmember.co.kr/cache/recipe/2018/11/23/34f4ce5348aa7a8cd306684dd3b86ef61_f.jpg
6844526,https://recipe1.ezmember.co.kr/cache/recipe/2016/03/11/39da4e9e0a1f58e569cec06d313a57251_f.jpg
6874608,https://recipe1.ezmember.co.kr/cache/recipe/2017/08/12/3c3fa46c43b654fa05e196f9ae395a001_f.jpg
6904682,https://recipe1.ezmember.co.kr/cache/recipe/2019/01/18/fb83b3a9109e06523ee05724b0761ca81_f.jpg
6882914,https://recipe1.ezmember.co.kr/cache/recipe/2018/01/26/ff6ec27070d7015d7c50d9d1e29c3e231_f.jpg
7038182,https://recipe1.ezmember.co.kr/cache/recipe/2024/11/09/165671fe850404625e312f89fb409c8c1_f.jpg
6867858,https://recipe1.ezmember.co.kr/cache/recipe/2017/04/03/042360a5a8e1f4b2599eb1cb368a25231_f.jpg
6909004,https://recipe1.ezmember.co.kr/cache/recipe/2019/03/21/d5e02197c6951165e332de59288431cb1_f.jpg
6911034,https://recipe1.ezmember.co.kr/cache/recipe/2019/04/23/b89e7674809928d1bd847623630293761_f.jpg
6881329,https://recipe1.ezmember.co.kr/cache/recipe/2017/12/24/0f11de9ea90b55d82f790b0fff9ad8b71_f.jpg
6829592,https://recipe1.ezmember.co.kr/cache/recipe/2015/07/02/520ca9626562ed9f797c5cee21d21bfd1_f.jpg
6913925,https://recipe1.ezmember.co.kr/cache/recipe/2019/06/13/7f5fde6c949ecf684a73fbf3bb8a3f3f1_f.jpg
6943454,https://recipe1.ezmember.co.kr/cache/recipe/2020/10/06/d815b8638a732bbff0dc2e9935881d131_f.jpg
6977256,https://recipe1.ezmember.co.kr/cache/recipe/2022/04/04/40060af78466965fe465e191dd1c78551_f.jpg
6875695,https://recipe1.ezmember.co.kr/cache/recipe/2017/09/01/a3a6700cc80f3be37b8d57b12f9ff3c71_f.jpg
6887140,https://recipe1.ezmember.co.kr/cache/recipe/2018/04/12/d98ed6024bafaff0146b149f93679b681_f.jpg
6913777,https://recipe1.ezmember.co.kr/cache/recipe/2019/06/11/132d2aeba40792de19e16aa9ff0a75cb1_f.jpg
6846468,https://recipe1.ezmember.co.kr/cache/recipe/2016/04/14/54a11d8371c753dc3e6d68e1d49a41b81_f.jpg
6888435,https://recipe1.ezmember.co.kr/cache/recipe/2018/05/08/92ff985afe99c1b6cee1864e5b8f772a1_f.jpg
6111739,https://recipe1.ezmember.co.kr/cache/recipe/2015/04/09/4d7c52953449d999dbe6ca21ae1550441_f.jpg
6966607,https://recipe1.ezmember.co.kr/cache/recipe/2021/10/08/fa4814afcf81ac6a6d4d5cf62f7e3d911_f.jpg
6907528,https://recipe1.ezmember.co.kr/cache/recipe/2019/02/28/0dfc2d25bcb6e7a1b135ead4f2dfb6061_f.jpg
6879071,https://recipe1.ezmember.co.kr/cache/recipe/2017/11/04/2c2a294e43920982438ccb2c441f695b1_f.jpg
6917201,https://recipe1.ezmember.co.kr/cache/recipe/2019/08/09/048bcfca7998904fcd70024629d69f181_f.jpg
5932484,https://recipe1.ezmember.co.kr/cache/recipe/2015/04/08/0a2760dc51b685a40fd6e145bd54a10c1_f.jpg
6994043,https://recipe1.ezmember.co.kr/cache/recipe/2022/12/20/2bb70afa1f5eff55144067d1298ead561_f.jpg
6972125,https://recipe1.ezmember.co.kr/cache/recipe/2022/01/05/9da311ad1142a003bbed2110f706d83f1_f.jpg
7053265,https://recipe1.ezmember.co.kr/cache/recipe/2025/05/21/f45e6ff90524dcd6e28b2ad2ac37fe041_f.jpg
6866095,https://recipe1.ezmember.co.kr/cache/recipe/2017/02/28/4363482c8e14e5b1bdcf9d0d48c7853e1_f.jpg
6882356,https://recipe1.ezmember.co.kr/cache/recipe/2018/01/15/5eb8c686a2bf84badc2c2b25715f730c1_f.jpg
7026069,https://recipe1.ezmember.co.kr/cache/recipe/2024/05/10/1ea8be73f413908c7dd388a7939fd5091_f.jpg
6944191,https://recipe1.ezmember.co.kr/cache/recipe/2020/10/14/5512a1648180d146f1ce61358b0e3de01_f.jpg
6968602,https://recipe1.ezmember.co.kr/cache/recipe/2021/11/10/b12bc90d66258c427765d478dd8bedec1_f.jpg
6862911,https://recipe1.ezmember.co.kr/cache/recipe/2016/12/20/b3dedc67b102b194318fd518df613d061_f.jpg
6930289,https://recipe1.ezmember.co.kr/cache/recipe/2020/04/09/c8a3a652ed5755502640008567dbfc4f1_f.jpg
6891191,https://recipe1.ezmember.co.kr/cache/recipe/2018/06/19/e70d6df00c977e5b1bf6ac5f7ebd15b61_f.jpg
6884973,https://recipe1.ezmember.co.kr/cache/recipe/2018/03/05/3d6a3ef09178210d64accce9c0aaf58b1_f.jpg
6923116,https://recipe1.ezmember.co.kr/cache/recipe/2019/12/06/27bd13e3d54c0bd327aee54867715d1a1_f.jpg
6883859,https://recipe1.ezmember.co.kr/cache/recipe/2018/02/10/ef26a6b6564abd426a056d4ebc51d70d1_f.jpg
6851533,https://recipe1.ezmember.co.kr/cache/recipe/2016/06/24/712d73e5b0c2ee74b5d53c3fc1071e701_f.jpg
6916567,https://recipe1.ezmember.co.kr/cache/recipe/2019/07/28/441fe6e010491640426906514e1309561_f.jpg
6865779,https://recipe1.ezmember.co.kr/cache/recipe/2017/02/20/179dceb694cc9586e16c034f852edd961_f.jpg
6828856,https://recipe1.ezmember.co.kr/cache/recipe/2015/06/12/0c062e3382202c37c571303a9b0ae9271_f.jpg
6863931,https://recipe1.ezmember.co.kr/cache/recipe/2017/01/15/0f204d262fcacdc31fdcbc0fea20ba561_f.jpg
7020386,https://recipe1.ezmember.co.kr/cache/recipe/2024/02/20/dfe1ff99e1efc27296e27082651365351_f.jpg
6850854,https://recipe1.ezmember.co.kr/cache/recipe/2016/06/13/b118d9d6153c1b255c52d9d898e7a8f41_f.jpg
7065820,https://recipe1.ezmember.co.kr/cache/recipe/2025/11/06/d31eaaa23879eaeac1b795777c44b1031_f.jpg
4542783,https://recipe1.ezmember.co.kr/cache/recipe/2015/06/08/7cfb6e7da07e1751222ea4a7ac312684_f.jpg
5717463,https://recipe1.ezmember.co.kr/cache/recipe/2015/06/08/1a1ac4e400bf1298a140db4f40b6f09a1_f.jpg
7018913,https://recipe1.ezmember.co.kr/cache/recipe/2024/01/22/d804ae2be08c2e77da5a9e7debd049d71_f.jpg
6995896,https://recipe1.ezmember.co.kr/cache/recipe/2023/01/22/40d35c35797afdf70aa80bd749f6cda51_f.jpg
6916723,https://recipe1.ezmember.co.kr/cache/recipe/2019/07/23/eba99207ba171bb478e1c714303c76a41_f.jpg
6952877,https://recipe1.ezmember.co.kr/cache/recipe/2021/02/04/ea2ef7c3076a04eaaabe08399e4940ad1_f.jpg
6872624,https://recipe1.ezmember.co.kr/cache/recipe/2017/07/12/6b9b879c44855f14caefd4e3b4fb22f91_f.jpg
6911537,https://recipe1.ezmember.co.kr/cache/recipe/2019/04/29/3f5a587c96d6d718e2d19f37d81630fe1_f.jpg
7020780,https://recipe1.ezmember.co.kr/cache/recipe/2024/02/25/6dec7381011e6fe3e9862c747311e0c61_f.jpg
6914292,https://recipe1.ezmember.co.kr/cache/recipe/2019/06/20/9fa5f7648b4b57fe812e13cc67b8b5d91_f.jpg
6906212,https://recipe1.ezmember.co.kr/cache/recipe/2019/02/09/864d712e8f8551903ec3d6569b0f67a91_f.jpg
6870693,https://recipe1.ezmember.co.kr/cache/recipe/2017/06/02/7c047c66e805283809ba3ce017f058071_f.jpg
6840572,https://recipe1.ezmember.co.kr/cache/recipe/2015/12/14/6b942caf5faafbf1813895653678e9cb1_f.jpg
6900876,https://recipe1.ezmember.co.kr/cache/recipe/2018/11/27/bc827ef7afed118c7eea2ce5b6f0af7f1_f.jpg
6862048,https://recipe1.ezmember.co.kr/cache/recipe/2016/12/02/680c7ad1cbd6ab523aee8f13818a75fd1_f.jpg
6992397,https://recipe1.ezmember.co.kr/cache/recipe/2022/11/21/5b369881ae67d8df1bba1f06c994d32b1_f.jpg
6842844,https://recipe1.ezmember.co.kr/cache/recipe/2016/02/11/3434fb77d76287a2197092c649b6f9711_f.jpg
6905482,https://recipe1.ezmember.co.kr/cache/recipe/2018/12/16/fe9d9852dd7290dfc0d25adc014a62a11_f.jpg
6974833,https://recipe1.ezmember.co.kr/cache/recipe/2022/02/19/fee01a74cf760dda84c71a3aaba5176d1_f.jpg
6918351,https://recipe1.ezmember.co.kr/cache/recipe/2019/08/28/c03e75015bef457c8e8b10c04ec165a51_f.jpg
6892458,https://recipe1.ezmember.co.kr/cache/recipe/2018/07/12/275436818c11fafd73b05c442f88322a1_f.jpg
7001245,https://recipe1.ezmember.co.kr/cache/recipe/2023/04/26/9508931029c3946064670fac7c74f43f1_f.jpg
6884514,https://recipe1.ezmember.co.kr/cache/recipe/2018/02/25/b00b125d1508815d2c48f93bfef17dff1_f.jpg
6903441,https://recipe1.ezmember.co.kr/cache/recipe/2019/01/03/4e2b4ba1f61fe2bfddb7c7b891c0329c1_f.JPG
6906017,https://recipe1.ezmember.co.kr/cache/recipe/2019/02/06/1e57cc219c414ad206b33037a1c54beb1_f.jpg
6857175,https://recipe1.ezmember.co.kr/cache/recipe/2016/09/19/da8e7e4a574aca17e2febff67835735b1_f.jpg
6913899,https://recipe1.ezmember.co.kr/cache/recipe/2019/06/13/f89cf6977e370e54e028d2f93a6d12011_f.jpg
6828884,https://recipe1.ezmember.co.kr/cache/recipe/2015/06/13/203565901f4924687088994a71807b191_f.jpg
6838718,https://recipe1.ezmember.co.kr/cache/recipe/2015/11/27/acf0ecfb4feeb6b44954eba713c3b56d1_f.jpg
6917193,https://recipe1.ezmember.co.kr/cache/recipe/2019/08/09/d01a88138780540c04bdff176b6b4ac71_f.jpg
6909279,https://recipe1.ezmember.co.kr/cache/recipe/2019/03/27/5260b89031e980022f1901131b2a9bac1_f.jpg
6934543,https://recipe1.ezmember.co.kr/cache/recipe/2020/06/18/6ac8c8a0b8667edeb64b5ad730899a6b1_f.jpg
6882076,https://recipe1.ezmember.co.kr/cache/recipe/2018/01/10/a757056e617fb33840fc43e4c31c9e351_f.jpg
6874529,https://recipe1.ezmember.co.kr/cache/recipe/2017/08/10/9bfe5f735bebf07a33592d2d98ec94801_f.jpg
6917912,https://recipe1.ezmember.co.kr/cache/recipe/2019/08/21/e906c307890dd7587144286013e32d191_f.jpg
5198973,https://recipe1.ezmember.co.kr/cache/recipe/2015/06/08/db92fdb0848faec59d7e363b2b7cbfde_f.jpg
6871602,https://recipe1.ezmember.co.kr/cache/recipe/2017/06/21/c4c90c67f2d917d44f9b8b5648eff8aa1_f.jpg
6830844,https://recipe1.ezmember.co.kr/cache/recipe/2015/07/31/bb83216044cba34fe22ec4e5b86a8d031_f.jpg
7034047,https://recipe1.ezmember.co.kr/cache/recipe/2024/09/07/3b8809c32164b78eb8fde5565ac260101_f.jpg
6842154,https://recipe1.ezmember.co.kr/cache/recipe/2016/01/26/4d4b80166fc2f4824e4ee7111a8290e21_f.jpg
6935930,https://recipe1.ezmember.co.kr/cache/recipe/2020/06/26/da1cdcfb6d394856b67b7228cc5594211_f.jpg
6931613,https://recipe1.ezmember.co.kr/cache/recipe/2020/04/26/7ec1420756ac7843b2959c6c26146a941_f.jpg
6870333,https://recipe1.ezmember.co.kr/cache/recipe/2017/05/25/724dd046e0644600c7d6659a7a53dea01_f.jpg
6947121,https://recipe1.ezmember.co.kr/cache/recipe/2020/11/27/64568161455dc8357ad6ffe5828ea29a1_f.jpg
7031415,https://recipe1.ezmember.co.kr/cache/recipe/2024/07/30/69a7f9bccf9c8a57cdd9fa6ecc1eeaf91_f.jpg
6954790,https://recipe1.ezmember.co.kr/cache/recipe/2021/03/08/aa86ed3ad4e2942d1ea713ad1c3c62781_f.jpg
6881808,https://recipe1.ezmember.co.kr/cache/recipe/2018/01/05/c70fc0bc099b036b23f9b16bc847fa6c1_f.jpg
6989781,https://recipe1.ezmember.co.kr/cache/recipe/2022/10/17/c2635586f1a1f577322932d0c2471a641_f.jpg
6863024,https://recipe1.ezmember.co.kr/cache/recipe/2016/12/21/af9cf7d65a0af400989231a65f1fec911_f.jpg
6962419,https://recipe1.ezmember.co.kr/cache/recipe/2021/07/28/38ded41d7bb2599d129447d7fabf82d11_f.jpg
6874741,https://recipe1.ezmember.co.kr/cache/recipe/2017/01/29/72f64b0c2531cff20f7e83a2986782941_f.jpg
6870585,https://recipe1.ezmember.co.kr/cache/recipe/2017/05/31/9a36e974bb663a93d1328ffde4bfee3a1_f.jpg
6835951,https://recipe1.ezmember.co.kr/cache/recipe/2015/10/11/cc6ba4c7e1936e83720323bea5ebc3401_f.jpg
6978813,https://recipe1.ezmember.co.kr/cache/recipe/2022/05/05/8b3426862e0d9d60035828927d3f0c7d1_f.jpg
6901312,https://recipe1.ezmember.co.kr/cache/recipe/2018/12/04/49a535eec85e71f8ccc7a994bd74d6631_f.jpg
6865597,https://recipe1.ezmember.co.kr/cache/recipe/2017/02/20/5ecd81a30ab339518f231ba5dcfc90ef1_f.jpg
7008127,https://recipe1.ezmember.co.kr/cache/recipe/2023/08/15/2cc149bd8986714f32a546d70b1842641_f.jpg
7015341,https://recipe1.ezmember.co.kr/cache/recipe/2023/12/09/f33e8d6f24aa96587dcce2eef4327ab31_f.jpg
6878495,https://recipe1.ezmember.co.kr/cache/recipe/2017/10/24/01eb960f52836cbd57a40def286d9ea41_f.jpg
6947573,https://recipe1.ezmember.co.kr/cache/recipe/2020/12/04/accffcd3046f9bec5b82bf48b16dfae31_f.jpg
6926460,https://recipe1.ezmember.co.kr/cache/recipe/2020/02/12/d768ab77b0b20db35fdf55756d15d2631_f.jpg
7014547,https://recipe1.ezmember.co.kr/cache/recipe/2023/11/28/d40244a3304d9eea0f6eb824d0ca18a01_f.jpg
6840438,https://recipe1.ezmember.co.kr/cache/recipe/2015/12/22/d26c7aeb348cb3aada3b60430698aa111_f.jpg
6831839,https://recipe1.ezmember.co.kr/cache/recipe/2015/08/13/28d28db3f4d0939537fb7d8e6fc319d41_f.jpg
6935188,https://recipe1.ezmember.co.kr/cache/recipe/2020/06/28/b89cae8c0e35a46343d780af2bf510fb1_f.jpg
6925624,https://recipe1.ezmember.co.kr/cache/recipe/2020/01/26/1fdf4fe56d14dd334cec4f7fba5d19631_f.jpg
6959435,https://recipe1.ezmember.co.kr/cache/recipe/2021/06/02/390a525d1586a417a7bac8227c1d35d71_f.jpg
6840432,https://recipe1.ezmember.co.kr/cache/recipe/2015/12/21/e4d6f56b4642bd8715624ef62f00137d1_f.jpg
6886701,https://recipe1.ezmember.co.kr/cache/recipe/2018/04/04/9a01e93e00e398c0774af62e09bf0baa1_f.jpg
6948623,https://recipe1.ezmember.co.kr/cache/recipe/2020/12/16/daa0fb86c5d51f076564c65efa7e01d11_f.jpg
6873197,https://recipe1.ezmember.co.kr/cache/recipe/2017/07/21/dc4d21302aa0a5024bede0f292a76f301_f.jpg
6844503,https://recipe1.ezmember.co.kr/cache/recipe/2016/03/11/7221027ccc7b5317bb717c6cf2d771371_f.jpg
6954988,https://recipe1.ezmember.co.kr/cache/recipe/2021/03/11/b63345dd6374f50884e7e5782196c5991_f.jpg
6942830,https://recipe1.ezmember.co.kr/cache/recipe/2020/09/25/a698e93d98b35719a1ecb0ad33dbfd711_f.jpg
6847899,https://recipe1.ezmember.co.kr/cache/recipe/2016/05/10/a505a92f4a9a4c047996ec88f1b0236b1_f.jpg
6921080,https://recipe1.ezmember.co.kr/cache/recipe/2019/10/23/145715ce73dea4ecda11cfa3a7321cec1_f.jpg
6844568,https://recipe1.ezmember.co.kr/cache/recipe/2016/03/12/2bcad876289fdf31d58cc75c7aef0f061_f.jpg
6914064,https://recipe1.ezmember.co.kr/cache/recipe/2019/06/16/d85dc2156f5f2526543261d44c7b462d1_f.jpg
6929968,https://recipe1.ezmember.co.kr/cache/recipe/2020/04/05/14e132961466a1e072fdd636b3b79fed1_f.jpg
6188607,https://recipe1.ezmember.co.kr/cache/recipe/2015/03/16/75041166c492c4c39c93f0d780627e011_f.jpg
6904237,https://recipe1.ezmember.co.kr/cache/recipe/2019/01/31/17e22ecf7a177dbc412300f94aa853501_f.jpg
6960582,https://recipe1.ezmember.co.kr/cache/recipe/2021/06/22/ffde5868cd1d75c14ee82f2337ba10ad1_f.jpg
6914923,https://recipe1.ezmember.co.kr/cache/recipe/2019/06/29/2c9b618073d68c5c0ce7b2bd336b3d821_f.jpg
4015891,https://recipe1.ezmember.co.kr/cache/recipe/2015/06/15/e1406c672dcf9b0a1b5450bb3836cd70_f.jpg
6963356,https://recipe1.ezmember.co.kr/cache/recipe/2021/08/15/e9de879bd907f0ff56e1c483818284c51_f.jpg
6843910,https://recipe1.ezmember.co.kr/cache/recipe/2016/03/02/29a18709cbf9bac469a57b0b724120a31_f.jpg
6891863,https://recipe1.ezmember.co.kr/cache/recipe/2018/07/03/6f70415454f6de4c168bd258c8c7b1bf1_f.jpg
7053338,https://recipe1.ezmember.co.kr/cache/recipe/2025/05/21/b0f884ce66608fb914b8a7f9941ffdfb1_f.jpg
6894195,https://recipe1.ezmember.co.kr/cache/recipe/2018/08/15/795723cf8509b92aded8de4b635786551_f.jpg
6845398,https://recipe1.ezmember.co.kr/cache/recipe/2016/03/22/9989712d6bb1684622e0d6a6c0a6b0941_f.jpg
6930835,https://recipe1.ezmember.co.kr/cache/recipe/2020/04/16/634c53be56677dee349b3fb5944e4beb1_f.jpg
6865243,https://recipe1.ezmember.co.kr/cache/recipe/2017/02/14/067e014db5243e289ae777b4d72a703e1_f.jpg
6944511,https://recipe1.ezmember.co.kr/cache/recipe/2020/10/19/ac3cc44d9ff49012ede9943272aab5dc1_f.gif
6884052,https://recipe1.ezmember.co.kr/cache/recipe/2018/02/15/5d4641bfd76e322f5c0b7b27c78ace111_f.jpg
6852754,https://recipe1.ezmember.co.kr/cache/recipe/2016/07/14/62dc122ff2a610675d3eba47fc9993b11_f.jpg
6943228,https://recipe1.ezmember.co.kr/cache/recipe/2020/10/02/1f8181047017a0221e2b6917e9c325a01_f.jpg
7005450,https://recipe1.ezmember.co.kr/cache/recipe/2023/07/05/583e673e1703c4bdb321e97a11c5426b1_f.jpg
6900216,https://recipe1.ezmember.co.kr/cache/recipe/2018/11/14/b7231a691f0ac7fae927ff54d3fe2d621_f.jpg
6944187,https://recipe1.ezmember.co.kr/cache/recipe/2020/10/14/d51122132e41718d33155dec03d246661_f.jpg
6980200,https://recipe1.ezmember.co.kr/cache/recipe/2022/05/29/d950ef669c070b71cb060f44d1e9305d1_f.jpg
6952353,https://recipe1.ezmember.co.kr/cache/recipe/2021/01/30/462e8a0ee1588476147d380f00d3de101_f.jpg
6869659,https://recipe1.ezmember.co.kr/cache/recipe/2017/05/12/8489a4f0b7012d1ba0d5711e3bb9d94e1_f.jpg
6839048,https://recipe1.ezmember.co.kr/cache/recipe/2015/12/02/3eab0575e1e06f7e498e26cd56c3832b1_f.jpg
6857333,https://recipe1.ezmember.co.kr/cache/recipe/2016/09/22/b92f49fb6d6e6d336ec4cc8d34b1abc21_f.jpg
6923375,https://recipe1.ezmember.co.kr/cache/recipe/2019/12/11/6128949ed7fd9f355a48218ccde713321_f.jpg
6890139,https://recipe1.ezmember.co.kr/cache/recipe/2018/06/03/1657eec0d64d94439540fd04045a01221_f.jpg
6868051,https://recipe1.ezmember.co.kr/cache/recipe/2017/04/07/2164453541680974079e74d0c42ecd2d1_f.jpg
6877893,https://recipe1.ezmember.co.kr/cache/recipe/2017/10/14/6fdf16e175dc1e26487d9ec65d39e3e31_f.jpg
6951912,https://recipe1.ezmember.co.kr/cache/recipe/2021/01/24/6dc50c4f22959b8ab262d159db1fabae1_f.jpg
6874021,https://recipe1.ezmember.co.kr/cache/recipe/2017/08/03/cda29232c39806ecc67533cd93bd022e1_f.jpg
6872516,https://recipe1.ezmember.co.kr/cache/recipe/2017/07/10/3867c385ae38f9fb9b567a6f04bb30791_f.jpg
6913610,https://recipe1.ezmember.co.kr/cache/recipe/2019/06/05/80567869fc813fca4b4f80cad33bf10e1_f.jpg
1912734,https://recipe1.ezmember.co.kr/cache/recipe/2015/07/24/9263c7ac5a21556996ec3e33ffa94d46_f.jpg
6910064,https://recipe1.ezmember.co.kr/cache/recipe/2019/04/08/7254b69334e305f409959f93f8c723c71_f.jpg
6919501,https://recipe1.ezmember.co.kr/cache/recipe/2019/09/22/e32a9dee326e84d9e03c18e1f99c908c1_f.jpg
7025094,https://recipe1.ezmember.co.kr/cache/recipe/2024/04/24/46ce307a2d82acbc427447a2e2793f2f1_f.jpg
6984639,https://recipe1.ezmember.co.kr/cache/recipe/2022/08/02/812b7ec8882bf0dd3ac538f403d2b7201_f.jpg
3931824,https://recipe1.ezmember.co.kr/cache/recipe/2015/06/22/6fa8704d30a38e859218acec082405d0_f.jpg
6953058,https://recipe1.ezmember.co.kr/cache/recipe/2021/02/08/0bff600db971738c2a19c8b7731defa11_f.jpg
6892897,https://recipe1.ezmember.co.kr/cache/recipe/2018/07/22/56f86d089cef5aefe7e9ffe30c199fe81_f.jpg
6908745,https://recipe1.ezmember.co.kr/cache/recipe/2019/03/19/ecb06ee6e344496f464c3631a91b713d1_f.jpg
6910220,https://recipe1.ezmember.co.kr/cache/recipe/2019/04/10/6bd4bd0551e089d3885c4828f5bc9e911_f.jpg
6964802,https://recipe1.ezmember.co.kr/cache/recipe/2021/09/09/54266b440ced5ca5d51e7115d37bdfe21_f.jpg
6898184,https://recipe1.ezmember.co.kr/cache/recipe/2018/10/19/22db1293e5ab49b7f90ee647eaaea3291_f.JPG
6896768,https://recipe1.ezmember.co.kr/cache/recipe/2018/09/29/b62e0d6aadab3a67047da88eefb8b7b01_f.jpg
6896973,https://recipe1.ezmember.co.kr/cache/recipe/2018/10/02/d6f6b0a6280f47869643f3bd512ac0971_f.jpg
6829591,https://recipe1.ezmember.co.kr/cache/recipe/2015/06/30/c508aa74b92857445c292fa55823fa8e1_f.jpg
4035810,https://recipe1.ezmember.co.kr/cache/recipe/2015/04/22/c416ad613b113b5c47f606929d13f6201_f.jpg
6952965,https://recipe1.ezmember.co.kr/cache/recipe/2021/02/05/3614229dd68c05ac0344ae72580ef4de1_f.jpg
6864231,https://recipe1.ezmember.co.kr/cache/recipe/2017/01/23/991e1fffb1a5098256eb632b0f69d7981_f.jpg
6910334,https://recipe1.ezmember.co.kr/cache/recipe/2019/04/12/bbea812af910f7f2f035e78508c697931_f.jpg
6900162,https://recipe1.ezmember.co.kr/cache/recipe/2018/11/15/8ebb2cd440d337d0ba9d6825754449d21_f.jpg
6881234,https://recipe1.ezmember.co.kr/cache/recipe/2017/12/21/082fbd2e9d5f19a6ea54da2e2ca08af01_f.jpg
6829566,https://recipe1.ezmember.co.kr/cache/recipe/2015/06/29/c4444e150259a4616eef55a40b3128331_f.jpg
6898488,https://recipe1.ezmember.co.kr/cache/recipe/2018/10/23/d5fe5e430f2aa67af0670bbc911e7c681_f.jpg
6920771,https://recipe1.ezmember.co.kr/cache/recipe/2019/10/09/56675ba2e72bf751c486856a362d7e6a1_f.jpg
6882406,https://recipe1.ezmember.co.kr/cache/recipe/2018/01/16/359a204ee35b1916943b24a1faf296311_f.jpg
6934788,https://recipe1.ezmember.co.kr/cache/recipe/2020/06/23/7f365e9f2e76a44ad9c496980c6c7e5a1_f.jpg
6989618,https://recipe1.ezmember.co.kr/cache/recipe/2022/10/15/5a1b08e74bfb96f863efbf7502e3b4ef1_f.jpg
7060564,https://recipe1.ezmember.co.kr/cache/recipe/2026/04/10/b2f55a32730c9c2a3cc931b5629d2b2a1_f.jpg
5475624,https://recipe1.ezmember.co.kr/cache/recipe/2015/04/02/0fbdc27d2249ed15c1c437eff5e208e21_f.jpg
6916198,https://recipe1.ezmember.co.kr/cache/recipe/2019/07/21/04b8a6bdf4b9dbf44f8d6f0b90e629e81_f.jpg
6914476,https://recipe1.ezmember.co.kr/cache/recipe/2019/06/13/ecb6a94d8a1e06741177c444164031a81_f.jpg
7045505,https://recipe1.ezmember.co.kr/cache/recipe/2025/03/05/a135a49569e75b1b9578b2a477f251af1_f.jpg
5371207,https://recipe1.ezmember.co.kr/cache/recipe/2015/06/02/9f0dfcbc02d8fc5a2178f6b098af64691_f.jpg
6912761,https://recipe1.ezmember.co.kr/cache/recipe/2019/05/25/ddce697ca9dd0a97818a51a38191539f1_f.jpg
6948624,https://recipe1.ezmember.co.kr/cache/recipe/2020/12/16/8aa51e380ebabec54ba109e2e821d49e1_f.jpg
6971003,https://recipe1.ezmember.co.kr/cache/recipe/2021/12/16/3ea8b94345b5315c6b3a58629bf63a361_f.jpg
6873244,https://recipe1.ezmember.co.kr/cache/recipe/2017/07/23/37cca302237112e6d9f14544575cc0cd1_f.jpg
6865371,https://recipe1.ezmember.co.kr/cache/recipe/2017/02/16/e62dcbd5dd11be7d113ccb92fda51e501_f.jpg
6858086,https://recipe1.ezmember.co.kr/cache/recipe/2016/10/07/67900157e517d8fe70737d6718fdfb931_f.jpg
6921703,https://recipe1.ezmember.co.kr/cache/recipe/2019/11/06/475718da0d9d2c1adade9e473ea324891_f.jpg
6965823,https://recipe1.ezmember.co.kr/cache/recipe/2021/10/02/2950112dc0bf61af270f638b7b10fa001_f.jpg
6906128,https://recipe1.ezmember.co.kr/cache/recipe/2019/02/08/cea82050bb038d0be5ef09599615751d1_f.jpg
6983316,https://recipe1.ezmember.co.kr/cache/recipe/2022/07/08/d08fe94cb83a6ecb323778db0baa62bd1_f.jpg
6928400,https://recipe1.ezmember.co.kr/cache/recipe/2020/03/13/b875ac43c9c8371060dc9c0599ae94ed1_f.jpg
5262225,https://recipe1.ezmember.co.kr/cache/recipe/2015/06/13/859ade263d62f3fa8c5a9417f6597fe2_f.jpg
6874103,https://recipe1.ezmember.co.kr/cache/recipe/2017/08/04/72d73bfa3ee001008922aa11c60977931_f.jpg
6984026,https://recipe1.ezmember.co.kr/cache/recipe/2022/07/22/0daa7ac593e7db9a2d9aa069aad23d481_f.jpg
6941467,https://recipe1.ezmember.co.kr/cache/recipe/2020/09/10/f7c99805248c0f55802ab9f3287dea3c1_f.jpg
6922213,https://recipe1.ezmember.co.kr/cache/recipe/2019/11/15/2ea049b77d840f1f6a5069eec11aa4a91_f.jpg
6927874,https://recipe1.ezmember.co.kr/cache/recipe/2020/03/06/a640994f5ae98a49761c6abb07f538081_f.jpg
6887941,https://recipe1.ezmember.co.kr/cache/recipe/2018/04/26/7dbd83e601a15386994d6b67f3926bbe1_f.jpg
6929419,https://recipe1.ezmember.co.kr/cache/recipe/2020/03/27/458e3a8ae590685d90ce6924a48300b81_f.jpg
6950668,https://recipe1.ezmember.co.kr/cache/recipe/2021/01/11/3a1952d28f666676bdef61fecb98bb1b1_f.jpg
6884315,https://recipe1.ezmember.co.kr/cache/recipe/2018/02/21/33d3b035bd8bc91d040415b86cd5e6431_f.jpg
6943676,https://recipe1.ezmember.co.kr/cache/recipe/2020/10/08/21eda5b6d5f5394238c2b91f1a8a93a71_f.jpg
6886936,https://recipe1.ezmember.co.kr/cache/recipe/2018/04/09/60e10d9164095a068eddd96aa123bb211_f.jpg
6711973,https://recipe1.ezmember.co.kr/cache/recipe/2015/05/11/1a7084154791adfd807da4905bcc64be1_f.jpg
6872916,https://recipe1.ezmember.co.kr/cache/recipe/2017/07/18/6505c73bf68be28148d0ba5336ebfc711_f.jpg
6935370,https://recipe1.ezmember.co.kr/cache/recipe/2020/06/30/3af9ad087ee0e29a07e9c9f24da868001_f.jpg
6937260,https://recipe1.ezmember.co.kr/cache/recipe/2020/07/22/526cb1db2c32de08f4d89a6996fd9fa61_f.jpg
6919895,https://recipe1.ezmember.co.kr/cache/recipe/2019/09/30/d4ffd79ffa40cabc7ddabc807c929a181_f.jpg
7012757,https://recipe1.ezmember.co.kr/cache/recipe/2023/11/03/abc22e3991ae8b4fc464db670c7e6eb31_f.jpg
6968301,https://recipe1.ezmember.co.kr/cache/recipe/2021/11/06/c42b3d2a31740c8eae00e964dff2a7d11_f.jpg
6836482,https://recipe1.ezmember.co.kr/cache/recipe/2015/10/20/d4fbc97a94fdf0c3f604d140a44c74941_f.jpg
6868588,https://recipe1.ezmember.co.kr/cache/recipe/2017/04/17/ff4b860d72ca0f47d9a7c7a8565142a91_f.jpg
6831497,https://recipe1.ezmember.co.kr/cache/recipe/2015/08/10/8af691ceaf2ff4fa7bf7e4cd17ad59891_f.jpg
6923678,https://recipe1.ezmember.co.kr/cache/recipe/2019/12/17/f4211220a05c8bc60a812dfd586dece21_f.jpg
6934273,https://recipe1.ezmember.co.kr/cache/recipe/2020/06/13/245ea095e79a0eb7bd7e71b247684d991_f.jpg
6980505,https://recipe1.ezmember.co.kr/cache/recipe/2022/06/03/518381d3f76b8d85e491f61123ad3ada1_f.jpg
6940664,https://recipe1.ezmember.co.kr/cache/recipe/2020/09/02/9f51a74ca12d548fcf76cadf2f35855e1_f.jpg
7039690,https://recipe1.ezmember.co.kr/cache/recipe/2024/12/01/d7c7f01ccfa4f812891d2ef7f1882df11_f.jpg
6900716,https://recipe1.ezmember.co.kr/cache/recipe/2018/11/23/a19762096247b7573507600d7a342f1d1_f.jpg
6916058,https://recipe1.ezmember.co.kr/cache/recipe/2019/07/18/8eb135f0f64b3693242846ef8ad67a801_f.jpg
6896716,https://recipe1.ezmember.co.kr/cache/recipe/2018/09/28/1bdad7695cfdf760a3b4878c4a2efe3e1_f.jpg
6972094,https://recipe1.ezmember.co.kr/cache/recipe/2022/01/04/293fc6a769ae0914b986959f148aa19f1_f.jpg
7044378,https://recipe1.ezmember.co.kr/cache/recipe/2025/02/08/360ec0ed8b56289a61f40d6eb2f921901_f.jpg
6871927,https://recipe1.ezmember.co.kr/cache/recipe/2017/06/27/bfebe88085f878d249a0d10e0080e71f1_f.jpg
6831242,https://recipe1.ezmember.co.kr/cache/recipe/2015/08/06/5126e42d342d3c54575bee2f315eb9e11_f.jpg
6948637,https://recipe1.ezmember.co.kr/cache/recipe/2020/12/17/012a48b247ac3737cc48cec2fbe17aad1_f.jpg
5680530,https://recipe1.ezmember.co.kr/cache/recipe/2015/06/08/ee7a0e918d18c3d3c95c7c749e0ca528_f.jpg
6834601,https://recipe1.ezmember.co.kr/cache/recipe/2015/09/17/7c6cb6d6e3c41a8388f9f0c18037fc5c1_f.jpg
6938259,https://recipe1.ezmember.co.kr/cache/recipe/2020/08/03/7fbdbf3974b5aafc5e097ae49ad9405f1_f.jpg
6980534,https://recipe1.ezmember.co.kr/cache/recipe/2022/05/23/49b4ec3267c9637366e3321f517b57fa1_f.jpg
6910163,https://recipe1.ezmember.co.kr/cache/recipe/2019/04/10/dcdc7b1f3916a7a4712695536935c70b1_f.jpg
6867659,https://recipe1.ezmember.co.kr/cache/recipe/2017/03/30/bbc3a44de117730a93a3099092c6145c1_f.jpg
6973055,https://recipe1.ezmember.co.kr/cache/recipe/2022/01/19/5c7b2d1ae19f7b281170329ebfeeeedb1_f.jpg
6828865,https://recipe1.ezmember.co.kr/cache/recipe/2015/06/12/70175c8d949d13848aaa30f67fd89b891_f.jpg
6939406,https://recipe1.ezmember.co.kr/cache/recipe/2020/08/17/f6622d3457692ee587294201c0e534201_f.jpg
6811822,https://recipe1.ezmember.co.kr/cache/recipe/2015/06/03/f098f9f8234657fee616256338981f151_f.jpg
6874432,https://recipe1.ezmember.co.kr/cache/recipe/2017/08/06/5c6be8718eec4d587ba94a49e17b76b31_f.jpg
4088779,https://recipe1.ezmember.co.kr/cache/recipe/2015/07/07/b84bf5d3cdac4f1e4faed37b571a5565_f.jpg
6868710,https://recipe1.ezmember.co.kr/cache/recipe/2017/04/20/3e17671ddd82f59e04763de610287cb21_f.jpg
6915851,https://recipe1.ezmember.co.kr/cache/recipe/2019/07/14/f3e0cdd077305841346ef6499cdf007a1_f.jpg
6837137,https://recipe1.ezmember.co.kr/cache/recipe/2015/10/29/eabcd790f3385ff9a52b1d7c035e52bf1_f.jpg
6867313,https://recipe1.ezmember.co.kr/cache/recipe/2017/03/23/4c697d14254282e0281aae43a2a8dbaf1_f.jpg
6862469,https://recipe1.ezmember.co.kr/cache/recipe/2016/09/14/06d1906e87540055925b3437726fc6b61_f.jpg
6842965,https://recipe1.ezmember.co.kr/cache/recipe/2016/02/13/954b295a511a1f4c6ddcab923119beac1_f.jpg
6846741,https://recipe1.ezmember.co.kr/cache/recipe/2016/04/18/944a959a1599a7e4022d679078e795d21_f.jpg
6657775,https://recipe1.ezmember.co.kr/cache/recipe/2015/05/19/c82ae55e193c7d659f8285eb084a02f01_f.jpg
6830365,https://recipe1.ezmember.co.kr/cache/recipe/2015/07/20/e8751e2a401e7521add65dc45fc5c88c1_f.jpg
6855547,https://recipe1.ezmember.co.kr/cache/recipe/2016/08/29/70dd90670cd4519f9da9f525096e32421_f.jpg
6952495,https://recipe1.ezmember.co.kr/cache/recipe/2021/01/30/1696f2ef278eacf195a4c8e5947897ee1_f.jpg
6930270,https://recipe1.ezmember.co.kr/cache/recipe/2020/04/01/ae6c5c0cf2ab7cda8f8423995d75db0c1_f.jpg
6878292,https://recipe1.ezmember.co.kr/cache/recipe/2017/10/21/b8514df481fb33e4fdab5f3b5d82eb081_f.jpg
6877261,https://recipe1.ezmember.co.kr/cache/recipe/2017/09/29/ae1baf48d9050cbe4b51d10d3aef0aff1_f.jpg
6857611,https://recipe1.ezmember.co.kr/cache/recipe/2016/09/28/e6921cf2f60f7e45ff3749170b04d27a1_f.jpg
6985745,https://recipe1.ezmember.co.kr/cache/recipe/2022/08/16/5980eb63fb4984e3134fe519dc65926a1_f.jpg
6982102,https://recipe1.ezmember.co.kr/cache/recipe/2022/06/23/5347ad02a9cb636ae7710158d3f004ed1_f.jpg
7019582,https://recipe1.ezmember.co.kr/cache/recipe/2024/02/07/67e09bdfbb36183a2210fe0ebae7ed5f1_f.jpg
6832547,https://recipe1.ezmember.co.kr/cache/recipe/2015/08/22/bc0a494192fb05fc9557b3a3cc2db9a61_f.jpg
6927102,https://recipe1.ezmember.co.kr/cache/recipe/2020/02/23/ccec9d2fa1010106afcc1ec097a2c46e1_f.jpg
6962971,https://recipe1.ezmember.co.kr/cache/recipe/2021/04/17/a27e4a9a6387ee79dc45da9f5541eea21_f.jpg
6911979,https://recipe1.ezmember.co.kr/cache/recipe/2019/05/11/0e05340d000e9992a3fc2f859e4ef3981_f.jpg
6930958,https://recipe1.ezmember.co.kr/cache/recipe/2020/04/17/3d657dff0c1eb64ce9fdc0f23ba5a5e41_f.jpg
6960123,https://recipe1.ezmember.co.kr/cache/recipe/2021/06/10/7799a33ea39f499ef9ef439cc6fdcdc11_f.jpg
6869773,https://recipe1.ezmember.co.kr/cache/recipe/2017/04/26/b76e683e40094f95c8b4bfb09e93c9fb1_f.jpg
6888416,https://recipe1.ezmember.co.kr/cache/recipe/2018/05/07/720b9924f7a4821bc017dc548d2cf9dd1_f.jpg
6968075,https://recipe1.ezmember.co.kr/cache/recipe/2021/11/03/eade1150cadfabf51cd87abeedbeebb51_f.jpg
6925057,https://recipe1.ezmember.co.kr/cache/recipe/2020/01/16/48a2f46d1d4e6940cb074c477d6bac041_f.jpg
6830811,https://recipe1.ezmember.co.kr/cache/recipe/2015/07/29/85c9bd48b83c54575d6867c3d2e04f1a1_f.jpg
6903640,https://recipe1.ezmember.co.kr/cache/recipe/2019/01/06/6e97cb3bffc2f940ec268bab238dcbc71_f.jpg
6833645,https://recipe1.ezmember.co.kr/cache/recipe/2015/09/05/eccf126767edb428e57b8bfb11fd928f1_f.jpg
7009244,https://recipe1.ezmember.co.kr/cache/recipe/2023/09/02/16eab7e842f55ad9234369bdc604bb831_f.jpg
6844484,https://recipe1.ezmember.co.kr/cache/recipe/2016/03/11/34bde0f83fd49b12f8d15b92d352b5cd1_f.jpg
6953864,https://recipe1.ezmember.co.kr/cache/recipe/2021/02/21/3e439c3adbb57d590a30974d74aa3d051_f.jpg
3976768,https://recipe1.ezmember.co.kr/cache/recipe/2015/06/19/bc3271eb53a592e60111068f01b8106f_f.jpg
6964893,https://recipe1.ezmember.co.kr/cache/recipe/2021/08/29/12afd9773fc6196dedf10012ece7a8ec1_f.jpg
6854731,https://recipe1.ezmember.co.kr/cache/recipe/2016/08/17/3232636eba4b56e0f726187ba242d6071_f.jpg
6951980,https://recipe1.ezmember.co.kr/cache/recipe/2021/01/25/b64492b63e089853b83cab6a96b761cf1_f.jpg
6891154,https://recipe1.ezmember.co.kr/cache/recipe/2018/06/19/ab75490145de484536775b0dc3a3f8de1_f.jpg
6942195,https://recipe1.ezmember.co.kr/cache/recipe/2020/09/18/67e5d6828d460ea730e50cdbac828e411_f.jpg
6857085,https://recipe1.ezmember.co.kr/cache/recipe/2016/09/18/d0b24fbd6de9971116b3f9190a7d42e61_f.jpg
6884436,https://recipe1.ezmember.co.kr/cache/recipe/2018/02/16/acbe8a62877a7e944329e3bffa3cf0a31_f.jpg
6912185,https://recipe1.ezmember.co.kr/cache/recipe/2019/05/15/f99944e6c0fb32d4f57b8f5cd04fb1451_f.jpg
6912799,https://recipe1.ezmember.co.kr/cache/recipe/2019/05/27/f26467325189018a2327c7ef7533c7871_f.jpg
6987913,https://recipe1.ezmember.co.kr/cache/recipe/2022/09/22/f2b04a1b3bacc1d328cb8e69e3a573461_f.jpg
6854940,https://recipe1.ezmember.co.kr/cache/recipe/2016/08/19/d84c578e9a075639bd502f6abec573721_f.jpg
7017106,https://recipe1.ezmember.co.kr/cache/recipe/2024/01/04/ab7147bb715fbd20e3a8b315414092e01_f.jpg
6922815,https://recipe1.ezmember.co.kr/cache/recipe/2019/11/29/1615a754b81280f6c21c4c51500c5cff1_f.jpg
6899849,https://recipe1.ezmember.co.kr/cache/recipe/2018/11/04/fc4ce37cc793db91c368dd4e6b6803191_f.jpg
4556222,https://recipe1.ezmember.co.kr/cache/recipe/2015/04/21/d0fe2324fa2cc262d74499d504bc97011_f.jpg
6872701,https://recipe1.ezmember.co.kr/cache/recipe/2017/07/13/b17beefbc0851d6fc9b6581057ae07c01_f.jpg
5085594,https://recipe1.ezmember.co.kr/cache/recipe/2015/06/18/c82496641baae8478466e06533fb1615_f.jpg
6888483,https://recipe1.ezmember.co.kr/cache/recipe/2018/05/08/b342a0b072b33b9de3eb7b7b64759be11_f.jpg
1560948,https://recipe1.ezmember.co.kr/cache/recipe/2015/08/29/d801af3313f452f63d731a264ea40ad7_f.jpg
6899924,https://recipe1.ezmember.co.kr/cache/recipe/2018/11/11/e95fc64b55ba5be1c2ab76caa7d954e61_f.JPG
6996247,https://recipe1.ezmember.co.kr/cache/recipe/2023/02/01/d098dbc14c78eef75f4c907a03a9fe3f1_f.jpg
6927734,https://recipe1.ezmember.co.kr/cache/recipe/2020/03/04/ae6586d12911018c754db8f150a4475c1_f.jpg
6896033,https://recipe1.ezmember.co.kr/cache/recipe/2018/09/17/967267ce1902833afa9aa8f51ed5944c1_f.jpg
6829039,https://recipe1.ezmember.co.kr/cache/recipe/2015/06/16/90c96f0f2db0b17ffe144b7ceebbf6f01_f.jpg
6935545,https://recipe1.ezmember.co.kr/cache/recipe/2020/07/02/c40fed1abc7f5479a0feaa21d44310041_f.jpg
6926633,https://recipe1.ezmember.co.kr/cache/recipe/2020/02/14/cfecc945bd59c5081d3ab36165dce2651_f.jpg
6876817,https://recipe1.ezmember.co.kr/cache/recipe/2017/09/20/520997b9c753f3733710353933bb40001_f.jpg
6869632,https://recipe1.ezmember.co.kr/cache/recipe/2017/05/11/d3edfdee27b7e8053f7981bc1220ebd51_f.jpg
6914232,https://recipe1.ezmember.co.kr/cache/recipe/2019/06/19/944933351281d48ab2c946c005ad47c01_f.jpg
6836033,https://recipe1.ezmember.co.kr/cache/recipe/2015/10/12/25d82a28bcee6a4792c5c327951c3c041_f.jpg
6866420,https://recipe1.ezmember.co.kr/cache/recipe/2017/03/07/dda77a96b93ef39be4339f737bf647501_f.jpg
6889605,https://recipe1.ezmember.co.kr/cache/recipe/2018/05/26/f7036e3bea2fba05eb80cd92d093e95a1_f.jpg
3760361,https://recipe1.ezmember.co.kr/cache/recipe/2015/06/08/7e8b4cf456bdcf86a52a8f862ffb40fd_f.jpg
6915150,https://recipe1.ezmember.co.kr/cache/recipe/2019/07/02/5ebdfb91c00e745687efaf4821ed178b1_f.jpg
5950674,https://recipe1.ezmember.co.kr/cache/recipe/2015/04/10/51157fd9cc7cf3ded9484e512072da691_f.jpg
6896614,https://recipe1.ezmember.co.kr/cache/recipe/2018/09/27/c8255fb6dcabb4cd68c5dadaa8acd0e41_f.jpg
6925375,https://recipe1.ezmember.co.kr/cache/recipe/2020/01/22/ae60d774b8db8b87bc0a9fa1a838c6781_f.jpg
6860000,https://recipe1.ezmember.co.kr/cache/recipe/2016/11/06/edffbc0d7657d99fe0947df708c3e6f71_f.jpg
6854132,https://recipe1.ezmember.co.kr/cache/recipe/2016/08/05/b507bee15b68ab3e0ecf406bfbd708a21_f.jpg
6835516,https://recipe1.ezmember.co.kr/cache/recipe/2015/10/03/2518d172402fb83e703c9f61f21d88e01_f.jpg
6829621,https://recipe1.ezmember.co.kr/cache/recipe/2015/07/01/9a3c241aad5e4c2d229051cdda3c14051_f.jpg
6955415,https://recipe1.ezmember.co.kr/cache/recipe/2021/03/18/ae94b96f568bdbfc9012a551f122cba31_f.jpg
6845312,https://recipe1.ezmember.co.kr/cache/recipe/2016/03/24/8d543236b523af42623c9d13fedde68f1_f.jpg
2700578,https://recipe1.ezmember.co.kr/cache/recipe/2015/07/24/838231ac9f68a53b109f582893b830fa_f.jpg
4180138,https://recipe1.ezmember.co.kr/cache/recipe/2015/04/23/7955ee11cc5785d18ebcb1f4c8c941ce1_f.jpg
6835765,https://recipe1.ezmember.co.kr/cache/recipe/2015/10/08/e317050f86af87329ccbdc66c61400f11_f.jpg
6932215,https://recipe1.ezmember.co.kr/cache/recipe/2020/05/07/bbefa9e028e2c5c4612e917a3cc3ff7c1_f.jpg
6867824,https://recipe1.ezmember.co.kr/cache/recipe/2017/04/03/1b828d258d246e31a25e193891a647cd1_f.png
6878711,https://recipe1.ezmember.co.kr/cache/recipe/2017/10/28/494ecdd4d2c010caa7c4902ab1ff96cf1_f.jpg
6915751,https://recipe1.ezmember.co.kr/cache/recipe/2019/07/13/cdbacf957d3f477aebd36b8e3e4b4d5b1_f.jpg
6906771,https://recipe1.ezmember.co.kr/cache/recipe/2019/02/17/1d322eeda79101d0e7e74b93f6504bcf1_f.jpg
6931902,https://recipe1.ezmember.co.kr/cache/recipe/2020/05/01/ce81a25c8c66a4c801d5bfe7114fffa31_f.jpg
6956083,https://recipe1.ezmember.co.kr/cache/recipe/2021/04/01/39f940b166fef3053f2fc5324daf30cc1_f.jpg
6833640,https://recipe1.ezmember.co.kr/cache/recipe/2015/09/05/c588245e1b815113b30d8a52289ef07e1_f.jpg
6903600,https://recipe1.ezmember.co.kr/cache/recipe/2019/01/05/4b62f0a6efa9e108a912869a011108e81_f.jpg
6906594,https://recipe1.ezmember.co.kr/cache/recipe/2019/02/14/15bbeb0f21f4efc6cb3b6466d12aac591_f.jpg
6836439,https://recipe1.ezmember.co.kr/cache/recipe/2015/10/21/94183179b8c9974f335afb8336218fbe1_f.jpg
6970269,https://recipe1.ezmember.co.kr/cache/recipe/2021/12/03/a7d9ec3f1de6886daaac0cb1cefd9e2c1_f.jpg
4197548,https://recipe1.ezmember.co.kr/cache/recipe/2015/06/22/0f15775de0e58068a0c4049048b18943_f.jpg
6911058,https://recipe1.ezmember.co.kr/cache/recipe/2019/04/24/2a7179ca6c3e304d3049a478eb0712811_f.jpg
6830398,https://recipe1.ezmember.co.kr/cache/recipe/2015/07/20/cc731be09480425d1acaeb1bd44843381_f.jpg
6832215,https://recipe1.ezmember.co.kr/cache/recipe/2015/08/18/42b405a6b2a519e98852f9bd134f38701_f.jpg
6897463,https://recipe1.ezmember.co.kr/cache/recipe/2018/10/09/69152e9745fa9ff1c6d93a2a8dcae2d11_f.jpg
6934929,https://recipe1.ezmember.co.kr/cache/recipe/2020/06/24/fed47eae42bcaed2aa3edc87855abd4b1_f.jpg
6876591,https://recipe1.ezmember.co.kr/cache/recipe/2017/09/17/250058e25ee657e098c16bc8b274cc921_f.jpg
6982184,https://recipe1.ezmember.co.kr/cache/recipe/2022/06/24/05f83df282e30d6234baa0f9883751e91_f.jpg
6891691,https://recipe1.ezmember.co.kr/cache/recipe/2018/06/29/860ab5b11ee737d2ceb64a6e56e5c6031_f.JPG
6908443,https://recipe1.ezmember.co.kr/cache/recipe/2019/03/15/f17c0ce3ef69297dcfbd55d2b0af62d11_f.jpg
6873686,https://recipe1.ezmember.co.kr/cache/recipe/2017/07/28/a514768937b7e41dd6e3780cb5e0cf951_f.jpg
6911964,https://recipe1.ezmember.co.kr/cache/recipe/2019/05/11/3ab9b0efc81617d1946fc394b410bbe21_f.jpg
6972729,https://recipe1.ezmember.co.kr/cache/recipe/2022/01/14/7ff314bec851b08a371d2e549f7095dd1_f.jpg
6963493,https://recipe1.ezmember.co.kr/cache/recipe/2021/08/06/0ef79d79d434c9d66f76fe1b563254d41_f.jpg
6893768,https://recipe1.ezmember.co.kr/cache/recipe/2018/08/08/da9b0b9dab52960b862a0e9d58554f601_f.jpg
6852054,https://recipe1.ezmember.co.kr/cache/recipe/2016/07/03/caa058700ab2949d0caff7e259de1a0c1_f.jpg
6862254,https://recipe1.ezmember.co.kr/cache/recipe/2016/12/06/a8010c740a2885fdedcb3c1d8e097b501_f.jpg
6100431,https://recipe1.ezmember.co.kr/cache/recipe/2015/08/06/657a49387c12189926520767e77afa021_f.jpg
7022925,https://recipe1.ezmember.co.kr/cache/recipe/2024/03/25/0de4c41ada4bf5dda48374f1c5ed7a2e1_f.jpg
6907877,https://recipe1.ezmember.co.kr/cache/recipe/2019/02/20/b306d39bc6b2f8f3584ad02d839d1c8d1_f.jpg
6922141,https://recipe1.ezmember.co.kr/cache/recipe/2019/11/14/1f1c0fe83df43b82151a8091b64936701_f.jpg
6876331,https://recipe1.ezmember.co.kr/cache/recipe/2017/09/12/7e4af8b0a40b6ffad546ef012a95061f1_f.jpg
7003998,https://recipe1.ezmember.co.kr/cache/recipe/2023/06/13/685e4f568f9ae23523d5d1916bb5aeeb1_f.jpg
7071597,https://recipe1.ezmember.co.kr/cache/recipe/2026/02/14/fb62e3812016a125e4f67586475de4fc1_f.jpg
6866445,https://recipe1.ezmember.co.kr/cache/recipe/2017/03/07/1394978b48f7eb4047548d678f861e4d1_f.jpg
6846707,https://recipe1.ezmember.co.kr/cache/recipe/2016/04/19/1d8bcf21ae97cf5dbe593503cdfbe5211_f.jpg
6933987,https://recipe1.ezmember.co.kr/cache/recipe/2020/06/08/6a1b7da8ae5169f3984068bb607a1f8b1_f.jpg
6855186,https://recipe1.ezmember.co.kr/cache/recipe/2016/08/23/9a7991843e8068b6955ae5d5eb191e521_f.jpg
6886705,https://recipe1.ezmember.co.kr/cache/recipe/2018/04/04/b1f1be1efc7a94ff200daf70f61917c61_f.jpg
6878369,https://recipe1.ezmember.co.kr/cache/recipe/2017/10/23/ceff79c9423a6d93451aabffd8302d641_f.jpg
4666806,https://recipe1.ezmember.co.kr/cache/recipe/2015/06/08/49cce7b464017ef06c6b6be14bf26fd1_f.jpg
6946693,https://recipe1.ezmember.co.kr/cache/recipe/2020/11/20/1959bf4a73ddb3648a569e699bf9a0571_f.jpg
6951323,https://recipe1.ezmember.co.kr/cache/recipe/2021/01/17/9daf60cd60447920d57c3c871a80d70f1_f.jpg
6899011,https://recipe1.ezmember.co.kr/cache/recipe/2018/10/30/a7794ea1503637466da6e51db18ba7db1_f.jpg
6829785,https://recipe1.ezmember.co.kr/cache/recipe/2015/07/03/9fdb6c17ca2aec6e63fd61efc98b1e331_f.jpg
6884282,https://recipe1.ezmember.co.kr/cache/recipe/2018/02/20/2db524807a9da35ad962fe0e75b4b5bd1_f.jpg
6939246,https://recipe1.ezmember.co.kr/cache/recipe/2020/08/14/ac6e244102466550007881e69a450fcc1_f.jpg
6992794,https://recipe1.ezmember.co.kr/cache/recipe/2022/11/27/8425d2b17251b7eba3d35c28fa6fb7bf1_f.jpg
6915147,https://recipe1.ezmember.co.kr/cache/recipe/2019/06/06/09c9a14e7fce75cf370dc2ef9828e3e81_f.jpg
6740530,https://recipe1.ezmember.co.kr/cache/recipe/2015/05/01/75fda779d013605305c779b7fc059b351_f.jpg
6956597,https://recipe1.ezmember.co.kr/cache/recipe/2021/04/10/5f7e7b8b8ba16be050666d652871513a1_f.jpg
6842332,https://recipe1.ezmember.co.kr/cache/recipe/2016/01/29/5d4bd9020814a032d9dadae9cf362ec21_f.jpg
6892934,https://recipe1.ezmember.co.kr/cache/recipe/2018/07/23/17b3b262db19929af5843aeb09573ff61_f.jpg
7021587,https://recipe1.ezmember.co.kr/cache/recipe/2024/03/07/5b5d08e9a8090062a83f0860c85a91881_f.jpg
6935884,https://recipe1.ezmember.co.kr/cache/recipe/2020/07/06/0e6767311df31e4941199f34b37b87351_f.jpg
6859716,https://recipe1.ezmember.co.kr/cache/recipe/2016/11/02/6de0ab3d541a8db00cd12dbdf77b8a7e1_f.jpg
6844934,https://recipe1.ezmember.co.kr/cache/recipe/2016/03/19/157f8ca242bd9f1c1527aedec34bbcf01_f.jpg
6919784,https://recipe1.ezmember.co.kr/cache/recipe/2019/09/27/3d680f75b94ad93e4ffcc4c75da49eef1_f.jpg
6929154,https://recipe1.ezmember.co.kr/cache/recipe/2020/03/23/3264b89b43a37ca3b518701d5f51c0521_f.jpg
4035668,https://recipe1.ezmember.co.kr/cache/recipe/2015/06/20/68b9a1b44ec12b18b1b7537c2f878109_f.jpg
6835666,https://recipe1.ezmember.co.kr/cache/recipe/2015/10/06/8ea690aea6d0c2b41c15bd8c9d14c0361_f.jpg
6831966,https://recipe1.ezmember.co.kr/cache/recipe/2015/08/14/ed2ba5aff2c9bc70979404b010a23e921_f.jpg
5503038,https://recipe1.ezmember.co.kr/cache/recipe/2015/04/09/a2b3fcee702b2f5fbf8e455db1e96d8a1_f.jpg
6858168,https://recipe1.ezmember.co.kr/cache/recipe/2016/10/10/0815e5d2919d9c63e1521409b08893591_f.jpg
7065995,https://recipe1.ezmember.co.kr/cache/recipe/2025/11/08/67c3ec90e8a4a98012e934d1abae880e1_f.jpg
6946775,https://recipe1.ezmember.co.kr/cache/recipe/2020/11/22/dff900a39bcb5dcaa885581a939db41b1_f.jpg
6968241,https://recipe1.ezmember.co.kr/cache/recipe/2021/11/05/f9a12e86b1e57ece311a4e8b9a310e351_f.jpg
6866736,https://recipe1.ezmember.co.kr/cache/recipe/2017/03/13/02b1573cfc7785e53194533a3f4625921_f.jpg
6955579,https://recipe1.ezmember.co.kr/cache/recipe/2021/03/21/68ec0ba7b354387662eec7a8949737481_f.jpg
7045724,https://recipe1.ezmember.co.kr/cache/recipe/2025/02/07/0142155305321ff84057a169ccf1e0051_f.jpg
6875019,https://recipe1.ezmember.co.kr/cache/recipe/2017/08/19/0d2c5cb437a9a571e105c588d6fb09b31_f.jpg
7017225,https://recipe1.ezmember.co.kr/cache/recipe/2024/01/06/8ae1adba8c32f89aa65735b8dc004a0c1_f.jpg
6831758,https://recipe1.ezmember.co.kr/cache/recipe/2015/08/13/a2ca8c8f4596ada88a097194c94b2b3a1_f.jpg
7005151,https://recipe1.ezmember.co.kr/cache/recipe/2023/07/02/46cb634fb9d6b7d67955d23b3b4e46c71_f.jpg
4550714,https://recipe1.ezmember.co.kr/cache/recipe/2015/06/18/2293e7a7cd72de4971853670cd2f747e_f.jpg
4029210,https://recipe1.ezmember.co.kr/cache/recipe/2015/04/22/62eb837220d0134fe4fd473ab284fc211_f.jpg
6833938,https://recipe1.ezmember.co.kr/cache/recipe/2015/09/09/5a8fd04fb7dcad075ed87ddd6910f6e91_f.jpg
6888671,https://recipe1.ezmember.co.kr/cache/recipe/2018/05/11/f39bcc906a77a130795b52080ca761ec1_f.jpg
6913769,https://recipe1.ezmember.co.kr/cache/recipe/2019/06/11/4224b5658fe1250a5561bdf64c986cee1_f.jpg
6947353,https://recipe1.ezmember.co.kr/cache/recipe/2020/12/01/b4c56fa332282e9cdcd974cbd8b5d1011_f.jpg
6830036,https://recipe1.ezmember.co.kr/cache/recipe/2015/07/14/f27178aaa6b995dc7c89c305e6fe16771_f.jpg
7028445,https://recipe1.ezmember.co.kr/cache/recipe/2024/06/20/5d0ae228fc52bbadb3f1619b1c8d94b11_f.jpg
6920612,https://recipe1.ezmember.co.kr/cache/recipe/2019/10/14/a5883d550fe3c5a4953280895825265f1_f.jpg
6885354,https://recipe1.ezmember.co.kr/cache/recipe/2018/03/12/8f1e039305c72c0cfcab476c91a39fa41_f.jpg
6010564,https://recipe1.ezmember.co.kr/cache/recipe/2015/03/17/5f6b14267dbbadf3af0149041e6726451_f.jpg
6899021,https://recipe1.ezmember.co.kr/cache/recipe/2018/10/30/52ce1bb0950c8a0056ee3394eb1d8c971_f.jpg
6907068,https://recipe1.ezmember.co.kr/cache/recipe/2019/02/21/abce3b32db0b6615d98ef2d3b69acf091_f.jpg
6925106,https://recipe1.ezmember.co.kr/cache/recipe/2020/01/17/d4915e339d280de559384b23a0bafdbe1_f.jpg
6850004,https://recipe1.ezmember.co.kr/cache/recipe/2016/05/27/53203913d0299be5ca4123f8daa675921_f.jpg
6893044,https://recipe1.ezmember.co.kr/cache/recipe/2018/07/25/3a7f74322b9f56edb02a055eb6e7769f1_f.jpg
6893280,https://recipe1.ezmember.co.kr/cache/recipe/2018/07/29/c5e6801969b69d0d09390d7b32cb66d71_f.jpg
6836253,https://recipe1.ezmember.co.kr/cache/recipe/2015/10/15/b0fb534716adc5ce3ff70e4dbc4776021_f.jpg
4047553,https://recipe1.ezmember.co.kr/cache/recipe/2015/06/08/c3e5e9e867a56d01f56794b7819667fd_f.jpg
7063382,https://recipe1.ezmember.co.kr/cache/recipe/2025/09/26/dc885054a8a06c2b3d9f788ffd979a871_f.jpg
6864007,https://recipe1.ezmember.co.kr/cache/recipe/2017/01/17/2cc8d8378ef648709467fd730171ba591_f.jpg
6976753,https://recipe1.ezmember.co.kr/cache/recipe/2022/03/24/4e297a0eaaf3fa2a27c427caaa5aa4a01_f.jpg
6877243,https://recipe1.ezmember.co.kr/cache/recipe/2017/09/28/b8976d8e346f82d6a13b0a2767811fd01_f.jpg
6937316,https://recipe1.ezmember.co.kr/cache/recipe/2020/07/23/a0a803adbbf4f548c841cedf2984b1871_f.jpg
6835271,https://recipe1.ezmember.co.kr/cache/recipe/2015/10/01/158b57ed4bea79c1f9878dcc0e2b4f4b1_f.jpg
6880642,https://recipe1.ezmember.co.kr/cache/recipe/2017/12/07/7a30361c435e130bf6935bc3f2815c9d1_f.jpg
6951375,https://recipe1.ezmember.co.kr/cache/recipe/2021/01/18/9d789b7e0c4e2b37891d3b584b814aec1_f.jpg
6903831,https://recipe1.ezmember.co.kr/cache/recipe/2019/01/05/f7477155341da764b252a548e577c7721_f.jpg
6950891,https://recipe1.ezmember.co.kr/cache/recipe/2021/01/21/fc33ffd0e8d87fdf489b2763726fece41_f.jpg
6958203,https://recipe1.ezmember.co.kr/cache/recipe/2021/05/11/f2d19050560f3085debe8c74891bf82e1_f.jpg
6877646,https://recipe1.ezmember.co.kr/cache/recipe/2017/10/10/46432a14ff25224d8d902456afe8b5631_f.jpg
6906862,https://recipe1.ezmember.co.kr/cache/recipe/2019/02/18/b520aa7a8ac57a8bb935578c1f89aad51_f.jpg
6890953,https://recipe1.ezmember.co.kr/cache/recipe/2018/06/15/eeb49c069d553f1e3b817e335e768cc01_f.jpg
6849735,https://recipe1.ezmember.co.kr/cache/recipe/2016/05/21/c5508465f267385f65c9d9ef7df91c931_f.jpg
7039442,https://recipe1.ezmember.co.kr/cache/recipe/2024/11/27/4c0a44ffb5b021cf0010179fc10071411_f.jpg
6977114,https://recipe1.ezmember.co.kr/cache/recipe/2022/04/01/9abf7cb81461e841e7b785d71195d0361_f.jpg
6862110,https://recipe1.ezmember.co.kr/cache/recipe/2016/12/04/5be2b1196e3d02daf11d41d7eb6f37b41_f.jpg
6872717,https://recipe1.ezmember.co.kr/cache/recipe/2017/06/21/36521745426dd0d42f8745fa910a01321_f.jpg
2456719,https://recipe1.ezmember.co.kr/cache/recipe/2015/06/08/d65869d65cc4669d1c410bed3f5a0f93_f.jpg
6845880,https://recipe1.ezmember.co.kr/cache/recipe/2016/04/04/392fcaac5a3f3f8d1fd0759df0e1e1b11_f.jpg
4323590,https://recipe1.ezmember.co.kr/cache/recipe/2015/04/20/dbf2857f3e302c0a7bea0200304b73b11_f.jpg
6841805,https://recipe1.ezmember.co.kr/cache/recipe/2016/01/16/1e6de72e2a44bc75fb7b44b3d8695efb1_f.jpg
6893785,https://recipe1.ezmember.co.kr/cache/recipe/2018/08/08/33b930c7f31e14dbc524bc27726c77e51_f.jpg
6897223,https://recipe1.ezmember.co.kr/cache/recipe/2018/10/05/f544379abcf1c63b1fcabe30aa104a4f1_f.jpg
6937558,https://recipe1.ezmember.co.kr/cache/recipe/2020/07/26/d760fa0f56897d7d19ee9df9e91b66ed1_f.jpg
6908723,https://recipe1.ezmember.co.kr/cache/recipe/2019/03/19/90ad4ef321fae3dc5a5496382cc2794b1_f.jpg
4150152,https://recipe1.ezmember.co.kr/cache/recipe/2015/08/10/20364e7fe4800dcd38c3d335120e13c31_f.jpg
6841679,https://recipe1.ezmember.co.kr/cache/recipe/2016/01/16/b79e79a4642c20653ad278ff19cba82b1_f.jpg
6865837,https://recipe1.ezmember.co.kr/cache/recipe/2017/02/21/a97e6a0607d48c9cc339df229dfd158b1_f.jpg
6905015,https://recipe1.ezmember.co.kr/cache/recipe/2019/01/22/8b8f09c7141ba83d328c19beecf3a7d61_f.jpg
4803720,https://recipe1.ezmember.co.kr/cache/recipe/2015/06/08/1e11cd1098810f4b29cf227557c7206a_f.jpg
6934181,https://recipe1.ezmember.co.kr/cache/recipe/2020/06/11/5786ec6678762ec2b9226f126e58ab701_f.jpg
6955692,https://recipe1.ezmember.co.kr/cache/recipe/2021/03/23/8742d428b8a7ea2d7253cf4b2da96a5f1_f.jpg
6842054,https://recipe1.ezmember.co.kr/cache/recipe/2016/01/25/0ce31fb352eeeab836f765c50fea721d1_f.jpg
6906605,https://recipe1.ezmember.co.kr/cache/recipe/2019/02/14/818f758428d4f6b882390fd24e4e2e421_f.jpg
6829148,https://recipe1.ezmember.co.kr/cache/recipe/2015/06/18/574b99d150b0282a70cc6810118baa5a1_f.jpg
6871917,https://recipe1.ezmember.co.kr/cache/recipe/2017/06/28/57a6a7ad3472ae64867a83e3c2d5c6921_f.jpg
6933371,https://recipe1.ezmember.co.kr/cache/recipe/2020/05/27/3543352918e51630f48cfe7f62603ce11_f.jpg
6956028,https://recipe1.ezmember.co.kr/cache/recipe/2021/03/31/25f95d6f054e62107061c5c16d9d7fe51_f.jpg
6920945,https://recipe1.ezmember.co.kr/cache/recipe/2019/10/20/e8c1f6ef1af404a79fafe71f231660d41_f.jpg
6899563,https://recipe1.ezmember.co.kr/cache/recipe/2018/11/06/838b20841902874cdacdea7f82a096281_f.JPG
6903097,https://recipe1.ezmember.co.kr/cache/recipe/2018/12/29/2f0873153b81f315b70e6d6309d0a56c1_f.jpg
6941582,https://recipe1.ezmember.co.kr/cache/recipe/2020/09/11/86183c164b3a23adca89d492453766011_f.jpg
6866797,https://recipe1.ezmember.co.kr/cache/recipe/2017/03/14/7003c90b1a349a57124cca889a1f4a941_f.jpg
6877585,https://recipe1.ezmember.co.kr/cache/recipe/2017/10/09/46336b3bef815aa2821d0bb4663b06d41_f.jpg
5380346,https://recipe1.ezmember.co.kr/cache/recipe/2015/06/02/4b710a22bedc56cac94efaf14c664f161_f.jpg
6992904,https://recipe1.ezmember.co.kr/cache/recipe/2022/11/29/2af94317ef9ab22c67514fface1cfcec1_f.png
6918656,https://recipe1.ezmember.co.kr/cache/recipe/2019/09/04/aa1ed109a88016b134433cbf60e09aa51_f.jpg
4551326,https://recipe1.ezmember.co.kr/cache/recipe/2015/06/13/cb9b2b1a6480ee9c2eaffd39db8a98d3_f.jpg
7004565,https://recipe1.ezmember.co.kr/cache/recipe/2023/06/22/42f9e2dc3fb6016d493119e5a761dee21_f.jpg
6880874,https://recipe1.ezmember.co.kr/cache/recipe/2017/12/12/d28e147b04d1dd3b1568ac5f93d169b01_f.jpg
5555426,https://recipe1.ezmember.co.kr/cache/recipe/2015/06/07/72a805374d0761b7fa87a5b67e4a5bfa1_f.jpg
4246827,https://recipe1.ezmember.co.kr/cache/recipe/2015/06/22/de50864d6b3c2901c56dd024c70eb71e_f.jpg
6955192,https://recipe1.ezmember.co.kr/cache/recipe/2021/03/15/b7880f7b0f84afe22e1861741bd539cf1_f.jpg
6859698,https://recipe1.ezmember.co.kr/cache/recipe/2016/11/02/a506cdfe2d6adb35fa8dbca534b825d71_f.jpg
6975847,https://recipe1.ezmember.co.kr/cache/recipe/2022/03/10/1b416bb1363d28a4197940d09f00829c1_f.jpg
6908687,https://recipe1.ezmember.co.kr/cache/recipe/2019/03/18/ccbb8643a6ec2adc7511bbb99a518bd21_f.jpg
6854800,https://recipe1.ezmember.co.kr/cache/recipe/2018/07/18/7403d0bb403b13cd2940aaa9d1a974aa1_f.jpg
6926186,https://recipe1.ezmember.co.kr/cache/recipe/2020/02/07/76115892405272e74425afba11a947c21_f.jpg
6858916,https://recipe1.ezmember.co.kr/cache/recipe/2016/10/24/d692c1abfae14cafe53575378fcd28001_f.jpg
6984322,https://recipe1.ezmember.co.kr/cache/recipe/2022/07/27/19995fe9b96033c41eef69a1149749d51_f.jpg
6900540,https://recipe1.ezmember.co.kr/cache/recipe/2018/11/21/6dc4721c86589ad1b83b9603947f908a1_f.png
6830683,https://recipe1.ezmember.co.kr/cache/recipe/2015/07/26/b5f888fb17e011dd6539a894e49855ae1_f.jpg
6778614,https://recipe1.ezmember.co.kr/cache/recipe/2015/05/18/11d72b0a0935a446596d281ad924606f1_f.jpg
6518208,https://recipe1.ezmember.co.kr/cache/recipe/2015/03/31/6324b46f1e82504aaa090692f85ebfc61_f.jpg
6951709,https://recipe1.ezmember.co.kr/cache/recipe/2021/01/21/ce36b95eda7dad412037af2d2104786d1_f.jpg
7001598,https://recipe1.ezmember.co.kr/cache/recipe/2023/05/03/4e2e241791bf75fe092d71d8afa2aecc1_f.jpg
6879972,https://recipe1.ezmember.co.kr/cache/recipe/2017/11/22/ea87a2e75f482758cd799de84054fa4e1_f.jpg
6831552,https://recipe1.ezmember.co.kr/cache/recipe/2015/08/10/e92ba0d39fbcceae2d9593b19bd8bd741_f.jpg
6531923,https://recipe1.ezmember.co.kr/cache/recipe/2015/05/22/1aa12240f92c7a1a4c0f039632f8b8dd1_f.jpg
2691221,https://recipe1.ezmember.co.kr/cache/recipe/2015/08/04/84ef1256777732b045013b71c21f3347_f.jpg
6933186,https://recipe1.ezmember.co.kr/cache/recipe/2020/05/23/d41a84b165bd5ded9b4cd4a6f108952d1_f.jpg
6931031,https://recipe1.ezmember.co.kr/cache/recipe/2020/04/19/d2449b2d84af49537d6d5af15fef5cdc1_f.jpg
6894294,https://recipe1.ezmember.co.kr/cache/recipe/2018/08/16/a2615a0e0a5ec85e8c5719f49aec7f991_f.jpg
7021474,https://recipe1.ezmember.co.kr/cache/recipe/2024/03/06/b58fe6a89ee01a1e9789f35796f545691_f.jpg
6943555,https://recipe1.ezmember.co.kr/cache/recipe/2020/10/07/ae2bbb49b06f0ece00e46c6e337c17861_f.jpg
6664931,https://recipe1.ezmember.co.kr/cache/recipe/2015/05/13/f79b4b76548a0e0cd86861d71c6d7f0c1_f.jpg
6891652,https://recipe1.ezmember.co.kr/cache/recipe/2018/06/28/aafe715cb61dcd794662060f4cc618391_f.jpg
6833566,https://recipe1.ezmember.co.kr/cache/recipe/2015/09/04/a97449d6fdaea0c09302ffd22dc5be981_f.jpg
6943557,https://recipe1.ezmember.co.kr/cache/recipe/2020/10/07/9485ce6513a4f625f837fecb8a8295ea1_f.jpg
6953908,https://recipe1.ezmember.co.kr/cache/recipe/2021/02/21/fe85479a6816f9313ebb952c05d559b81_f.jpg
6830660,https://recipe1.ezmember.co.kr/cache/recipe/2015/07/25/ef0ff5ffed70345cd83dab430c0a5ac11_f.jpg
6863383,https://recipe1.ezmember.co.kr/cache/recipe/2017/01/02/ed58c10e98b320f1096781d5b0e211291_f.jpg
7009377,https://recipe1.ezmember.co.kr/cache/recipe/2023/09/06/8fa9ff0b31287f3d84b7fcc7206a8e1c1_f.jpg
7053166,https://recipe1.ezmember.co.kr/cache/recipe/2025/05/20/0eea3b970132db310cfbf69a4f1ffcbf1_f.jpg
6895138,https://recipe1.ezmember.co.kr/cache/recipe/2018/09/02/c579f9af596abf00160293fddc3dbbe51_f.jpg
6886610,https://recipe1.ezmember.co.kr/cache/recipe/2018/04/01/35711ca3c4eeb67a9f3efe3062d7d4921_f.jpg
5397566,https://recipe1.ezmember.co.kr/cache/recipe/2015/04/02/bc64fc9f5b50a2195ba07f4dd4d803711_f.jpg
5533553,https://recipe1.ezmember.co.kr/cache/recipe/2015/04/09/33722483aa2595b96aa3cfd38fcbcaed1_f.jpg
6951768,https://recipe1.ezmember.co.kr/cache/recipe/2021/01/22/27cd743e8a5b07b6d4313c5481dede0c1_f.png
6887957,https://recipe1.ezmember.co.kr/cache/recipe/2018/04/27/17b558677aafc42103f6f484c13a64d51_f.jpg
6872691,https://recipe1.ezmember.co.kr/cache/recipe/2017/07/13/55420ca48146c350a602e549d7c97c0c1_f.jpg
6923293,https://recipe1.ezmember.co.kr/cache/recipe/2019/12/10/9f9016a83b807d95260e562bc03562ad1_f.jpg
6902879,https://recipe1.ezmember.co.kr/cache/recipe/2018/12/26/f144ced00597f06928bc578e79a100ba1_f.jpg
5039126,https://recipe1.ezmember.co.kr/cache/recipe/2015/04/10/d6c2fb3651b570813d429b6a67e142e31_f.jpg
6941622,https://recipe1.ezmember.co.kr/cache/recipe/2020/09/12/ac00e11c6b48cf9720241199c90c29631_f.jpg
6868682,https://recipe1.ezmember.co.kr/cache/recipe/2017/04/19/696f469444e3459a3207d0e2e1c1e5e21_f.jpg
7012378,https://recipe1.ezmember.co.kr/cache/recipe/2023/10/23/3d67b151cf874435b127f301038c1ccf1_f.jpg
6924336,https://recipe1.ezmember.co.kr/cache/recipe/2020/01/01/cb5f7a93c0ea5aa3a87dd3c18641883d1_f.jpg
6844136,https://recipe1.ezmember.co.kr/cache/recipe/2016/03/06/a7f5c4c0d2d1a9560c011fed287396131_f.jpg
6900457,https://recipe1.ezmember.co.kr/cache/recipe/2018/11/20/6bceccbcf68c8ec8a5392193db4254641_f.jpg
6875521,https://recipe1.ezmember.co.kr/cache/recipe/2017/08/29/bdaf675c40283704ad2a1b273f3fc1b01_f.jpg
6949333,https://recipe1.ezmember.co.kr/cache/recipe/2020/12/26/5cc27be738e41bb0e10fb73330865bcd1_f.jpg
6935782,https://recipe1.ezmember.co.kr/cache/recipe/2020/07/05/ded2ea3795cb13a3eab5683195933c211_f.jpg
6899243,https://recipe1.ezmember.co.kr/cache/recipe/2018/11/02/5550d3faf1ea0ac6e5cc22b835069c4a1_f.jpg
7005152,https://recipe1.ezmember.co.kr/cache/recipe/2023/07/02/997e7fc97f9217babd0ffe307b4d46c31_f.jpg
6873451,https://recipe1.ezmember.co.kr/cache/recipe/2017/07/25/2a23cab1231177e3a309e53547c5d43b1_f.jpg
6972185,https://recipe1.ezmember.co.kr/cache/recipe/2022/01/06/22cd3a42217ef48e733b2eb1a97843521_f.jpg
7071621,https://recipe1.ezmember.co.kr/cache/recipe/2026/02/14/c1fffa241d9d4e41ca4b33c78a3d6dc11_f.jpg
6832873,https://recipe1.ezmember.co.kr/cache/recipe/2015/08/26/6f8d6882d9def128d25500ba72118ebc1_f.jpg
6884600,https://recipe1.ezmember.co.kr/cache/recipe/2018/02/27/615a27ef59cede5d3f5b6a5c51778f471_f.png
6909602,https://recipe1.ezmember.co.kr/cache/recipe/2019/04/01/fc191ea71d063090d86890762691e2031_f.jpg
6935448,https://recipe1.ezmember.co.kr/cache/recipe/2020/07/01/61d0096ab24ec2eaa1fb86b821d1dde61_f.jpg
6883386,https://recipe1.ezmember.co.kr/cache/recipe/2018/02/04/51a993d580041f898cacaa1e247fd9831_f.png
6903049,https://recipe1.ezmember.co.kr/cache/recipe/2018/12/27/708f52235fbff1388ab590d8beaf7afd1_f.jpg
6914991,https://recipe1.ezmember.co.kr/cache/recipe/2019/07/01/07a59e2b2232fdb4c49e669f9dcbc2af1_f.jpg
6867346,https://recipe1.ezmember.co.kr/cache/recipe/2017/03/24/51c64546d3142107ce93697a1b0ec4ed1_f.jpg
4268639,https://recipe1.ezmember.co.kr/cache/recipe/2015/05/28/864477316edb4e40ef805a3fa78f07921_f.jpg
6890483,https://recipe1.ezmember.co.kr/cache/recipe/2018/06/07/31eb152cd70bec628b70d20211e477661_f.jpg
6947345,https://recipe1.ezmember.co.kr/cache/recipe/2020/12/01/1aeec59ac965453b136e81f79255123b1_f.jpg
7006510,https://recipe1.ezmember.co.kr/cache/recipe/2023/07/20/3ca57d2305e05e47365935dfcd2d55df1_f.jpg
6961902,https://recipe1.ezmember.co.kr/cache/recipe/2021/07/16/ea6fe59e4ca93d656fb09969092528b81_f.jpg
6875076,https://recipe1.ezmember.co.kr/cache/recipe/2017/08/21/6b5f4a4631cf415f33e8b019410013031_f.jpg
6893343,https://recipe1.ezmember.co.kr/cache/recipe/2018/07/30/ed0e2749acae032135f12935e53358d01_f.png
6888099,https://recipe1.ezmember.co.kr/cache/recipe/2018/04/30/cead66ac3932dfa4db3e04dbf58be47b1_f.jpg
6942032,https://recipe1.ezmember.co.kr/cache/recipe/2020/09/16/e8142ded2ffec3b0996c07f29a7043641_f.jpg
6879050,https://recipe1.ezmember.co.kr/cache/recipe/2017/11/04/66fdacb7533c367a4171c2ffb7de9fba1_f.jpg
6965958,https://recipe1.ezmember.co.kr/cache/recipe/2021/09/29/aae9d3d5654b6ed2ae139b6096a574cb1_f.jpg
7043971,https://recipe1.ezmember.co.kr/cache/recipe/2025/02/03/cd86726215b3f18baa14cad365470bd71_f.jpg
6852621,https://recipe1.ezmember.co.kr/cache/recipe/2016/07/12/5c06aa3b604f89b5ce31ff1bb2753fd51_f.jpg
6883285,https://recipe1.ezmember.co.kr/cache/recipe/2018/02/02/358edd2ff87501b345b274d4f9f8a3541_f.jpg
6859768,https://recipe1.ezmember.co.kr/cache/recipe/2016/11/03/e5a1e889b57933b0117937b2888fb6e21_f.jpg
6964506,https://recipe1.ezmember.co.kr/cache/recipe/2021/09/03/33591c187e7d361aca63ce7113850f741_f.jpg
6903068,https://recipe1.ezmember.co.kr/cache/recipe/2018/12/28/b1780193ab4217ec2ae385024f29f8ba1_f.jpg
6900083,https://recipe1.ezmember.co.kr/cache/recipe/2018/11/13/ffe1f376d7e6434ae03aa641e64e731f1_f.jpg
7045378,https://recipe1.ezmember.co.kr/cache/recipe/2025/02/19/1456a199ce37af9f224e01a52a22ee7e1_f.jpg
6847727,https://recipe1.ezmember.co.kr/cache/recipe/2016/05/07/78b88cc9fcbc3f66ec2b51163d778c701_f.jpg
6976214,https://recipe1.ezmember.co.kr/cache/recipe/2022/03/17/476a4899e28e7fbcc07922840fdee1041_f.jpg
6829820,https://recipe1.ezmember.co.kr/cache/recipe/2015/07/06/055b9c337fc7c44e88fdf5d775940c391_f.jpg
7040065,https://recipe1.ezmember.co.kr/cache/recipe/2024/12/06/5086fa6b0e293e9487f95180400f0bf51_f.jpg
6853318,https://recipe1.ezmember.co.kr/cache/recipe/2016/07/24/3eae7e7d3ce60e71cdcba66ed5aacf991_f.jpg
6991509,https://recipe1.ezmember.co.kr/cache/recipe/2022/11/10/28e378d6be203614fb43fac743afcbe31_f.jpg
6928310,https://recipe1.ezmember.co.kr/cache/recipe/2020/03/11/771b3dde6ce7d7dc36c0630b3dd6370f1_f.jpg
6947903,https://recipe1.ezmember.co.kr/cache/recipe/2020/12/08/889586e311a48287d649b974f827daf11_f.jpg
6899846,https://recipe1.ezmember.co.kr/cache/recipe/2018/11/09/92b5fa1560f8096e6421db1b7ebe95801_f.jpg
7049067,https://recipe1.ezmember.co.kr/cache/recipe/2025/04/01/11f1f9c311452e6e90a05a5ddd42f5e31_f.png
6887199,https://recipe1.ezmember.co.kr/cache/recipe/2018/04/13/ae82314828cfac2eb2b9c2603e1a3b3b1_f.jpg
6895914,https://recipe1.ezmember.co.kr/cache/recipe/2018/09/15/63d280bca942f0a18974d8398872252b1_f.jpg
7070266,https://recipe1.ezmember.co.kr/cache/recipe/2026/01/21/e2275bb4c08ba7253aca7548a66c4a5d1_f.jpg
6998436,https://recipe1.ezmember.co.kr/cache/recipe/2023/03/08/ac7282e5b1c009d113d0b5e5bf3854ac1_f.jpg
6837174,https://recipe1.ezmember.co.kr/cache/recipe/2015/11/09/d53565fc46d75a4f2dec9c14ebd3b5ba1_f.jpg
6948866,https://recipe1.ezmember.co.kr/cache/recipe/2020/12/21/e656fd6c4a6cc57b67f86b8dd59ab2bc1_f.jpg
6936688,https://recipe1.ezmember.co.kr/cache/recipe/2020/07/15/a2ca02812445cbb54b6843b953eee0fd1_f.jpg
6917500,https://recipe1.ezmember.co.kr/cache/recipe/2019/08/15/a7e18de5f3a0bde74312aa2d301beed71_f.jpg
6835174,https://recipe1.ezmember.co.kr/cache/recipe/2015/09/26/a0b11aa4e299a72a8c5abb2ad65405111_f.jpg
6916576,https://recipe1.ezmember.co.kr/cache/recipe/2019/07/27/0f86785d4ed1338bf79731139fc7380b1_f.jpg
6837835,https://recipe1.ezmember.co.kr/cache/recipe/2015/11/09/2a9566242419398730709caf35bf6ba51_f.jpg
6896113,https://recipe1.ezmember.co.kr/cache/recipe/2018/09/19/cb4deec636194ee6f31634be7d3b27d81_f.jpg
6976720,https://recipe1.ezmember.co.kr/cache/recipe/2022/03/24/97dddc3d6fbfd14b946b48dbfc1de4f91_f.jpg
6966853,https://recipe1.ezmember.co.kr/cache/recipe/2021/10/12/42bbf844e9e3fb1e34f1fc5823c99c981_f.jpg
6953214,https://recipe1.ezmember.co.kr/cache/recipe/2021/02/10/6bb969723fef62fcdd620fc6264c7bb81_f.jpg
6842801,https://recipe1.ezmember.co.kr/cache/recipe/2016/02/10/900888c488de28c95d6d97fcb34424731_f.jpg
6968728,https://recipe1.ezmember.co.kr/cache/recipe/2021/11/11/1af58c8c612ea0471645a800558d4c191_f.jpg
6961882,https://recipe1.ezmember.co.kr/cache/recipe/2021/07/17/d82d434d110264a925e70812fa632b4d1_f.jpg
6897294,https://recipe1.ezmember.co.kr/cache/recipe/2018/10/07/7422702a366feeae80f9e5502a66c5c51_f.jpg
6903096,https://recipe1.ezmember.co.kr/cache/recipe/2018/12/29/acbf98a6d910ba4df7d435c3dd310c951_f.jpg
6967290,https://recipe1.ezmember.co.kr/cache/recipe/2021/10/20/174649eaad35abcfd212bafde2fd14131_f.jpg
6927491,https://recipe1.ezmember.co.kr/cache/recipe/2020/03/01/2863ee8d2347767e4a698e8588419eb51_f.jpg
6866842,https://recipe1.ezmember.co.kr/cache/recipe/2017/03/14/09189f52d17f642ef7abbe0653e332db1_f.jpg
6920387,https://recipe1.ezmember.co.kr/cache/recipe/2019/09/23/996664093d6f264657970309aaa4a2ab1_f.jpg
6830546,https://recipe1.ezmember.co.kr/cache/recipe/2015/07/23/2662dd4b34629c9ea723190d1da8439c1_f.jpg
2811959,https://recipe1.ezmember.co.kr/cache/recipe/2015/04/13/bf67be5dff81018949026b59f0a320c3_f.jpg
6935042,https://recipe1.ezmember.co.kr/cache/recipe/2020/06/26/93b7d09a4cda6f372a908da76c73e3cd1_f.jpg
5169370,https://recipe1.ezmember.co.kr/cache/recipe/2015/06/02/1ee4809907560e7c2c4b6d616a5be3781_f.jpg
6880483,https://recipe1.ezmember.co.kr/cache/recipe/2017/12/04/2a7d5da17d5c8ea352b29c8d6e6820c31_f.jpg
5091901,https://recipe1.ezmember.co.kr/cache/recipe/2015/06/15/f1d0ec1cffb326b620c7565c350185e2_f.jpg
6903110,https://recipe1.ezmember.co.kr/cache/recipe/2018/12/29/c66e0346fb6fb086abbb6e1caa29d4cb1_f.jpg
6727692,https://recipe1.ezmember.co.kr/cache/recipe/2015/04/24/6cac4d1e21087f8753c979dbcbb8e4ec1_f.jpg
6908265,https://recipe1.ezmember.co.kr/cache/recipe/2019/03/12/accca9a786cfd1e3d74db9dffbd1e66d1_f.jpg
4803714,https://recipe1.ezmember.co.kr/cache/recipe/2015/06/08/aab33f44fafd00cdf36a728dbc057e08_f.jpg
6832665,https://recipe1.ezmember.co.kr/cache/recipe/2015/08/24/cabb1e24e939caa402937854236cfb2d1_f.jpg
6912594,https://recipe1.ezmember.co.kr/cache/recipe/2019/05/22/836f3b277df2b07e29442c026339f7801_f.jpg
6843838,https://recipe1.ezmember.co.kr/cache/recipe/2016/02/29/725631a7b9fbf15a3291850f66a479261_f.jpg
6864148,https://recipe1.ezmember.co.kr/cache/recipe/2017/01/19/cfcd6bee0d823584d4fcfcf14da1f8a01_f.jpg
6982816,https://recipe1.ezmember.co.kr/cache/recipe/2022/07/05/a9cffb7bebe1e20d1f3bc17b01710c151_f.jpg
6904991,https://recipe1.ezmember.co.kr/cache/recipe/2019/01/22/3062951c416c67db8bd0e705d78d27b01_f.jpg
7007513,https://recipe1.ezmember.co.kr/cache/recipe/2023/08/06/a71c829109369ea4562fce6ab9e8392f1_f.jpg
6931736,https://recipe1.ezmember.co.kr/cache/recipe/2020/04/28/9d34c6cc817d759aef4774f226298f9c1_f.jpg
6927610,https://recipe1.ezmember.co.kr/cache/recipe/2020/03/03/9cd2359e2c226acb373afc7ff31e61a51_f.jpg
6948467,https://recipe1.ezmember.co.kr/cache/recipe/2020/12/15/7269aa15eaf92fabc4479e2a423d23f51_f.jpg
7033507,https://recipe1.ezmember.co.kr/cache/recipe/2024/08/30/26942eae25965967b717c6db5e88c6a41_f.jpg
6986664,https://recipe1.ezmember.co.kr/cache/recipe/2022/08/29/720b03bc585f04ceef88dfe5c50986bc1_f.jpg
6865784,https://recipe1.ezmember.co.kr/cache/recipe/2017/02/23/f2256c7e748a4c35c2f3d4f7f55a1bec1_f.jpg
6895005,https://recipe1.ezmember.co.kr/cache/recipe/2018/08/30/c20fd75fba2c7a39f745172971e445411_f.jpg
6887121,https://recipe1.ezmember.co.kr/cache/recipe/2018/04/09/fa2691d262fc3e3cdff2d5ce3b998cb41_f.jpg
5562999,https://recipe1.ezmember.co.kr/cache/recipe/2015/06/08/ec2a3fba845dd666a0d06eb78f450838_f.jpg
6837467,https://recipe1.ezmember.co.kr/cache/recipe/2015/11/04/9b93162c790448e86c74b32f240daa2d1_f.jpg
7054910,https://recipe1.ezmember.co.kr/cache/recipe/2025/06/10/f3994275ab088cdbd6ea8e273b1b32c21_f.jpg
6833919,https://recipe1.ezmember.co.kr/cache/recipe/2015/09/10/419ff49a780c891a47f8b948c9c0fce21_f.jpg
6903263,https://recipe1.ezmember.co.kr/cache/recipe/2018/12/26/eca82690c5b1ccd496483fd6f74475851_f.jpg
6878114,https://recipe1.ezmember.co.kr/cache/recipe/2017/10/18/0b85dd926283b2b0682622e0d4a033461_f.jpg
6844414,https://recipe1.ezmember.co.kr/cache/recipe/2016/03/10/50ed3b655b5fe94be3501fa2e9f5cda61_f.jpg
6839679,https://recipe1.ezmember.co.kr/cache/recipe/2015/12/11/eca0df5de8f1c33ba07323b9360869591_f.jpg
6950451,https://recipe1.ezmember.co.kr/cache/recipe/2021/01/09/38d2e8f27f95650dc5b055f231d3afc91_f.jpg
6916985,https://recipe1.ezmember.co.kr/cache/recipe/2019/08/05/5a5ccfd9a46b590a90552663adfb5dd41_f.jpg
6937050,https://recipe1.ezmember.co.kr/cache/recipe/2020/07/19/765ab61320d3c2bfa082d2099296ddce1_f.jpg
6601226,https://recipe1.ezmember.co.kr/cache/recipe/2015/03/31/c4148ec89a9c2a68a45fd6b4b70430db1_f.jpg
6917477,https://recipe1.ezmember.co.kr/cache/recipe/2019/08/14/623fb9da9fe8b9f4b2b76a1237cfc4241_f.jpg
6956540,https://recipe1.ezmember.co.kr/cache/recipe/2021/04/09/2520c357f52d91fddda6e93d26920bd31_f.jpg
6892297,https://recipe1.ezmember.co.kr/cache/recipe/2018/07/10/68e9d6c0e4f3f02788b5abf69f7ff5391_f.jpg
6922226,https://recipe1.ezmember.co.kr/cache/recipe/2019/11/13/26c731e49082fcf7b2e022a1500586de1_f.jpg
6850253,https://recipe1.ezmember.co.kr/cache/recipe/2016/05/31/cd74c83b50ea62e88112d21e4307e12d1_f.jpg
6944167,https://recipe1.ezmember.co.kr/cache/recipe/2020/10/14/5734cac64abd4014822955ba5960905d1_f.jpg
6870712,https://recipe1.ezmember.co.kr/cache/recipe/2017/06/02/41ac41d8a601852ddd6ffd52a4ede3e31_f.jpg
6967317,https://recipe1.ezmember.co.kr/cache/recipe/2021/10/21/6b6464ce916fdd5accbb6d6348130db51_f.jpg
6834542,https://recipe1.ezmember.co.kr/cache/recipe/2015/09/15/f65b10910765bb7d4b88421d45b7585d1_f.jpg
6848125,https://recipe1.ezmember.co.kr/cache/recipe/2016/05/14/a00204659a2922d9816706bcdf67f87b1_f.jpg
6907516,https://recipe1.ezmember.co.kr/cache/recipe/2019/03/01/57eeeeaa5fc970c0f41691ea4beb72111_f.jpg
6868938,https://recipe1.ezmember.co.kr/cache/recipe/2017/04/25/b98b5122b548e6a7926e2007bbcdc55c1_f.jpg
6814491,https://recipe1.ezmember.co.kr/cache/recipe/2015/06/04/7528a7cba227ecfcd3bff3ca44e6283a1_f.jpg
6908665,https://recipe1.ezmember.co.kr/cache/recipe/2019/03/18/58b52851001ca80123118793e6d5915a1_f.jpg
6954571,https://recipe1.ezmember.co.kr/cache/recipe/2021/03/04/53656af261c35ad8195529651611da981_f.jpg
4471820,https://recipe1.ezmember.co.kr/cache/recipe/2015/08/07/c57055331ef06cf3ab57d9e007d88f2d1_f.jpg
6862817,https://recipe1.ezmember.co.kr/cache/recipe/2016/12/16/57bce6242a73ce615ecfdfba7d97a6061_f.jpg
6964514,https://recipe1.ezmember.co.kr/cache/recipe/2021/09/04/328ef90587cad99a897bff3c476a76471_f.jpg
7039850,https://recipe1.ezmember.co.kr/cache/recipe/2024/12/04/baa14c16fdfce6c32491b8bae7cfd2111_f.jpg
6909874,https://recipe1.ezmember.co.kr/cache/recipe/2019/04/05/2ebc0c9d61456a05677ef7a32c69120e1_f.jpg
6858214,https://recipe1.ezmember.co.kr/cache/recipe/2016/10/10/bfed57656b8bb668c9ff67f59046dc771_f.jpg
6996369,https://recipe1.ezmember.co.kr/cache/recipe/2023/02/03/a12ba6ed0423e2c232822453d21e81321_f.jpg
6841662,https://recipe1.ezmember.co.kr/cache/recipe/2016/01/16/7c5c2c38fc94a6ea84d2a5eaa92183121_f.jpg
2877505,https://recipe1.ezmember.co.kr/cache/recipe/2015/04/10/30a06fb163f57fb530390de47e28a0921_f.jpg
6956023,https://recipe1.ezmember.co.kr/cache/recipe/2021/03/31/9960130f575d1091d170f03beac335561_f.jpg
6870747,https://recipe1.ezmember.co.kr/cache/recipe/2017/06/04/60939a3877dc33df6ebf3cc02d9638061_f.jpg
6323924,https://recipe1.ezmember.co.kr/cache/recipe/2015/08/07/6b16dc0101b6fa6bcc2edd96fe849bde1_f.jpg
6946207,https://recipe1.ezmember.co.kr/cache/recipe/2020/11/12/bdd8343b7f57955d6c9954b48c4d8ecd1_f.jpg
6969648,https://recipe1.ezmember.co.kr/cache/recipe/2021/11/25/24fa6b9cc937e7f05301d1081197feb11_f.jpg
6835184,https://recipe1.ezmember.co.kr/cache/recipe/2015/09/27/a172abdbc6fa4637e6e2f908f70094e31_f.jpg
6832119,https://recipe1.ezmember.co.kr/cache/recipe/2015/08/17/4de7bff240e1d9f8a4529937461ab7dc1_f.jpg
6893530,https://recipe1.ezmember.co.kr/cache/recipe/2018/08/03/ce185e737d4cb462b62cdd14ebb548ce1_f.jpg
6836875,https://recipe1.ezmember.co.kr/cache/recipe/2015/10/19/f8f1a151e60b4101960ef4d9af5dd1871_f.jpg
6910197,https://recipe1.ezmember.co.kr/cache/recipe/2019/04/10/d843879491924f68abe631b03c297a4c1_f.jpg
6887119,https://recipe1.ezmember.co.kr/cache/recipe/2018/04/11/051d424794022325605822c984d636361_f.jpg
6893282,https://recipe1.ezmember.co.kr/cache/recipe/2018/07/29/8a0c54c91e08d3c88e12676d10b6d6861_f.jpg
6907128,https://recipe1.ezmember.co.kr/cache/recipe/2019/02/22/07429d8637e3fa75284e7e0e1510012c1_f.jpg
6879741,https://recipe1.ezmember.co.kr/cache/recipe/2017/11/17/42243edc9ca26e9880b75063fa9fb8e31_f.jpg
6992590,https://recipe1.ezmember.co.kr/cache/recipe/2022/11/24/c01b2c9966d7b7cd53d0a2e46cb357801_f.jpg
6883917,https://recipe1.ezmember.co.kr/cache/recipe/2018/01/28/ff5f3f0651646613601d809f696bb3b31_f.jpg
6960509,https://recipe1.ezmember.co.kr/cache/recipe/2021/06/22/83eed84ca4b2b254073a219e5c03c7d11_f.jpg
6859023,https://recipe1.ezmember.co.kr/cache/recipe/2016/10/24/3142f15c7f52d2194a9061c71081f74a1_f.jpg
6970324,https://recipe1.ezmember.co.kr/cache/recipe/2021/12/06/950d34875dff1e42645e57b74733b9891_f.jpg
6876810,https://recipe1.ezmember.co.kr/cache/recipe/2017/09/20/4afd692b783380e15417f2d82b1774bf1_f.jpg
6879397,https://recipe1.ezmember.co.kr/cache/recipe/2017/11/10/14f24c04d7424eaa45ef08168ba4839e1_f.jpg
1830585,https://recipe1.ezmember.co.kr/cache/recipe/2015/06/08/32c7640725ed5526e5d8e592393acaa4_f.jpg
6829129,https://recipe1.ezmember.co.kr/cache/recipe/2015/06/18/ec33defc2f1a4f27329d51f9f47a24e51_f.jpg
6883021,https://recipe1.ezmember.co.kr/cache/recipe/2018/01/29/4a857d50dbad66babb8c9dfde3a88bbf1_f.jpg
6957073,https://recipe1.ezmember.co.kr/cache/recipe/2021/04/19/28c17c17ebb1d95b6750c4ede56f4a071_f.jpg
6980007,https://recipe1.ezmember.co.kr/cache/recipe/2022/05/25/e9b063997dece06b543f09d228f0ba861_f.jpg
6859912,https://recipe1.ezmember.co.kr/cache/recipe/2016/11/05/9637a2537ebaf7e6f261fa94d348f0a51_f.jpg
6866401,https://recipe1.ezmember.co.kr/cache/recipe/2017/03/07/451e164371d63e7433048ccd897fd3d51_f.jpg
6943124,https://recipe1.ezmember.co.kr/cache/recipe/2020/09/29/6c14662781ff551aa476d85e2876f1ec1_f.jpg
6773288,https://recipe1.ezmember.co.kr/cache/recipe/2015/05/16/61ffbfb5baac2513b03a43193e0d6b941_f.jpg
6927266,https://recipe1.ezmember.co.kr/cache/recipe/2020/02/25/dee252700245e639fe34372bca07a9b51_f.jpg
6832709,https://recipe1.ezmember.co.kr/cache/recipe/2015/08/24/e12115143d99094db10d0c518c2533101_f.jpg
6964015,https://recipe1.ezmember.co.kr/cache/recipe/2021/08/26/47f1135d749e7d8cb05284e200bcfdbe1_f.jpg
6887285,https://recipe1.ezmember.co.kr/cache/recipe/2018/04/14/b723b5fc3be82820092c61fc21345df81_f.jpg
6862016,https://recipe1.ezmember.co.kr/cache/recipe/2016/12/01/b9d7f6332eabc96343c9b1fa7d5182db1_f.jpg
6926955,https://recipe1.ezmember.co.kr/cache/recipe/2020/02/20/768836ea1a9e112aadd8d44b34479d491_f.jpg
6929944,https://recipe1.ezmember.co.kr/cache/recipe/2020/04/05/2516f99f2ce5ed30975b4ea8664eef201_f.jpg
6940349,https://recipe1.ezmember.co.kr/cache/recipe/2020/08/28/a8828927f63c38c2876c3e686f738fe71_f.jpg
6918010,https://recipe1.ezmember.co.kr/cache/recipe/2019/08/22/5210526e2c56f463193089d97685a5b11_f.jpg
6912280,https://recipe1.ezmember.co.kr/cache/recipe/2019/05/16/5fc2e9faa6c4d301a5dcfb5e9d86ac311_f.jpg
6842053,https://recipe1.ezmember.co.kr/cache/recipe/2016/01/25/614aac295ff135283c981a236cfc4e331_f.jpg
6858287,https://recipe1.ezmember.co.kr/cache/recipe/2016/10/12/fcb52433d56ed5bafe1dbb1c0978ed341_f.jpg
3578394,https://recipe1.ezmember.co.kr/cache/recipe/2015/04/22/213a19c614380ffb94f5d58b1bda5c631_f.jpg
6895995,https://recipe1.ezmember.co.kr/cache/recipe/2018/09/17/c0d5c62afe960c8dce3636aaf675895d1_f.jpg
6930801,https://recipe1.ezmember.co.kr/cache/recipe/2020/04/15/1b1c2ea00d0176507af4e671162fddce1_f.jpg
6889363,https://recipe1.ezmember.co.kr/cache/recipe/2018/05/23/828d178ced74e71e065e9ad273a95b5e1_f.jpg
6836342,https://recipe1.ezmember.co.kr/cache/recipe/2015/10/17/2eece058f4c291c8cef4ebff7381499d1_f.jpg
6862663,https://recipe1.ezmember.co.kr/cache/recipe/2016/09/01/42ab97c2c3dfffff3750731c9a8797b21_f.jpg
6856691,https://recipe1.ezmember.co.kr/cache/recipe/2016/09/08/ee6ad1026ce43ce6d9b6997b6e46323e1_f.jpg
6967026,https://recipe1.ezmember.co.kr/cache/recipe/2021/10/16/b7eba6bfa92a1ae30de5e3e11e1d6a1e1_f.jpg
6843662,https://recipe1.ezmember.co.kr/cache/recipe/2016/02/25/fc150350e3da2ec4811e1243171460c61_f.jpg
6892212,https://recipe1.ezmember.co.kr/cache/recipe/2018/07/09/23a4031d8ece17b98e8797ab460a5ef11_f.jpg
5920663,https://recipe1.ezmember.co.kr/cache/recipe/2015/03/27/7a146d9e25b048047fd0cb2fc2a36e5b1_f.jpg
6909782,https://recipe1.ezmember.co.kr/cache/recipe/2019/04/03/2936e20599986b5b4dcfe597ffdb77791_f.jpg
6847707,https://recipe1.ezmember.co.kr/cache/recipe/2016/05/07/71a9d1e384960f02b8d45d3b3e91a2aa1_f.jpg
6895317,https://recipe1.ezmember.co.kr/cache/recipe/2018/09/05/606226d1117ac08d9fb9ca190a499d0a1_f.jpg
6951372,https://recipe1.ezmember.co.kr/cache/recipe/2021/01/18/df3da9be29c41f81a07429b8db7978c11_f.jpg
6921368,https://recipe1.ezmember.co.kr/cache/recipe/2019/10/29/ba6214ed346957e1c6e92a5b3a1655cc1_f.jpg
6879496,https://recipe1.ezmember.co.kr/cache/recipe/2017/11/13/b1451e388d824d89d911550c1a30c7211_f.jpg
6916694,https://recipe1.ezmember.co.kr/cache/recipe/2019/07/31/afc1c5f7079963fc11cd967e571f3d7e1_f.jpg
6888960,https://recipe1.ezmember.co.kr/cache/recipe/2018/05/16/a40ea90af20501737fdb1804e5e580251_f.jpg
5680420,https://recipe1.ezmember.co.kr/cache/recipe/2015/06/01/9e1e61161a1b270106405d34d9e85ce91_f.jpg
6960261,https://recipe1.ezmember.co.kr/cache/recipe/2021/06/15/f663a3144c2a8741f006db8607454e251_f.jpg
6866795,https://recipe1.ezmember.co.kr/cache/recipe/2017/03/14/904929c78965d7f5be11d537dcb0940e1_f.jpg
6870129,https://recipe1.ezmember.co.kr/cache/recipe/2017/05/22/f29d4905127de248d0d1dd7b87c3bce51_f.jpg
6852763,https://recipe1.ezmember.co.kr/cache/recipe/2016/07/14/da521c54e85e2f071c6ffb777aeb89df1_f.jpg
6977185,https://recipe1.ezmember.co.kr/cache/recipe/2022/04/01/d1fcb1345a0fcae5d62db1dd7d852f4e1_f.jpg
6852277,https://recipe1.ezmember.co.kr/cache/recipe/2016/07/06/b1f9f1c50733e3c4a631decbf419c1801_f.jpg
1869745,https://recipe1.ezmember.co.kr/cache/recipe/2015/06/08/272158192a3398434672fd27de849b0d_f.jpg
6906526,https://recipe1.ezmember.co.kr/cache/recipe/2019/02/13/c232d854990692e4e6a6632b8058bb2f1_f.jpg
6926601,https://recipe1.ezmember.co.kr/cache/recipe/2020/02/14/65f9429fae105048fd49def0dcde58041_f.jpg
6951032,https://recipe1.ezmember.co.kr/cache/recipe/2021/01/15/aac5f781988d3c7b7980bb8231fd11d31_f.jpg
6994458,https://recipe1.ezmember.co.kr/cache/recipe/2022/12/28/8a04d4e58a7cb455a5ef3a4a5dc9d8731_f.jpg
6905232,https://recipe1.ezmember.co.kr/cache/recipe/2019/01/25/a0cef96effbe13c13dda5561d2162a761_f.jpg
6829778,https://recipe1.ezmember.co.kr/cache/recipe/2015/07/04/6f9a5090ff521beaecc8d79d3e00eac71_f.jpg
6950964,https://recipe1.ezmember.co.kr/cache/recipe/2021/01/14/d0e126cf6fbf2b468c21f916cb40a83d1_f.jpg
6839781,https://recipe1.ezmember.co.kr/cache/recipe/2015/12/11/b253ac846ca2025b456eb1395e754d8a1_f.jpg
6890833,https://recipe1.ezmember.co.kr/cache/recipe/2018/06/13/f025a7286b15c6cb4e23c6afb2618ba21_f.jpg
7015440,https://recipe1.ezmember.co.kr/cache/recipe/2023/12/10/8d0364c49381b4613e59662bd5fbbb571_f.jpg
6868460,https://recipe1.ezmember.co.kr/cache/recipe/2017/04/15/b7d1009e210579aef0ec52d163b454221_f.jpg
6954889,https://recipe1.ezmember.co.kr/cache/recipe/2021/03/29/4ff19d95a4886d118d235ee01cc3e0261_f.jpg
6955156,https://recipe1.ezmember.co.kr/cache/recipe/2021/03/13/76ce43c4ee3f15ca4bfbc76abe2b62f11_f.jpg
6962217,https://recipe1.ezmember.co.kr/cache/recipe/2021/07/24/d19ec93f38c7e34876488176e0dddd891_f.jpg
6868486,https://recipe1.ezmember.co.kr/cache/recipe/2017/04/16/9b3dc6dc89a79a32d7e92db73a5b32721_f.jpg
6941995,https://recipe1.ezmember.co.kr/cache/recipe/2020/09/16/1eaad86f1eacc64117c68afa29153bb21_f.jpg
6984703,https://recipe1.ezmember.co.kr/cache/recipe/2022/08/03/7cc7cc81d51d47a80f930a645e7d87841_f.jpg
7066764,https://recipe1.ezmember.co.kr/cache/recipe/2025/11/22/d5fa7c2bc24ae9b1eb7014a0cb150fa91_f.jpg
4645165,https://recipe1.ezmember.co.kr/cache/recipe/2015/06/18/a16e14bcfe1875a41f91f3d0e006a4dd_f.jpg
6989031,https://recipe1.ezmember.co.kr/cache/recipe/2022/10/09/e2b051f642c385e3c621a1291478a2bd1_f.jpg
6948737,https://recipe1.ezmember.co.kr/cache/recipe/2020/12/18/8290008cce18e3ad4b75b5a2418324991_f.jpg
7010960,https://recipe1.ezmember.co.kr/cache/recipe/2023/10/03/69ae6d9a5dedd4c7f9dd0991214e38651_f.jpg
6948782,https://recipe1.ezmember.co.kr/cache/recipe/2020/12/19/0208484dbb45de6fc5eda672a3d00aca1_f.jpg
6901571,https://recipe1.ezmember.co.kr/cache/recipe/2018/12/09/dfcd4e09ca61f3b2aacb98fe0e00e85a1_f.jpg
6833384,https://recipe1.ezmember.co.kr/cache/recipe/2015/09/02/c96bb5134864456723b8ec6bd5d134f61_f.jpg
6974282,https://recipe1.ezmember.co.kr/cache/recipe/2022/02/17/334b95631daa70d92f8ef934a5d586811_f.jpg
6897106,https://recipe1.ezmember.co.kr/cache/recipe/2018/10/01/b08d137f5656a5ca7791603c3d505c671_f.jpg
6866595,https://recipe1.ezmember.co.kr/cache/recipe/2017/03/09/47f83e4f63af40ec1d5c9cf7cc9018321_f.jpg
4370822,https://recipe1.ezmember.co.kr/cache/recipe/2015/06/24/b68a40e99fd5c0fd7f7c9b6bc8d48f68_f.jpg
6953815,https://recipe1.ezmember.co.kr/cache/recipe/2021/02/20/87ad1a7d90baac0f21138d66f56e88751_f.jpg
6896127,https://recipe1.ezmember.co.kr/cache/recipe/2018/09/19/7ee067c6d952d40398aecd76bc15c8e01_f.JPG
6903849,https://recipe1.ezmember.co.kr/cache/recipe/2019/01/08/bd6c5d6b3dd75c99794bfbad9ed10f001_f.jpg
6874750,https://recipe1.ezmember.co.kr/cache/recipe/2017/08/15/cacb5609b9efec6ff1d931b4c7011b501_f.jpg
6880161,https://recipe1.ezmember.co.kr/cache/recipe/2017/11/28/8de576e493f7a36e610d5ef3af5549b61_f.jpg
6996376,https://recipe1.ezmember.co.kr/cache/recipe/2023/02/03/a25db672889a0ca5d60339d76fb5980e1_f.jpg
6957939,https://recipe1.ezmember.co.kr/cache/recipe/2021/05/07/a0f6d39d28431ccd932429a1f90c66311_f.jpg
6900285,https://recipe1.ezmember.co.kr/cache/recipe/2018/11/16/8781e940d82c1906004cd707403d42821_f.jpg
6927106,https://recipe1.ezmember.co.kr/cache/recipe/2020/02/23/7dd64fe639bdfbefdef89044f70dd8211_f.jpg
6914288,https://recipe1.ezmember.co.kr/cache/recipe/2019/06/20/cfd258c694b5dc99adb62489103a9d5c1_f.jpg
6894140,https://recipe1.ezmember.co.kr/cache/recipe/2018/08/14/ca8647124a4536b5dad3007a58181b7c1_f.jpg
6848190,https://recipe1.ezmember.co.kr/cache/recipe/2016/05/15/a2a5e98a536e4c36ff33ebf2c7f2cb421_f.jpg
6936211,https://recipe1.ezmember.co.kr/cache/recipe/2020/07/09/c042c1b1956d8676c2864fb0d0dba4631_f.jpg
6837668,https://recipe1.ezmember.co.kr/cache/recipe/2015/11/06/a11e6f200cd301e97d30bcb5c5fba1911_f.jpg
6839802,https://recipe1.ezmember.co.kr/cache/recipe/2015/12/11/bf71f75f68b23fbd44f077c8511d802c1_f.jpg
3456623,https://recipe1.ezmember.co.kr/cache/recipe/2015/04/22/546b1490e8e65614179321b86e4d00431_f.jpg
6966973,https://recipe1.ezmember.co.kr/cache/recipe/2021/10/14/4efeb4be2f3f441d185acca23a03cc141_f.jpg
4343042,https://recipe1.ezmember.co.kr/cache/recipe/2015/06/28/ab4cfa4bbbe2e13e763c475dd175a359_f.jpg
7043561,https://recipe1.ezmember.co.kr/cache/recipe/2025/01/27/c5204ccf6b2936dab0dd73fa357778121_f.jpg
6922346,https://recipe1.ezmember.co.kr/cache/recipe/2019/11/18/720245fb9918ffa78e3b2449a5bd20f81_f.jpg
7003320,https://recipe1.ezmember.co.kr/cache/recipe/2023/06/02/85ddd239b26a531cf970ee83394ecd311_f.jpg
6932963,https://recipe1.ezmember.co.kr/cache/recipe/2020/05/19/b927daa767cc5c911881605ef3db761c1_f.jpg
6993343,https://recipe1.ezmember.co.kr/cache/recipe/2022/12/07/878713d7aa12325b8f723e8e158e12fc1_f.jpg
6921431,https://recipe1.ezmember.co.kr/cache/recipe/2019/10/30/3a9b9a0481f662abfdc6ee859b261e6c1_f.jpg
3837414,https://recipe1.ezmember.co.kr/cache/recipe/2015/04/02/80554ab333338e884f3ac61844674ac71_f.jpg
6886903,https://recipe1.ezmember.co.kr/cache/recipe/2018/04/08/0923261bd6a1dc99682839fe325a8e501_f.jpg
6949187,https://recipe1.ezmember.co.kr/cache/recipe/2020/12/24/6ec053d701a2c8865ca1ed90e15bfd1e1_f.jpg
6874672,https://recipe1.ezmember.co.kr/cache/recipe/2017/08/13/0069ff1f9948c3359876f0ecaaed7e071_f.jpg
6857069,https://recipe1.ezmember.co.kr/cache/recipe/2016/09/17/1505fcdf4db0f3ad932acaae860b95211_f.jpg
2306016,https://recipe1.ezmember.co.kr/cache/recipe/2015/06/08/8fb587f332e19f4f9f9e2d3fdc737bef_f.jpg
6902589,https://recipe1.ezmember.co.kr/cache/recipe/2018/12/22/a3f895ebc2b59d0e9fd1dd5e77cf4df81_f.jpg
6834142,https://recipe1.ezmember.co.kr/cache/recipe/2015/09/11/329a347d49b91e49efe0d7c5094c0dc71_f.jpg
6934328,https://recipe1.ezmember.co.kr/cache/recipe/2020/06/10/42a3bc3b58a6801c7a5ba17c812e23191_f.jpg
2394891,https://recipe1.ezmember.co.kr/cache/recipe/2015/08/05/69d27a18008b130e028aa105ff0b71bb_f.jpg
6835596,https://recipe1.ezmember.co.kr/cache/recipe/2015/10/05/90cf360180fd6807119cbbbd48d7d76a1_f.jpg
6977426,https://recipe1.ezmember.co.kr/cache/recipe/2022/04/06/48ad73927f0dc82f17de38a7123ff18a1_f.jpg
6844328,https://recipe1.ezmember.co.kr/cache/recipe/2016/03/09/1ebb4c9d623e5de5b4a35cca1751e89a1_f.jpg
6844335,https://recipe1.ezmember.co.kr/cache/recipe/2016/03/09/7ede4c15c3a896ddcf02497501c509201_f.jpg
6865653,https://recipe1.ezmember.co.kr/cache/recipe/2017/02/21/7e9d4685e389c82f7fbef35b32254f3a1_f.jpg
6996774,https://recipe1.ezmember.co.kr/cache/recipe/2023/02/10/76afa02717d488706842b723e65df8161_f.jpg
4270946,https://recipe1.ezmember.co.kr/cache/recipe/2015/06/08/19f7e83c2075dda695e92a9378f6d4d7_f.jpg
3668633,https://recipe1.ezmember.co.kr/cache/recipe/2015/04/21/c05ed46f373dcd49d7feded239b86e7c1_f.jpg
6896122,https://recipe1.ezmember.co.kr/cache/recipe/2018/09/19/adb9f781235e21c053c31907fa14585c1_f.JPG
6946284,https://recipe1.ezmember.co.kr/cache/recipe/2020/11/14/1ccc19ee5a0d8a420fffc5bc22a9095d1_f.jpg
6944204,https://recipe1.ezmember.co.kr/cache/recipe/2020/10/15/50c17a7c131b21cb262b52f5a9d5e8311_f.jpg
2954489,https://recipe1.ezmember.co.kr/cache/recipe/2015/06/08/e483c8b26088c80b180e98668c386fc8_f.jpg
6917797,https://recipe1.ezmember.co.kr/cache/recipe/2019/08/19/87bdd230cb61ebfca6d2afd0216db3ab1_f.jpg
6908116,https://recipe1.ezmember.co.kr/cache/recipe/2019/03/11/50045ccbb03e3c32a33ce081f4cf3eef1_f.jpg
6905706,https://recipe1.ezmember.co.kr/cache/recipe/2019/01/31/0b1aefead4e032af6de25ba9682bb1c81_f.jpg
6847354,https://recipe1.ezmember.co.kr/cache/recipe/2016/04/29/74f4d7524e509fe48f0daeb9b0b410b91_f.jpg
6924010,https://recipe1.ezmember.co.kr/cache/recipe/2019/12/24/dbcbc65d5a09900d6a34000f24af83991_f.jpg
6919048,https://recipe1.ezmember.co.kr/cache/recipe/2019/09/12/79ec42045baa73a918f2b4c61e97c3ba1_f.jpg
6871169,https://recipe1.ezmember.co.kr/cache/recipe/2017/06/11/d64e5156a51fa9a385787fb16d753ac11_f.jpg
6884273,https://recipe1.ezmember.co.kr/cache/recipe/2018/02/20/12c57c3725b66914eae0123885dcb42f1_f.jpg
6871682,https://recipe1.ezmember.co.kr/cache/recipe/2017/06/23/a9e7b56bc41ae1a936fee6b8d427f5841_f.jpg
6875885,https://recipe1.ezmember.co.kr/cache/recipe/2017/09/05/3e0d9017a4427d344135e84a455c91fe1_f.jpg
6711697,https://recipe1.ezmember.co.kr/cache/recipe/2015/05/06/bdf2ddc05206714a3d6e39580f78e8891_f.jpg
5046909,https://recipe1.ezmember.co.kr/cache/recipe/2015/05/26/543907b1ec8c332c81aae95844a8a4341_f.jpg
6915434,https://recipe1.ezmember.co.kr/cache/recipe/2019/07/06/44b07ef23473914b753fc4a43ee03be31_f.jpg
6957773,https://recipe1.ezmember.co.kr/cache/recipe/2021/05/04/bc56c813f38e5584ca884b475896e8651_f.jpg
6958526,https://recipe1.ezmember.co.kr/cache/recipe/2021/05/17/109a2fec45ddd93e12b72bb2148385551_f.jpg
6946620,https://recipe1.ezmember.co.kr/cache/recipe/2020/11/19/4810f2084801adc6ea6b2ffea74e437b1_f.jpg
6948414,https://recipe1.ezmember.co.kr/cache/recipe/2020/12/14/7ba289158ce34f923547380783263da71_f.jpg
6844926,https://recipe1.ezmember.co.kr/cache/recipe/2016/03/18/8f00f8aa5dc7f7c3e898b17ee5d089e51_f.jpg
6920101,https://recipe1.ezmember.co.kr/cache/recipe/2019/10/03/68c73c418922fd0a70a2df145951b5521_f.jpg
6833669,https://recipe1.ezmember.co.kr/cache/recipe/2015/09/06/e0fc830059411c578a63e41fe8c54c931_f.jpg
4047164,https://recipe1.ezmember.co.kr/cache/recipe/2015/09/02/add3f290fce6b01befe259332fe70ada1_f.jpg
6916431,https://recipe1.ezmember.co.kr/cache/recipe/2019/07/25/b81797cfdc1fe36048e44c10bc66e2741_f.jpg
6845028,https://recipe1.ezmember.co.kr/cache/recipe/2016/03/21/6f4ac0df6f03c90177499dad0471a4201_f.jpg
6937437,https://recipe1.ezmember.co.kr/cache/recipe/2020/07/23/a7b6735dff2bf25343a4884c66031e661_f.jpg
6932666,https://recipe1.ezmember.co.kr/cache/recipe/2020/05/14/b76e2fa7b5a3022c24f324397917e7671_f.jpg
6842764,https://recipe1.ezmember.co.kr/cache/recipe/2016/02/09/d8968e03ca58c51b9c4c75ba7b6067ed1_f.jpg
6880542,https://recipe1.ezmember.co.kr/cache/recipe/2017/12/06/93847b91c0221ecff579a1e8418fb7841_f.jpg
6947035,https://recipe1.ezmember.co.kr/cache/recipe/2020/11/27/de39fe89dcb13c28051b4bf4a4d8ccbb1_f.jpg
6925560,https://recipe1.ezmember.co.kr/cache/recipe/2020/01/26/c62fd4ed8bf11ab945b9cc67caf7f5291_f.jpg
4077893,https://recipe1.ezmember.co.kr/cache/recipe/2015/06/18/04dc37219a58124ce859e57e31be3c5a_f.jpg
3082044,https://recipe1.ezmember.co.kr/cache/recipe/2015/04/22/30db494735e575ee7b66932dd5d883aa1_f.jpg
6898852,https://recipe1.ezmember.co.kr/cache/recipe/2018/10/28/092001ab5d798a40bfb88f2b4f3389861_f.jpg
6837640,https://recipe1.ezmember.co.kr/cache/recipe/2015/11/06/1e2c6d915c2ea637e6c8ef04b95c1d251_f.jpg
6892559,https://recipe1.ezmember.co.kr/cache/recipe/2018/07/14/6971b8de20bce4f213887d62fb86da541_f.jpg
6863009,https://recipe1.ezmember.co.kr/cache/recipe/2016/12/22/3f7e4432183380c924e4a704bf42ebfb1_f.jpg
7053046,https://recipe1.ezmember.co.kr/cache/recipe/2025/05/18/8a7ccf0b0e6196b6168adea1753edd351_f.jpg
6874985,https://recipe1.ezmember.co.kr/cache/recipe/2017/08/18/91ef9c6c72b6af8bdaf00bebefd62aa71_f.jpg
6926408,https://recipe1.ezmember.co.kr/cache/recipe/2020/02/11/4d99101a9664e48e7aabf88d673f5a001_f.jpg
2528166,https://recipe1.ezmember.co.kr/cache/recipe/2015/06/08/c3eec0fa38d471eb3b576ab88c65d7b6_f.jpg
6891447,https://recipe1.ezmember.co.kr/cache/recipe/2018/06/25/5da0c6ba27e340a023a5c50fe6dab9781_f.jpg
7048141,https://recipe1.ezmember.co.kr/cache/recipe/2025/03/21/d49f1e643257d2e80235ffd0997eee171_f.jpg
7032771,https://recipe1.ezmember.co.kr/cache/recipe/2024/08/18/009234ec71de4e40f34898bca74e532d1_f.jpg
6941672,https://recipe1.ezmember.co.kr/cache/recipe/2020/09/12/d129146a3c60b50a2d69b628618ce05b1_f.jpg
7015940,https://recipe1.ezmember.co.kr/cache/recipe/2023/12/17/c09a5eb69cdc5b3e0cd3b3965d5b7baf1_f.jpg
6866483,https://recipe1.ezmember.co.kr/cache/recipe/2017/03/08/a6e092a1a2afadf09394d687cb7529351_f.jpg
6904131,https://recipe1.ezmember.co.kr/cache/recipe/2019/01/11/40f880321842249fa7ab25c49fc120811_f.jpg
6968816,https://recipe1.ezmember.co.kr/cache/recipe/2021/11/02/41af8ad0903f7fc80275e36b2a5fa1811_f.jpg
6922319,https://recipe1.ezmember.co.kr/cache/recipe/2019/11/18/b85e77b264d36ff6bae267e532e73b241_f.jpg
6841203,https://recipe1.ezmember.co.kr/cache/recipe/2016/01/07/555038576ad9a3f5782150e1206bc8f81_f.jpg
6985801,https://recipe1.ezmember.co.kr/cache/recipe/2022/08/12/d29a647276a5e7e2fcdee6f4adfa657f1_f.jpg
4531021,https://recipe1.ezmember.co.kr/cache/recipe/2015/06/08/d6304100a9bf3c62e35647fcc46b5136_f.jpg
6959914,https://recipe1.ezmember.co.kr/cache/recipe/2021/06/09/98631a6b5e00c214e3d0573b4e7941a01_f.jpg
6896182,https://recipe1.ezmember.co.kr/cache/recipe/2018/09/19/74b37d31788c697fff47753a603f7d6d1_f.jpg
6947509,https://recipe1.ezmember.co.kr/cache/recipe/2020/11/25/13d493700584ab3e122e6bd15731e4631_f.jpg
6866696,https://recipe1.ezmember.co.kr/cache/recipe/2017/03/11/1b9c18ff9386c7c632a6e8bd907674a61_f.jpg
6895147,https://recipe1.ezmember.co.kr/cache/recipe/2018/09/02/81339bd62e1a4dd1b310e68d222a18521_f.jpg
6707261,https://recipe1.ezmember.co.kr/cache/recipe/2015/04/16/4fe7b2d43d192820bad8e1a21ed30cdd1_f.jpg
6875012,https://recipe1.ezmember.co.kr/cache/recipe/2017/08/19/e2e04414201609bdd1f5fbb7f6d258771_f.jpg
6959892,https://recipe1.ezmember.co.kr/cache/recipe/2021/06/03/fd640085b40dd206ac4ff01637eaee661_f.jpg
6950553,https://recipe1.ezmember.co.kr/cache/recipe/2021/01/17/3a9249a7171dbd80219d2a947b8303391_f.jpg
6898378,https://recipe1.ezmember.co.kr/cache/recipe/2018/10/21/1b406231fda7817e0269e960afea7f8a1_f.jpg
6859668,https://recipe1.ezmember.co.kr/cache/recipe/2016/11/02/69eecba41765ab14f7e9aa6fab73b4f51_f.jpg
6892663,https://recipe1.ezmember.co.kr/cache/recipe/2018/07/16/23869dbe73fa9d537367c7303f3911ba1_f.jpg
6902084,https://recipe1.ezmember.co.kr/cache/recipe/2018/12/15/86b052cf3fd7e8b8d5b3af2cccba1b0c1_f.jpg
6878380,https://recipe1.ezmember.co.kr/cache/recipe/2017/10/23/901c453ec616fa842af963b1b0ceeb771_f.jpg
6867164,https://recipe1.ezmember.co.kr/cache/recipe/2017/03/21/3d5409a72bda4d882dfc9f168b428f411_f.jpg
6664314,https://recipe1.ezmember.co.kr/cache/recipe/2015/05/19/743009dd3abca408fbe6f09c7bbbed851_f.jpg
6880572,https://recipe1.ezmember.co.kr/cache/recipe/2017/12/06/49b444fe1f90ab7f0ac924471e8e80d31_f.jpg
6927113,https://recipe1.ezmember.co.kr/cache/recipe/2020/02/24/8bdd4bb70122ada68017b359e1d006321_f.jpg
6866895,https://recipe1.ezmember.co.kr/cache/recipe/2017/03/15/67aef4ea7463750f17a2d7cfb58dcd891_f.jpg
6962455,https://recipe1.ezmember.co.kr/cache/recipe/2021/07/29/564492114e8be43a06df7a14218bf6a21_f.jpg
6843350,https://recipe1.ezmember.co.kr/cache/recipe/2016/02/22/bb0c8609161448c76a43a816615c40af1_f.jpg
6903844,https://recipe1.ezmember.co.kr/cache/recipe/2019/01/08/0259cec1f8eddc376775e2e7a4d3498c1_f.jpg
6943338,https://recipe1.ezmember.co.kr/cache/recipe/2020/10/04/4ec948c2031a640571379e03bf0802281_f.jpg
6882325,https://recipe1.ezmember.co.kr/cache/recipe/2018/01/15/593e123714a3af6752388583567427cb1_f.jpg
6876668,https://recipe1.ezmember.co.kr/cache/recipe/2017/09/18/1750b438b57a3099a539c78f565e9a6a1_f.jpg
6900721,https://recipe1.ezmember.co.kr/cache/recipe/2018/11/23/bdd83c5bffec6bd714516cb38fc765071_f.jpg
6902080,https://recipe1.ezmember.co.kr/cache/recipe/2018/12/15/ab3fbc8cb31ca3cccdff6fcca3ab126f1_f.jpg
6940247,https://recipe1.ezmember.co.kr/cache/recipe/2020/08/27/39f76f6781a5ea431f7eb8909f0420d91_f.jpg
6875636,https://recipe1.ezmember.co.kr/cache/recipe/2017/08/31/843839b7d0627df8ced8526b05a22ecf1_f.jpg
4131220,https://recipe1.ezmember.co.kr/cache/recipe/2015/05/29/1a7c7b877d0ffffb25ee45d528e4b6341_f.jpg
7021850,https://recipe1.ezmember.co.kr/cache/recipe/2024/03/09/f23dea81cf23f80fb2e3eb73d63272491_f.jpg
6896723,https://recipe1.ezmember.co.kr/cache/recipe/2018/09/28/ad141ee381166444d1a3875b6cac4e201_f.jpg
6892218,https://recipe1.ezmember.co.kr/cache/recipe/2018/07/09/89b1fe99797ef382c8aa4ec42e9403ea1_f.JPG
7000299,https://recipe1.ezmember.co.kr/cache/recipe/2023/04/08/be3ecb0a5afb729e198eb5d8fc6811d21_f.jpg
6863826,https://recipe1.ezmember.co.kr/cache/recipe/2017/01/12/a3e537d608bf71d78569f03a6ed38afd1_f.jpg
6830861,https://recipe1.ezmember.co.kr/cache/recipe/2015/07/30/cd0ed43f41d9b8c301f118e3d5562b9f1_f.jpg
6947224,https://recipe1.ezmember.co.kr/cache/recipe/2020/11/28/79bfb0ab9cb81a88bd011b11390a0d821_f.jpg
6873672,https://recipe1.ezmember.co.kr/cache/recipe/2017/07/28/d97460472efbb504f1b5d50c560d32101_f.jpg
6946185,https://recipe1.ezmember.co.kr/cache/recipe/2020/11/12/a9115d3cdd12a21de3b9aa412ad3b0d21_f.jpg
6956133,https://recipe1.ezmember.co.kr/cache/recipe/2021/04/01/03c8358f5d04020ea00db124927e967c1_f.jpg
6841751,https://recipe1.ezmember.co.kr/cache/recipe/2016/01/18/78362d043951283086016fe00e94e9b51_f.jpg
5804912,https://recipe1.ezmember.co.kr/cache/recipe/2015/03/27/aa4bdc0c52fef8a7b297f68c5fd5c6ea1_f.jpg
6941144,https://recipe1.ezmember.co.kr/cache/recipe/2020/09/07/1ec11a21f3b014ba503407f3627b1a091_f.jpg
6841274,https://recipe1.ezmember.co.kr/cache/recipe/2016/01/10/26c09c5090ef36f0e8127e935d68c1fb1_f.jpg
6877482,https://recipe1.ezmember.co.kr/cache/recipe/2017/10/06/493ce534a56854fa04cc05d855b9dae11_f.jpg
4602403,https://recipe1.ezmember.co.kr/cache/recipe/2015/06/03/a99e761cdb0ecb7a4b1933c8ce40a47d1_f.jpg
6944996,https://recipe1.ezmember.co.kr/cache/recipe/2020/10/25/b3b09548e8efe414bfbf90d445b8dfa81_f.jpg
6951857,https://recipe1.ezmember.co.kr/cache/recipe/2021/01/23/d6d72262156ed85d92133e24e48076661_f.jpg
6963162,https://recipe1.ezmember.co.kr/cache/recipe/2021/08/12/eda18d284576a14c5195a262e9e5f9031_f.jpg
6960198,https://recipe1.ezmember.co.kr/cache/recipe/2021/06/14/6471868954517cfe5eb52aec0e6c5be81_f.jpg
6942108,https://recipe1.ezmember.co.kr/cache/recipe/2020/09/17/8be0a5dd2b9ee46302d32c021532be2b1_f.jpg
6063773,https://recipe1.ezmember.co.kr/cache/recipe/2015/06/01/c7a6fde25d85ebfa9acb40affde57a8d1_f.jpg
6735542,https://recipe1.ezmember.co.kr/cache/recipe/2015/05/05/36d28c71b2a68008198556da804d91331_f.jpg
4105756,https://recipe1.ezmember.co.kr/cache/recipe/2015/08/06/6159847e0f73268e2da2502946d806f4_f.jpg
6999620,https://recipe1.ezmember.co.kr/cache/recipe/2023/03/26/cfd3a00366c8922ff2bba32fdad481a91_f.jpg
6868008,https://recipe1.ezmember.co.kr/cache/recipe/2017/04/06/9a282e3016904432c3c3f20c7c647d0a1_f.jpg
6868654,https://recipe1.ezmember.co.kr/cache/recipe/2017/04/19/2489603f3f2b36c8b1aaa9cb8fc5f5d11_f.jpg
6869755,https://recipe1.ezmember.co.kr/cache/recipe/2017/05/15/7b5b76b584e9a85f803e1869493dde4d1_f.jpg
6958429,https://recipe1.ezmember.co.kr/cache/recipe/2021/05/16/bc73ddbc690d7eb08428c690609564441_f.jpg
6854346,https://recipe1.ezmember.co.kr/cache/recipe/2016/08/10/127a1472acf91982eb9addbbaf70ef931_f.jpg
6919976,https://recipe1.ezmember.co.kr/cache/recipe/2019/10/01/2d73713603ebe663f11f56df1f13be951_f.jpg
7007843,https://recipe1.ezmember.co.kr/cache/recipe/2023/07/15/3203f40ae77cf67755e92295a8a637081_f.jpg
6834571,https://recipe1.ezmember.co.kr/cache/recipe/2015/09/17/1ed21cae9a37951ba13cd7a10f291aca1_f.jpg
6861453,https://recipe1.ezmember.co.kr/cache/recipe/2016/11/22/fa772750ae65354382edb744d4c5613e1_f.jpg
6900969,https://recipe1.ezmember.co.kr/cache/recipe/2018/10/19/4cb4b75c171578cf222038aabefe815d1_f.jpg
6931856,https://recipe1.ezmember.co.kr/cache/recipe/2020/04/25/d84c98d8f4eb453b3690946e00ce41b71_f.jpg
7010453,https://recipe1.ezmember.co.kr/cache/recipe/2023/09/25/b4e012b20c324a2141733ba7018d23121_f.jpg
6826383,https://recipe1.ezmember.co.kr/cache/recipe/2015/06/10/cfa1d71eed000b9b37bd352e8a6bb8611_f.jpg
6853635,https://recipe1.ezmember.co.kr/cache/recipe/2016/07/28/48f070be679511e3491b0a96c9033ef61_f.jpg
7061165,https://recipe1.ezmember.co.kr/cache/recipe/2025/08/25/5b225bd456c40ced28ad75bc41f498d91_f.jpg
6954755,https://recipe1.ezmember.co.kr/cache/recipe/2021/03/08/d1ca151ea4a670fed8b4d175785bd14a1_f.jpg
6937705,https://recipe1.ezmember.co.kr/cache/recipe/2020/07/23/e0f53c583fee3153885c3b825926aa251_f.jpg
6878150,https://recipe1.ezmember.co.kr/cache/recipe/2017/10/18/144f84e64a6b80905ce1df4054136ef41_f.jpg
6931322,https://recipe1.ezmember.co.kr/cache/recipe/2020/04/23/4fe10157dfe6bf903b75e7e926a1d7a81_f.jpg
6985756,https://recipe1.ezmember.co.kr/cache/recipe/2022/08/16/16a81ba65a48ffcb7ff9cff09b546a131_f.jpg
6917715,https://recipe1.ezmember.co.kr/cache/recipe/2019/08/19/14868020db281d3f16b0e97c1457fe391_f.jpg
3969475,https://recipe1.ezmember.co.kr/cache/recipe/2015/06/26/495d6f65992f390fc570d635f80a8610_f.jpg
6917372,https://recipe1.ezmember.co.kr/cache/recipe/2019/08/13/7c5011d04fe6a1bcbb96dab8c87e5b761_f.jpg
6921112,https://recipe1.ezmember.co.kr/cache/recipe/2019/10/22/7d51b643cdf36f9ce185475f6d7888531_f.jpg
7062285,https://recipe1.ezmember.co.kr/cache/recipe/2025/09/10/81b9911e53a3e84036b98c52b4aaf42d1_f.jpg
6941940,https://recipe1.ezmember.co.kr/cache/recipe/2020/09/15/ce98046c2b33fe45248cb6c675aa39271_f.jpg
6985142,https://recipe1.ezmember.co.kr/cache/recipe/2022/08/08/1b05a18fe0ef805ddd9e25ab003f75511_f.jpg
6870546,https://recipe1.ezmember.co.kr/cache/recipe/2017/05/30/369e7b8cf7759d88b12603d49903e95f1_f.jpg
4593853,https://recipe1.ezmember.co.kr/cache/recipe/2015/06/08/b68b627d0fc9333cb235bf0929e38e68_f.jpg
6913661,https://recipe1.ezmember.co.kr/cache/recipe/2019/06/10/9ea6f3e0b79d7700a9d927681a7024171_f.jpg
7042874,https://recipe1.ezmember.co.kr/cache/recipe/2025/01/17/dd38bcfe4927dd250c7e866770f6694e1_f.jpg
6982130,https://recipe1.ezmember.co.kr/cache/recipe/2022/06/24/9f31f5fe02adac4f06f94d23c088f4371_f.jpg
6899885,https://recipe1.ezmember.co.kr/cache/recipe/2018/11/10/324c9db0faae514bd41db5770cf3ae7f1_f.jpg
6919754,https://recipe1.ezmember.co.kr/cache/recipe/2019/09/25/4221fe01e924848df071617bec2c86fa1_f.jpg
6830852,https://recipe1.ezmember.co.kr/cache/recipe/2015/07/31/0efd0ae6d36a8f5fceade3fb3ee7a0cf1_f.jpg
6909526,https://recipe1.ezmember.co.kr/cache/recipe/2019/03/30/6dbb1ca0d385b4e83eaa01afeb5ab6731_f.jpg
6829438,https://recipe1.ezmember.co.kr/cache/recipe/2015/06/25/7202841991ec2ec5e64284477dfcf6371_f.jpg
6867727,https://recipe1.ezmember.co.kr/cache/recipe/2017/03/31/eafdc848d724897e0b181e8a2575b3b31_f.jpg
6878004,https://recipe1.ezmember.co.kr/cache/recipe/2017/10/16/66f6cc84b87b9abbd879463e4326e8111_f.jpg
6968802,https://recipe1.ezmember.co.kr/cache/recipe/2021/11/12/90031286c8a7a54a741f5d027ce7dabe1_f.jpg
6895115,https://recipe1.ezmember.co.kr/cache/recipe/2018/09/01/868d05795c9172a8525bb1e3349573a11_f.jpg
6855111,https://recipe1.ezmember.co.kr/cache/recipe/2016/08/22/adbbba33286a2ebbe841aeac9a18dfaf1_f.jpg
6797433,https://recipe1.ezmember.co.kr/cache/recipe/2015/05/28/9c7674533068162b67cb5fa059987bbb1_f.jpg
6839520,https://recipe1.ezmember.co.kr/cache/recipe/2015/12/09/0c2900d2be735341cb1885b67324cae11_f.jpg
6981158,https://recipe1.ezmember.co.kr/cache/recipe/2022/06/12/d3e190776b9bd8b01af9fd5dff257b1e1_f.jpg
6831837,https://recipe1.ezmember.co.kr/cache/recipe/2015/08/17/f5e0439240edc448b7be14222a54000b1_f.jpg
6977033,https://recipe1.ezmember.co.kr/cache/recipe/2022/03/31/97ed2d075825492ab367767c5b6843181_f.jpg
6951895,https://recipe1.ezmember.co.kr/cache/recipe/2023/11/14/fd6c0fa2bd1a723c8c96b456de5dae391_f.jpg
6828947,https://recipe1.ezmember.co.kr/cache/recipe/2015/06/14/08fd39be5a9693a7d0852e973e610dde1_f.jpg
6783036,https://recipe1.ezmember.co.kr/cache/recipe/2015/05/20/37983f090cc9650cdb6478262506aa05_f.jpg
4045921,https://recipe1.ezmember.co.kr/cache/recipe/2015/04/22/45bfc3bbe14d455e0a76863c1f2111e71_f.jpg
6840431,https://recipe1.ezmember.co.kr/cache/recipe/2015/12/23/bc164190b5b134731972cf5808f53dd11_f.jpg
6921196,https://recipe1.ezmember.co.kr/cache/recipe/2019/10/25/dddfebc4fedab3d97657b52be089e2cf1_f.jpg
6841332,https://recipe1.ezmember.co.kr/cache/recipe/2016/01/01/c97b1a3e7806668d6f7c502157325ceb1_f.jpg
5860929,https://recipe1.ezmember.co.kr/cache/recipe/2015/04/08/d50a7060d576b1eb4f38bc8864a7598c1_f.jpg
6896908,https://recipe1.ezmember.co.kr/cache/recipe/2018/10/01/12f2952620a2e96ef3cdb5fef023260d1_f.jpg
7001026,https://recipe1.ezmember.co.kr/cache/recipe/2023/04/21/3e0336f2622b57525d3c4c341b232eed1_f.jpg
6890532,https://recipe1.ezmember.co.kr/cache/recipe/2018/06/09/c4129a92f721f35d31c43234d4f6e4491_f.jpg
6835783,https://recipe1.ezmember.co.kr/cache/recipe/2015/10/07/dc711a289f60235aaf2fa953f67ed2c51_f.jpg
6885421,https://recipe1.ezmember.co.kr/cache/recipe/2018/03/14/ce5ec82a110817bbf69616ea3b98ed221_f.jpg
6874754,https://recipe1.ezmember.co.kr/cache/recipe/2017/08/15/4be8822ae90d0da771753a701bb4c5e91_f.jpg
6934316,https://recipe1.ezmember.co.kr/cache/recipe/2020/06/14/924c59fd4638466c1891b58e48a490a91_f.jpg
6939270,https://recipe1.ezmember.co.kr/cache/recipe/2020/08/15/b81321e6aa60f05e294b104e32a5bcb21_f.jpg
6885406,https://recipe1.ezmember.co.kr/cache/recipe/2018/03/13/a7d956eb9117e6b48eb2231688f0858a1_f.jpg
6945069,https://recipe1.ezmember.co.kr/cache/recipe/2020/10/26/c561a53fe771eab4f96c3b81a94047e41_f.jpg
6873715,https://recipe1.ezmember.co.kr/cache/recipe/2017/07/28/b2aa814ecfdf27aea631cbfe0144cc8e1_f.jpg
6924496,https://recipe1.ezmember.co.kr/cache/recipe/2020/01/04/0ba6ba7463cf85bd2dbde1a6da3cbee91_f.jpg
6948700,https://recipe1.ezmember.co.kr/cache/recipe/2020/12/17/dbc1fc6019bd8309321df8915f1afddd1_f.jpg
6876611,https://recipe1.ezmember.co.kr/cache/recipe/2017/09/17/e7f9a3243ae76450d15023b157e5cfa91_f.jpg
6900816,https://recipe1.ezmember.co.kr/cache/recipe/2018/11/26/a18f25ec2aa2f251e396b7a2c7f2bf381_f.jpg
6908347,https://recipe1.ezmember.co.kr/cache/recipe/2019/03/14/f186adc98c942f1b2e2fc80ffd2892d91_f.jpg
6877659,https://recipe1.ezmember.co.kr/cache/recipe/2017/10/11/b0b976e72bca01d5c173cef7fc6d3bd01_f.png
6842409,https://recipe1.ezmember.co.kr/cache/recipe/2016/02/01/ef336f2ac38410ff91944e6c478902041_f.jpg
6884880,https://recipe1.ezmember.co.kr/cache/recipe/2018/03/04/59782f8d06bac08dce4e3d36e786af331_f.jpg
6959931,https://recipe1.ezmember.co.kr/cache/recipe/2021/06/09/744a395d46d777e2eea109bfe5e22f301_f.jpg
6906689,https://recipe1.ezmember.co.kr/cache/recipe/2019/02/16/83bba347d65256339cb48b2480fadfe31_f.jpg
6886930,https://recipe1.ezmember.co.kr/cache/recipe/2018/04/09/e67f601c8d6c1c3d8acf009abb6e965e1_f.jpg
6908721,https://recipe1.ezmember.co.kr/cache/recipe/2019/03/19/6d51971f610830bc0f44d647e89104fb1_f.jpg
6881118,https://recipe1.ezmember.co.kr/cache/recipe/2017/12/19/313676ee826a7c43909a73c38237cfa91_f.jpg
6872206,https://recipe1.ezmember.co.kr/cache/recipe/2017/07/04/1df9ba96e01a92d2f1e15d55b8d463431_f.jpg
6951267,https://recipe1.ezmember.co.kr/cache/recipe/2021/01/15/3569d92a09d2cfcb3ea42bd5acf4b24e1_f.jpg
5126109,https://recipe1.ezmember.co.kr/cache/recipe/2015/06/18/a21491075399b4ff7d73cfe30f1c6c83_f.jpg
7035658,https://recipe1.ezmember.co.kr/cache/recipe/2024/10/02/316d2d3f69d5558857d9caba452c50e31_f.jpg
6871428,https://recipe1.ezmember.co.kr/cache/recipe/2017/06/12/5b8df6c1df7c717f6564e8ce8a2e92591_f.jpg
6912616,https://recipe1.ezmember.co.kr/cache/recipe/2019/05/23/57448c2fcb7f7dbb8ceeee36d4d3b6d61_f.jpg
6925853,https://recipe1.ezmember.co.kr/cache/recipe/2020/01/27/bd024bffd3ca0ccfb0ce927f5764bdd71_f.jpg
6927582,https://recipe1.ezmember.co.kr/cache/recipe/2020/02/29/859fe1ae7756adada4bcb06ca43aaf1e1_f.jpg
6906572,https://recipe1.ezmember.co.kr/cache/recipe/2019/02/14/c06559a2bd66a992f9278fdf84ee43091_f.jpg
6893663,https://recipe1.ezmember.co.kr/cache/recipe/2018/08/07/2544c28bece1fecdac84468e02d2d61a1_f.jpg
6859988,https://recipe1.ezmember.co.kr/cache/recipe/2016/11/06/19ae42a978a6bbfba1560e3c4e3b10e81_f.jpg
6975421,https://recipe1.ezmember.co.kr/cache/recipe/2022/03/03/c14083c3caa231015c9f61b7197636b91_f.jpg
6843777,https://recipe1.ezmember.co.kr/cache/recipe/2016/02/28/dce60e340ae1e81369ef4cfb7e206cd71_f.jpg
6900360,https://recipe1.ezmember.co.kr/cache/recipe/2018/11/18/8990510357035e74b18a168b45f14ead1_f.jpg
6869873,https://recipe1.ezmember.co.kr/cache/recipe/2017/05/16/e851a5d843856404d19e0bf69f0b85891_f.jpg
6940806,https://recipe1.ezmember.co.kr/cache/recipe/2020/09/03/dbcc3ee04b8c60f1333a568e50f518611_f.jpg
6875620,https://recipe1.ezmember.co.kr/cache/recipe/2017/08/30/78b9251a16956c37576ddf53e36a14521_f.jpg
6930263,https://recipe1.ezmember.co.kr/cache/recipe/2020/04/09/dbdfe7cb54e70a4ee363660e5af740041_f.jpg
6865907,https://recipe1.ezmember.co.kr/cache/recipe/2017/02/25/4c55e3ea09c82ac4b9196a95531163361_f.jpg
6874293,https://recipe1.ezmember.co.kr/cache/recipe/2017/08/08/5cb6fb8cfa21048a5391b8e220412e2f1_f.jpg
7036838,https://recipe1.ezmember.co.kr/cache/recipe/2024/10/21/5fbab8c87549f6d121e72aced21250401_f.png
6936714,https://recipe1.ezmember.co.kr/cache/recipe/2020/07/15/536e927762f9ded52c0c632e9c6430441_f.jpg
6924402,https://recipe1.ezmember.co.kr/cache/recipe/2020/01/02/fe7001d9925c7a9355274ec07b354df01_f.jpg
6839075,https://recipe1.ezmember.co.kr/cache/recipe/2015/12/04/b7039c62ddeb5a9f942580f2869de1451_f.jpg
6879386,https://recipe1.ezmember.co.kr/cache/recipe/2017/11/10/92ef8dabb132b2c2dc5336401ea38dc71_f.jpg
7044546,https://recipe1.ezmember.co.kr/cache/recipe/2025/02/11/9d1241e7ef833b68e6e0b040f701e8c21_f.jpg
6942086,https://recipe1.ezmember.co.kr/cache/recipe/2020/09/17/7105304c2ce6b090e09d112c28caebb51_f.jpg
6922310,https://recipe1.ezmember.co.kr/cache/recipe/2019/11/18/ff230a8c3b2b946e1ea5790d14b868f91_f.jpg
6916471,https://recipe1.ezmember.co.kr/cache/recipe/2019/07/26/78de9158c13d2fe0889bd5bebbdde30c1_f.jpg
6903181,https://recipe1.ezmember.co.kr/cache/recipe/2018/12/30/2e4b002288907d2e832efa60405307da1_f.jpg
6905151,https://recipe1.ezmember.co.kr/cache/recipe/2019/01/24/5a49ffdcd2db5ab7c7028d85bc01c5fd1_f.jpg
6835061,https://recipe1.ezmember.co.kr/cache/recipe/2015/09/24/7b2f9666be56d2865cc24478ab42f7941_f.jpg
4745346,https://recipe1.ezmember.co.kr/cache/recipe/2015/06/22/b4e83b0d5f5bb5c8fe9afb1f3739f26c_f.jpg
6913408,https://recipe1.ezmember.co.kr/cache/recipe/2019/06/06/7cd6f98e84622ad826aff66805b927001_f.jpg
6855049,https://recipe1.ezmember.co.kr/cache/recipe/2016/08/21/d7e160077521366b1694d960373c9a8e1_f.jpg
6839118,https://recipe1.ezmember.co.kr/cache/recipe/2015/12/03/518ca544902c82861a4de71476f8e5431_f.jpg
6984282,https://recipe1.ezmember.co.kr/cache/recipe/2022/07/27/a6914f3c37216945d603a499dde723681_f.jpg
7070155,https://recipe1.ezmember.co.kr/cache/recipe/2026/01/19/2f9376f8063dccfd913c434d4dccc46c1_f.jpg
6898075,https://recipe1.ezmember.co.kr/cache/recipe/2018/10/17/a7b961353165a41c82565236b05427f81_f.jpg
6947582,https://recipe1.ezmember.co.kr/cache/recipe/2020/12/04/028490f3a1fc5004327d54959e3668f31_f.jpg
6877586,https://recipe1.ezmember.co.kr/cache/recipe/2017/10/09/78fa095052464f5cda5dd2661c3a054d1_f.jpg
6895536,https://recipe1.ezmember.co.kr/cache/recipe/2018/09/10/cb66ce12ae783841bffb924f8e203da01_f.jpg
6846800,https://recipe1.ezmember.co.kr/cache/recipe/2016/04/21/98808f84da8b0a4f1213e78e4fa58f011_f.jpg
6955134,https://recipe1.ezmember.co.kr/cache/recipe/2021/03/13/376bc30941aa60b29502a26b0440a92e1_f.jpg
6887337,https://recipe1.ezmember.co.kr/cache/recipe/2018/04/15/e6ec253033fc9cf422ae15944817964d1_f.jpg
6909151,https://recipe1.ezmember.co.kr/cache/recipe/2019/03/25/58d3ed43b27b15bace4fe4836c6f08f61_f.jpg
4683467,https://recipe1.ezmember.co.kr/cache/recipe/2015/06/19/52ee951bbc1786e517235974261b1dfd_f.jpg
6952939,https://recipe1.ezmember.co.kr/cache/recipe/2021/02/06/1491b7c37d6eaf1084f8b8f11067f6331_f.jpg
6984277,https://recipe1.ezmember.co.kr/cache/recipe/2022/07/24/2f5a59c27e75fb85f8a17a734460bc4f1_f.jpg
6843129,https://recipe1.ezmember.co.kr/cache/recipe/2016/02/16/1c4d580e0c0f4559808e3de792997a521_f.jpg
6930832,https://recipe1.ezmember.co.kr/cache/recipe/2020/04/16/7bed6deff0cbde9b941c7d3e9048b05b1_f.jpg
6852046,https://recipe1.ezmember.co.kr/cache/recipe/2016/07/03/0f8709fe232ed34b74f1cbad8f41d5ec1_f.jpg
6920316,https://recipe1.ezmember.co.kr/cache/recipe/2019/10/08/a31bebdf09f3dacadfbeb233a045addb1_f.jpg
6895097,https://recipe1.ezmember.co.kr/cache/recipe/2018/09/01/6ad71e99b422ca536b6eae9c4c6506dc1_f.jpg
6902721,https://recipe1.ezmember.co.kr/cache/recipe/2018/12/24/e0df8cbd9caff07803c38c3c1869a74a1_f.jpg
6828950,https://recipe1.ezmember.co.kr/cache/recipe/2015/06/16/8fb9fe96f69e4a269324be9c42354b2a1_f.jpg
6901111,https://recipe1.ezmember.co.kr/cache/recipe/2018/12/01/f4872071f504727ddee2d42c3090ba981_f.jpg
6886982,https://recipe1.ezmember.co.kr/cache/recipe/2018/04/06/cc2f5c6e9f4eb7269c17f92169b43d911_f.jpg
6900441,https://recipe1.ezmember.co.kr/cache/recipe/2018/11/19/dab74b36106a13c912e25c8ab367aef91_f.jpg
6946368,https://recipe1.ezmember.co.kr/cache/recipe/2020/11/16/1ecfaf34bfc12a2907929e99a986405d1_f.jpg
6895068,https://recipe1.ezmember.co.kr/cache/recipe/2018/08/31/35637c4aaa3e22392f0e9c00df3179241_f.jpg
6863778,https://recipe1.ezmember.co.kr/cache/recipe/2017/01/10/274d5c6f703da9da8e1b734d067df0961_f.jpg
6865116,https://recipe1.ezmember.co.kr/cache/recipe/2017/02/12/c699d1e552dba10fb57a802c998b30fb1_f.jpg
7068649,https://recipe1.ezmember.co.kr/cache/recipe/2025/12/24/0c9ac20aee14a95b90d9703161bf2e021_f.jpg
6888756,https://recipe1.ezmember.co.kr/cache/recipe/2018/05/13/5b3868b460f9610759167e5769c81fb31_f.jpg
6927191,https://recipe1.ezmember.co.kr/cache/recipe/2020/02/24/3b22f751204359f4edfc2dd898de143c1_f.png
6979196,https://recipe1.ezmember.co.kr/cache/recipe/2022/05/12/45b4722382d2e7494edf3df85f24164e1_f.jpg
6954393,https://recipe1.ezmember.co.kr/cache/recipe/2021/03/01/2a4ed79c8ad745fb774121e3165488ee1_f.jpg
6975904,https://recipe1.ezmember.co.kr/cache/recipe/2022/03/11/df92662835401bc81f035d0f08f6ba191_f.jpg
6870629,https://recipe1.ezmember.co.kr/cache/recipe/2017/06/01/ebc6bf41acac38b666b8d18070bb07fe1_f.jpg
6922405,https://recipe1.ezmember.co.kr/cache/recipe/2019/11/13/5b4883a25efe8f28be31f1dd5538d4cf1_f.jpg
4712953,https://recipe1.ezmember.co.kr/cache/recipe/2015/06/08/1d52537cd506f0cc43707d13834af523_f.jpg
6896843,https://recipe1.ezmember.co.kr/cache/recipe/2018/10/01/3a0c7cb94e9659480505b996cea7e0b51_f.jpg
6836479,https://recipe1.ezmember.co.kr/cache/recipe/2015/10/20/e0b099ffbbecc3be33c1c7a9461af1141_f.jpg
6864278,https://recipe1.ezmember.co.kr/cache/recipe/2017/01/24/a2ca7da82c9a1efe060ed8ae56b043961_f.jpg
6906246,https://recipe1.ezmember.co.kr/cache/recipe/2019/02/10/1c22edbd574ed3716f5d09f67bcf94671_f.jpg
6887806,https://recipe1.ezmember.co.kr/cache/recipe/2018/04/24/ed9262aa2f70fde7975e3ec4d2b05cdd1_f.jpg
6952696,https://recipe1.ezmember.co.kr/cache/recipe/2021/02/03/cd36c7a03f3b9f5c4a7ed24e96eb15c11_f.jpg
6912837,https://recipe1.ezmember.co.kr/cache/recipe/2019/05/27/590dc459a0bd956381c344d924c5d4df1_f.jpg
7046114,https://recipe1.ezmember.co.kr/cache/recipe/2025/03/06/4c73f658fd29a76a446a7262d1aece9c1_f.jpg
6996324,https://recipe1.ezmember.co.kr/cache/recipe/2023/02/02/2daf741e75276834bc12f8a3afc5e9181_f.jpg
6926668,https://recipe1.ezmember.co.kr/cache/recipe/2020/02/15/daba655b092afc698af1d61d9f893bf41_f.jpg
7049705,https://recipe1.ezmember.co.kr/cache/recipe/2025/04/08/a8208c7c13a1d4bb9a825c402d3bb42c1_f.jpg
4115894,https://recipe1.ezmember.co.kr/cache/recipe/2015/03/26/e434637a80f39bee8e6376287da047011_f.jpg
6840867,https://recipe1.ezmember.co.kr/cache/recipe/2015/12/29/31c64750aecc9fa57ba423cadbd3bfb41_f.jpg
6983926,https://recipe1.ezmember.co.kr/cache/recipe/2022/07/20/32f41c91e6fbeba5e4ac328e685ac16e1_f.jpg
6854062,https://recipe1.ezmember.co.kr/cache/recipe/2016/08/04/52757166eb89e2656ed378daadd80fe61_f.jpg
6926769,https://recipe1.ezmember.co.kr/cache/recipe/2020/02/18/86af36ed137c51249fd1e19a03ee8bb61_f.jpg
6896324,https://recipe1.ezmember.co.kr/cache/recipe/2018/09/09/be9a5edb483bdc09a35ffddef160fd9f1_f.jpg
4272162,https://recipe1.ezmember.co.kr/cache/recipe/2015/05/01/483fa0b3f3b8565a9b1e2244c5b3ddc31_f.jpg
6913488,https://recipe1.ezmember.co.kr/cache/recipe/2019/06/07/1abc0fb599c527813b25dd49c02f1f411_f.jpg
6833828,https://recipe1.ezmember.co.kr/cache/recipe/2015/09/08/f57b5f542f4606ed4177d334299f65c91_f.jpg
4865789,https://recipe1.ezmember.co.kr/cache/recipe/2015/04/09/10679dbe90164ce2bbff4895c03bc1251_f.jpg
6835042,https://recipe1.ezmember.co.kr/cache/recipe/2015/09/24/552711a0be5e835b817a59ce135860ff1_f.jpg
7061463,https://recipe1.ezmember.co.kr/cache/recipe/2025/08/29/952786e595e648d4d2697fc21cf01cb71_f.jpg
6927149,https://recipe1.ezmember.co.kr/cache/recipe/2020/02/24/83ca9e5bb105f0a5a92be1c0e02365221_f.jpg
6885941,https://recipe1.ezmember.co.kr/cache/recipe/2018/03/22/2e0632c0afede4deb8c6c2bb4e56a7ed1_f.jpg
6836712,https://recipe1.ezmember.co.kr/cache/recipe/2015/10/22/667ccf94f8d287382252b7a98ede5e331_f.jpg
6881937,https://recipe1.ezmember.co.kr/cache/recipe/2018/01/08/8ae1b5468ae886aeb17ca81d0f18fc4a1_f.jpg
6868213,https://recipe1.ezmember.co.kr/cache/recipe/2017/04/10/0c9afff26f45274dfa433acbea2b211e1_f.jpg
7005248,https://recipe1.ezmember.co.kr/cache/recipe/2023/06/30/bc9052d3afccb172540c658a18bba9b41_f.jpg
6940720,https://recipe1.ezmember.co.kr/cache/recipe/2020/09/02/402fe895889aef595b4fc92ee95952cb1_f.jpg
6952156,https://recipe1.ezmember.co.kr/cache/recipe/2021/01/27/74e5cb6e627c257ac00e0a0f634fd7981_f.jpg
7005602,https://recipe1.ezmember.co.kr/cache/recipe/2023/07/07/62efa1473aacffccc514e47cb97dd06c1_f.jpg
6893697,https://recipe1.ezmember.co.kr/cache/recipe/2018/08/07/74078c6d75a0be38dc6e97b79edcbc471_f.jpg
6874704,https://recipe1.ezmember.co.kr/cache/recipe/2017/08/14/ac6b1a3aa355f77f5fe63e8d694bb44a1_f.jpg
6863623,https://recipe1.ezmember.co.kr/cache/recipe/2017/01/07/ceae95f415c7eddb20ae4449ddc2530c1_f.jpg
6898635,https://recipe1.ezmember.co.kr/cache/recipe/2018/10/25/7cd5f75c79c04ef6dc3092c3a36187f41_f.jpg
6993576,https://recipe1.ezmember.co.kr/cache/recipe/2021/10/07/70eef85078bf6d51bcb88dd3abee81741_f.jpg
7000796,https://recipe1.ezmember.co.kr/cache/recipe/2023/04/17/9e5d8afeed84cdddaa90c20fd6328da71_f.jpg
6849966,https://recipe1.ezmember.co.kr/cache/recipe/2016/05/26/b8ad2ef11b87da100c9408608eaadd631_f.jpg
6918308,https://recipe1.ezmember.co.kr/cache/recipe/2019/08/27/d42a168fe1d70e119333f659b19dd7d01_f.jpg
6863300,https://recipe1.ezmember.co.kr/cache/recipe/2016/12/30/8e1071e5bc10b495674b2bdb9c9b70541_f.jpg
6879278,https://recipe1.ezmember.co.kr/cache/recipe/2017/11/08/f7ab9d699e97a3658bb4e00bea7c2fa91_f.jpg
6876339,https://recipe1.ezmember.co.kr/cache/recipe/2017/09/12/ca14a4e82627a28f856991a81072db9d1_f.png
6935820,https://recipe1.ezmember.co.kr/cache/recipe/2020/07/05/41a22f9bab1d9ce5c1c7632f07dbff4f1_f.jpg
6838377,https://recipe1.ezmember.co.kr/cache/recipe/2015/11/19/598d41228ce9598b14cc821349d41d151_f.jpg
6930554,https://recipe1.ezmember.co.kr/cache/recipe/2020/04/10/d4f24e81e1f146ad75c3af4a385dee8b1_f.jpg
6849891,https://recipe1.ezmember.co.kr/cache/recipe/2016/05/11/f6bf0f9b13633c3370e799545e3463c21_f.jpg
6993828,https://recipe1.ezmember.co.kr/cache/recipe/2022/12/15/8346875e1c44a1eed5b2d4ae8044a7cd1_f.jpg
6881422,https://recipe1.ezmember.co.kr/cache/recipe/2017/12/27/3927aaa06f50103f02ce79c00e9becac1_f.jpg
6906324,https://recipe1.ezmember.co.kr/cache/recipe/2019/02/11/7794e8f8c992b007c0f0be2477b559261_f.jpg
6895840,https://recipe1.ezmember.co.kr/cache/recipe/2018/09/14/07515329621187cae429c67cb04fcf271_f.jpg
6914252,https://recipe1.ezmember.co.kr/cache/recipe/2019/06/19/6633b86e93211fa4ab51a9782c89babd1_f.jpg
6972409,https://recipe1.ezmember.co.kr/cache/recipe/2022/01/09/f4d0033785c11e77b8efce8e2869ec381_f.jpg
7018183,https://recipe1.ezmember.co.kr/cache/recipe/2024/01/20/3d4ee7bbbd3f479faaf9b0bd0eea992f1_f.jpg
7023720,https://recipe1.ezmember.co.kr/cache/recipe/2024/04/05/68be51ddeabf9325b6a5c7361cd208441_f.jpg
6963043,https://recipe1.ezmember.co.kr/cache/recipe/2021/08/10/577d0194ba4020300eee443c5dfaa33f1_f.jpg
7045864,https://recipe1.ezmember.co.kr/cache/recipe/2025/02/25/7f742605669503f06384808e7707103a1_f.jpg
6871129,https://recipe1.ezmember.co.kr/cache/recipe/2017/06/13/fed888b3f9dad6a95d840fb21a3456871_f.jpg
1499002,https://recipe1.ezmember.co.kr/cache/recipe/2015/10/16/4da25dcd9063596d8d140fe40d03709a_f.jpg
6895392,https://recipe1.ezmember.co.kr/cache/recipe/2018/09/06/c476e5169e0b001baa5baa0ad8b261921_f.jpg
6843671,https://recipe1.ezmember.co.kr/cache/recipe/2016/02/24/0bc50f3668e8600165ce0c7003936f871_f.jpg
6903869,https://recipe1.ezmember.co.kr/cache/recipe/2019/01/08/90bb0795cb2861eeb581efabd26b117f1_f.jpg
6875071,https://recipe1.ezmember.co.kr/cache/recipe/2017/08/21/304175d6d135c8eebc8784303492ee331_f.jpg
6859263,https://recipe1.ezmember.co.kr/cache/recipe/2016/10/27/462f2e2c70a260e044c4450bc18e6f651_f.jpg
6865296,https://recipe1.ezmember.co.kr/cache/recipe/2017/02/15/454b9dba6365d969f29d36ab4a9af8511_f.jpg
6859745,https://recipe1.ezmember.co.kr/cache/recipe/2016/11/03/5abf984f58773f8bb3230973b9e0ba371_f.jpg
6895743,https://recipe1.ezmember.co.kr/cache/recipe/2018/09/13/417d7f76c621891574f7e11679f30df91_f.jpg
5920808,https://recipe1.ezmember.co.kr/cache/recipe/2015/06/04/3a9f338d15bcb0079d93db6e87eadfec1_f.jpg
3989037,https://recipe1.ezmember.co.kr/cache/recipe/2015/07/01/acc2b5401a6304bbd3e32fa57589975d_f.jpg
6830403,https://recipe1.ezmember.co.kr/cache/recipe/2015/07/20/d416fdbd606a4f891c97eb52ca6d8a661_f.jpg
6931101,https://recipe1.ezmember.co.kr/cache/recipe/2020/04/20/c617bebd5f957ced0d75fc1148024ed61_f.jpg
6145013,https://recipe1.ezmember.co.kr/cache/recipe/2015/03/27/c496fe7c5a9d7c5774ab6d5d95ef7c071_f.jpg
6829103,https://recipe1.ezmember.co.kr/cache/recipe/2015/06/17/7fb0d46ecb8c108eea8f7f847405e07d1_f.jpg
6929031,https://recipe1.ezmember.co.kr/cache/recipe/2020/03/22/6a8eeb3f7ef6313663ecea249b5be5c41_f.jpg
4129773,https://recipe1.ezmember.co.kr/cache/recipe/2015/06/08/a12382778d2be9056d20fed9750fe8f2_f.jpg
6874897,https://recipe1.ezmember.co.kr/cache/recipe/2017/08/17/ac3a15c566d173bf881e86e0a324d4a41_f.jpg
6900442,https://recipe1.ezmember.co.kr/cache/recipe/2018/11/19/814af4132326db1ed678b9bf331fd6eb1_f.jpg
6905871,https://recipe1.ezmember.co.kr/cache/recipe/2019/02/03/b53d8390cd8e4a0e5e9b44f6b0ed54ec1_f.jpg
6878613,https://recipe1.ezmember.co.kr/cache/recipe/2017/10/26/f433e8a179fabc5a4981bf5ca17a4fba1_f.jpg
6941610,https://recipe1.ezmember.co.kr/cache/recipe/2020/09/12/664d9e2f38ef9c19f53b5ff04523c2371_f.jpg
6957438,https://recipe1.ezmember.co.kr/cache/recipe/2021/04/26/4e97433b6cc943def4a32f45b434ab6c1_f.jpg
6869758,https://recipe1.ezmember.co.kr/cache/recipe/2017/05/14/0f3ca981d3d18b67ceb5e60631227aba1_f.jpg
6832648,https://recipe1.ezmember.co.kr/cache/recipe/2015/08/17/f37e076acd1584a4512a2cd5c8245cb61_f.jpg
6912699,https://recipe1.ezmember.co.kr/cache/recipe/2019/05/24/8a6fefba8c63b2debc9236795c8fb62a1_f.jpg
6830623,https://recipe1.ezmember.co.kr/cache/recipe/2015/07/24/035ec2da2712dc3f8e083252b34b1ce11_f.jpg
6865674,https://recipe1.ezmember.co.kr/cache/recipe/2017/02/22/e6c32545b0c84ef7143c705ce7cfd73b1_f.jpg
6846477,https://recipe1.ezmember.co.kr/cache/recipe/2016/04/14/4536921f3208c84e328072f7591dfc921_f.jpg
6886697,https://recipe1.ezmember.co.kr/cache/recipe/2018/04/04/f1c859b0d76d1307917f915d70bf38231_f.jpg
6872269,https://recipe1.ezmember.co.kr/cache/recipe/2017/07/05/7d0885ad2120911d93c2782586eb11631_f.jpg
6915040,https://recipe1.ezmember.co.kr/cache/recipe/2019/07/01/c0b2916c36b7732df1722d890b16b75d1_f.jpg
6877710,https://recipe1.ezmember.co.kr/cache/recipe/2017/10/11/2a3883e8eb215d18aa5705c05f404a211_f.jpg
6737427,https://recipe1.ezmember.co.kr/cache/recipe/2015/05/06/0bf39655c98f7760939060df36d8083c1_f.jpg
7001925,https://recipe1.ezmember.co.kr/cache/recipe/2023/05/09/865203e347381b8f0a2b89b90cca1dd61_f.jpg
6969449,https://recipe1.ezmember.co.kr/cache/recipe/2021/11/22/b0dcf5992554a2fe324a39a352410bd61_f.jpg
6912700,https://recipe1.ezmember.co.kr/cache/recipe/2019/05/24/963aa23db762b23a18800e733d2c4a011_f.jpg
6940507,https://recipe1.ezmember.co.kr/cache/recipe/2020/08/31/60cc5d149a7a266b1b78a18a11567fef1_f.jpg
6892054,https://recipe1.ezmember.co.kr/cache/recipe/2018/07/05/e5435e6c28d21507feeacf89365e527c1_f.jpg
6888569,https://recipe1.ezmember.co.kr/cache/recipe/2018/05/09/e1a07ed162a77e67ee108fc7ced31c221_f.jpg
6933847,https://recipe1.ezmember.co.kr/cache/recipe/2020/06/05/0eaa709331eeef700d8ce3b209ebb36f1_f.jpg
6948897,https://recipe1.ezmember.co.kr/cache/recipe/2020/12/21/cb369b409056e735bc88a2ce6481165e1_f.jpg
6860948,https://recipe1.ezmember.co.kr/cache/recipe/2016/11/17/554a37d23bafc13bd405784dc9c4a35f1_f.jpg
6909254,https://recipe1.ezmember.co.kr/cache/recipe/2019/03/26/6d18254e72d5d0db27948e770f545d461_f.jpg
6829602,https://recipe1.ezmember.co.kr/cache/recipe/2015/08/10/fc6470a27ec9936a8a638b180a653e991_f.jpg
6908055,https://recipe1.ezmember.co.kr/cache/recipe/2019/03/09/2b053e59801c2010591c46acd0e27e5e1_f.jpg
6906200,https://recipe1.ezmember.co.kr/cache/recipe/2019/02/09/966cfc5ff067210d78a7f89cdeba5acb1_f.jpg
6950106,https://recipe1.ezmember.co.kr/cache/recipe/2021/01/05/29ee6d983b84076684f9eb78732c6bb51_f.jpg
6851021,https://recipe1.ezmember.co.kr/cache/recipe/2016/06/15/8aa0ae7e4ec143c39e07bde95630d9441_f.jpg
6909203,https://recipe1.ezmember.co.kr/cache/recipe/2019/11/16/32516ea995efe3ad8d5990f09f10cb681_f.png
6852225,https://recipe1.ezmember.co.kr/cache/recipe/2016/07/04/37c632e312eff36ad4c3bdd2e9c243c11_f.jpg
6934069,https://recipe1.ezmember.co.kr/cache/recipe/2020/06/08/c0db20865136f0ae65cf7b0dcc21241b1_f.jpg
6809212,https://recipe1.ezmember.co.kr/cache/recipe/2015/06/02/f1a667a76770ca0f5420de666bbe40001_f.jpg
6872201,https://recipe1.ezmember.co.kr/cache/recipe/2017/07/03/f0b2639a2931af01334e73ce891071841_f.jpg
6903011,https://recipe1.ezmember.co.kr/cache/recipe/2018/12/27/30dec9e24b6d5d3aded1254b3a32c9f31_f.jpg
6897595,https://recipe1.ezmember.co.kr/cache/recipe/2018/10/10/67ff3e07429eca362dbcf21d897f08af1_f.jpg
6949542,https://recipe1.ezmember.co.kr/cache/recipe/2020/12/29/957b722f04185926c0f8296a95da7c781_f.jpg
6848390,https://recipe1.ezmember.co.kr/cache/recipe/2016/05/18/e4314357f73b45b9b6edb856528ac3db1_f.jpg
6958119,https://recipe1.ezmember.co.kr/cache/recipe/2021/05/10/d43d9e04aaafb295be23711d556df90c1_f.jpg
6910251,https://recipe1.ezmember.co.kr/cache/recipe/2019/04/11/0d57a274679dbe4fca34a4b7f8a47dcf1_f.jpg
6925292,https://recipe1.ezmember.co.kr/cache/recipe/2019/11/06/8142c1e7e80e02a0926ae28ac249980b1_f.jpg
5397773,https://recipe1.ezmember.co.kr/cache/recipe/2015/04/09/0d64102415264a496456579993e00c0d1_f.JPG
6914361,https://recipe1.ezmember.co.kr/cache/recipe/2019/06/20/5212b7cb721068e8c466d0d1cb70f7321_f.jpg
6931737,https://recipe1.ezmember.co.kr/cache/recipe/2020/04/28/017e3749a5d27c78673935c1b120e3c31_f.jpg
6993776,https://recipe1.ezmember.co.kr/cache/recipe/2022/12/14/8f6dd6afc1d80b6cfe83fa3c641bcf6c1_f.jpg
6953822,https://recipe1.ezmember.co.kr/cache/recipe/2021/02/19/595a45ca5bd9e284d9e8820a562a6dd21_f.jpg
6864935,https://recipe1.ezmember.co.kr/cache/recipe/2017/02/08/df01049072f9d90e7c3d54f3e806dc1c1_f.jpg
6977761,https://recipe1.ezmember.co.kr/cache/recipe/2022/04/12/5d5396c31b0d0e756d47eb0ca30474951_f.jpg
6895905,https://recipe1.ezmember.co.kr/cache/recipe/2018/09/15/b6e5bd9ac31790185c03f493f7c71ee01_f.jpg
6911567,https://recipe1.ezmember.co.kr/cache/recipe/2019/05/03/009a6ef22635a4b0e2707e728d1e787a1_f.jpg
6912202,https://recipe1.ezmember.co.kr/cache/recipe/2019/05/15/2daf3fc8984bbb0da1023b648664bcff1_f.jpg
5980412,https://recipe1.ezmember.co.kr/cache/recipe/2015/06/08/cb95e8b0951af561db00fd2549f4da761_f.JPG
6834082,https://recipe1.ezmember.co.kr/cache/recipe/2015/09/11/ebaa97e301069748e9bde7e326b069f21_f.jpg
6951765,https://recipe1.ezmember.co.kr/cache/recipe/2021/01/22/695dad23c85ef6f9f6c7ceac1060beab1_f.jpg
6838356,https://recipe1.ezmember.co.kr/cache/recipe/2015/11/19/94bd67cfe3be3197a8268dfc1f4bf7b71_f.jpg
6920582,https://recipe1.ezmember.co.kr/cache/recipe/2019/10/14/18f71dfb05ce65a6eac67d33957e32861_f.jpg
7012823,https://recipe1.ezmember.co.kr/cache/recipe/2023/10/28/06bbeb5c4bb0afddfe833f361649e9a31_f.jpg
6837169,https://recipe1.ezmember.co.kr/cache/recipe/2015/10/30/db50924e0c41ba1c51696bd5950ee67a1_f.jpg
6904150,https://recipe1.ezmember.co.kr/cache/recipe/2019/01/12/20771ddcec4739e985e38bba4554ff051_f.jpg
6923050,https://recipe1.ezmember.co.kr/cache/recipe/2019/12/04/daaccd7ac345506d54d1c8885d177fa81_f.jpg
6873151,https://recipe1.ezmember.co.kr/cache/recipe/2017/07/21/fd094331ffb4f228ad9bf8d39c24a9561_f.jpg
6875623,https://recipe1.ezmember.co.kr/cache/recipe/2017/08/30/32a1741c6cbdbd4f5b8af41bdb35df881_f.jpg
4354791,https://recipe1.ezmember.co.kr/cache/recipe/2015/06/08/37de7f4e0445dee317d9caadfaf0331f_f.jpg
6936152,https://recipe1.ezmember.co.kr/cache/recipe/2020/07/09/4a035671d5f2c37f82162f2fdcb923911_f.jpg
6901132,https://recipe1.ezmember.co.kr/cache/recipe/2018/12/02/aebaaa2b50c9273440d615fb51a754131_f.jpg
6854209,https://recipe1.ezmember.co.kr/cache/recipe/2016/08/08/bd15e127d2c0257fe945f1db05ca517b1_f.jpg
6897931,https://recipe1.ezmember.co.kr/cache/recipe/2018/10/15/ef529a4bbeaa65a0eaa03d972c2db6211_f.jpg
6992512,https://recipe1.ezmember.co.kr/cache/recipe/2022/11/23/05c454d4b1297cc9c25bb1529ac526381_f.jpg
6894448,https://recipe1.ezmember.co.kr/cache/recipe/2018/08/20/fdc99ac83bace9651b0a01d456cb24451_f.JPG
6939437,https://recipe1.ezmember.co.kr/cache/recipe/2021/08/10/3689880ab89b9434203e6036b2c706591_f.jpg
6891227,https://recipe1.ezmember.co.kr/cache/recipe/2018/06/20/c6cc725ce1788de21bb993b95b66f6c21_f.jpg
6912085,https://recipe1.ezmember.co.kr/cache/recipe/2019/05/13/5f365f32d088a15dbe5af6cae1ebb6a41_f.jpg
4398206,https://recipe1.ezmember.co.kr/cache/recipe/2015/06/08/8e9711fdac0570075b808e795578462b_f.jpg
6671360,https://recipe1.ezmember.co.kr/cache/recipe/2015/05/18/dea8cd530582a70280429ece517e71271_f.jpg
5380902,https://recipe1.ezmember.co.kr/cache/recipe/2015/06/18/a43e80f4204444cf7ab9cf73ed270cf8_f.jpg
6923526,https://recipe1.ezmember.co.kr/cache/recipe/2019/12/13/cc6da9d5646ae0184bc8083c52e4ffb01_f.jpg
7071984,https://recipe1.ezmember.co.kr/cache/recipe/2026/02/23/4e5ded42c9ad4ba690a2e1267060b1c01_f.jpg
6936436,https://recipe1.ezmember.co.kr/cache/recipe/2020/07/12/ee0fce5b418f70c4345c6caf21517cd91_f.jpg
6912418,https://recipe1.ezmember.co.kr/cache/recipe/2019/05/19/64ef7c062d16c33ec9962c91ea1a050d1_f.jpg
6901248,https://recipe1.ezmember.co.kr/cache/recipe/2018/12/03/f614271c9dc5d048f4a42af1003d4a3c1_f.jpg
6708367,https://recipe1.ezmember.co.kr/cache/recipe/2015/04/18/a55b41bd32c1c5145fc8420a8d033bb61_f.jpg
6873456,https://recipe1.ezmember.co.kr/cache/recipe/2017/07/26/1f7d91cf9fc7426014b46abfbd2cda0f1_f.jpg
6936782,https://recipe1.ezmember.co.kr/cache/recipe/2020/07/16/89d51d5b342246ce05cfd405ef5187611_f.jpg
6949756,https://recipe1.ezmember.co.kr/cache/recipe/2020/12/27/dafcca76e18f660ac8b45356ee88554f1_f.jpg
6935719,https://recipe1.ezmember.co.kr/cache/recipe/2020/07/04/473ab50dfaf0fde70dab3d10b7cbec9b1_f.jpg
6961770,https://recipe1.ezmember.co.kr/cache/recipe/2021/07/15/5886cee74487c8ba9cab689c8d3add021_f.jpg
6845889,https://recipe1.ezmember.co.kr/cache/recipe/2016/04/04/e98dd28eeb7db475c9075e491da92f3e1_f.jpg
6856966,https://recipe1.ezmember.co.kr/cache/recipe/2016/09/13/07b0a34f6a0bcdd7c2af58184137df131_f.jpg
6904053,https://recipe1.ezmember.co.kr/cache/recipe/2019/01/10/6ec26406ca1c9f03764749489571c80a1_f.jpg
5396084,https://recipe1.ezmember.co.kr/cache/recipe/2015/04/02/b5249f86c9bdc866c9af7b21833f48aa_f.jpg
6908763,https://recipe1.ezmember.co.kr/cache/recipe/2019/03/19/7db87741fc94649c8dae02f8270911b71_f.jpg
6931757,https://recipe1.ezmember.co.kr/cache/recipe/2020/04/28/6885067355517c1883c84ded6eb911301_f.jpg
6840925,https://recipe1.ezmember.co.kr/cache/recipe/2015/12/30/7e84252cd6194eef336a06cf6434dfb11_f.jpg
6908751,https://recipe1.ezmember.co.kr/cache/recipe/2019/03/19/894648b70dbe58d5fdd8f29234dc778b1_f.jpg
6901296,https://recipe1.ezmember.co.kr/cache/recipe/2018/12/04/0374e43ddb7a1f63ddfc04f7b7bfafaf1_f.jpg
6913141,https://recipe1.ezmember.co.kr/cache/recipe/2019/06/03/09e312dc139c1ea482d306b2bdf1de9b1_f.jpg
7002820,https://recipe1.ezmember.co.kr/cache/recipe/2023/05/24/aa24186c18d0222acc6aa22980135e931_f.jpg
6834337,https://recipe1.ezmember.co.kr/cache/recipe/2015/09/14/d2b19b9dd0fce38a7921d357eefd92381_f.jpg
6868500,https://recipe1.ezmember.co.kr/cache/recipe/2017/04/16/d62d8c1b06a1dadc4b3f6593dd5663a61_f.jpg
6892131,https://recipe1.ezmember.co.kr/cache/recipe/2018/06/27/4ef78e2b51f9a9238420e2a8134854f61_f.jpg
6892659,https://recipe1.ezmember.co.kr/cache/recipe/2018/07/11/8a3bf8f506e996cbf515944e48f784651_f.jpg
6834391,https://recipe1.ezmember.co.kr/cache/recipe/2015/09/05/997f5e0540b6ba38652bb5239cf299491_f.jpg
6948205,https://recipe1.ezmember.co.kr/cache/recipe/2020/12/12/69cd87b7beaf9adf1d74235714dbeb2f1_f.jpg
6927490,https://recipe1.ezmember.co.kr/cache/recipe/2020/03/01/fb078d433eed9c4a37812d503f484ba11_f.jpg
4724607,https://recipe1.ezmember.co.kr/cache/recipe/2015/06/17/3452fa0c40a389b7446a622403e4c70f_f.jpg
6900140,https://recipe1.ezmember.co.kr/cache/recipe/2018/11/10/8d501b02e71e22dc0517cb5e210007b41_f.jpg
7005559,https://recipe1.ezmember.co.kr/cache/recipe/2023/07/06/becc5e699a6c7853fd526b891333c0b91_f.jpg
6845603,https://recipe1.ezmember.co.kr/cache/recipe/2016/03/30/5b6ce1e2d023b2c18932e5f6d76a485d1_f.jpg
6862699,https://recipe1.ezmember.co.kr/cache/recipe/2016/12/15/37b3c80dd233785368c1256e8b67bcc81_f.jpg
6904733,https://recipe1.ezmember.co.kr/cache/recipe/2019/02/27/3fc9bf3102c333211c1fed4912f375f21_f.jpg
6913431,https://recipe1.ezmember.co.kr/cache/recipe/2019/06/04/1c209116425a7735551125a121e1a89c1_f.jpg
6849788,https://recipe1.ezmember.co.kr/cache/recipe/2016/05/23/ca7c04a72292e5ad51b029c9123963e61_f.gif
6861484,https://recipe1.ezmember.co.kr/cache/recipe/2016/11/23/dd963a94c32098f5ff823c52ccc657611_f.jpg
6923017,https://recipe1.ezmember.co.kr/cache/recipe/2019/12/03/d6bfc4255889d2cd53452526df46289d1_f.jpg
4546345,https://recipe1.ezmember.co.kr/cache/recipe/2015/06/03/dc22a278ebbbf6eb1a60e433e45148161_f.jpg
5802437,https://recipe1.ezmember.co.kr/cache/recipe/2015/03/19/d971d56b57909a1b441457ba1e836f18_f.jpg
6911109,https://recipe1.ezmember.co.kr/cache/recipe/2019/04/25/49182a41cc19efd0227f0f4fbf5708eb1_f.jpg
6966073,https://recipe1.ezmember.co.kr/cache/recipe/2021/09/23/7bbe77c7a10f34ad0893c8166e81e72b1_f.jpg
6918933,https://recipe1.ezmember.co.kr/cache/recipe/2019/09/09/ea8a9d325cd34acf753bbfe6725de08a1_f.jpg
6829223,https://recipe1.ezmember.co.kr/cache/recipe/2015/07/13/0418e4324136ecf3c01baf65a13f71f61_f.jpg
6917350,https://recipe1.ezmember.co.kr/cache/recipe/2019/08/12/a23f9241b89639338c06b3ed808a8c211_f.jpg
6906794,https://recipe1.ezmember.co.kr/cache/recipe/2019/02/17/b06d3fa3fb78363076d7cb5fe5d2d91b1_f.jpg
6847269,https://recipe1.ezmember.co.kr/cache/recipe/2016/04/28/7b32cc4d5d0b3b5f374a18006eb99c501_f.jpg
6913971,https://recipe1.ezmember.co.kr/cache/recipe/2019/06/14/0396cbfd0c8f6ac393e876eaf49c252a1_f.jpg
5372032,https://recipe1.ezmember.co.kr/cache/recipe/2015/06/03/de671b953fe465b2dbd0f976438f564b1_f.jpg
7022774,https://recipe1.ezmember.co.kr/cache/recipe/2024/03/22/03ff16a7c8bf26b008ff6ef26f637a071_f.jpg
7013286,https://recipe1.ezmember.co.kr/cache/recipe/2023/11/10/d698804b8c3a3bb6f15bc57cbe1a17c61_f.jpg
6830848,https://recipe1.ezmember.co.kr/cache/recipe/2015/07/31/1968e4f058b2d88dba6b2bd03e57489a1_f.jpg
6926458,https://recipe1.ezmember.co.kr/cache/recipe/2020/02/12/dd72a070da337deb70078108df537cad1_f.jpg
6929263,https://recipe1.ezmember.co.kr/cache/recipe/2020/03/25/3fa60dea58f91afcf0ae6c37ff8419711_f.jpg
6900708,https://recipe1.ezmember.co.kr/cache/recipe/2018/11/23/bb00c450b7b04ffef47e14f970b9a0251_f.jpg
6899765,https://recipe1.ezmember.co.kr/cache/recipe/2018/11/08/ff2a366b18e705528e4321085b14484f1_f.jpg
6906217,https://recipe1.ezmember.co.kr/cache/recipe/2019/02/09/8700aa580d54f29fd7353d37b2b9b4e31_f.jpg
6908571,https://recipe1.ezmember.co.kr/cache/recipe/2019/03/17/24bc0a077f9e334408335b2b879e29601_f.jpg
6968371,https://recipe1.ezmember.co.kr/cache/recipe/2021/11/07/919fb418cae6c21ec680348f074c58661_f.jpg
6849661,https://recipe1.ezmember.co.kr/cache/recipe/2016/05/20/e66d86384cb8d2a9a0bcbbbe05489bb31_f.jpg
6975261,https://recipe1.ezmember.co.kr/cache/recipe/2022/02/28/a512f9b1745a2fd22a1e04a298ce17871_f.jpg
6983881,https://recipe1.ezmember.co.kr/cache/recipe/2022/07/20/4fd404d196a35f6ed88f24519dd895c81_f.jpg
6994300,https://recipe1.ezmember.co.kr/cache/recipe/2022/12/26/c1b1fbe929bfee6a96313f6590546a8d1_f.jpg
6845952,https://recipe1.ezmember.co.kr/cache/recipe/2016/04/05/69f3a1bd8dea4a11b19ed72cab56611f1_f.jpg
6990676,https://recipe1.ezmember.co.kr/cache/recipe/2022/10/31/e987a3bf36e672c8b4659c5d92884fc71_f.jpg
6952648,https://recipe1.ezmember.co.kr/cache/recipe/2021/02/02/d1baf85d91e2edf1ccfeae571c0d30701_f.jpg
6940755,https://recipe1.ezmember.co.kr/cache/recipe/2020/09/03/ed002a614ae0647418b5fc3f752ba3941_f.jpg
6654935,https://recipe1.ezmember.co.kr/cache/recipe/2015/04/01/564a5af8d4d3d9cdb99b6325b5898d821_f.JPG
6901496,https://recipe1.ezmember.co.kr/cache/recipe/2018/12/07/b48a694edc3b313839c9a9e3155e23201_f.jpg
6841852,https://recipe1.ezmember.co.kr/cache/recipe/2016/01/20/4509955c430f1618c4eea18e4d44dfcc1_f.jpg
4000677,https://recipe1.ezmember.co.kr/cache/recipe/2015/06/23/b8630d4684bfc83a0d2148f55384f0e4_f.jpg
6860248,https://recipe1.ezmember.co.kr/cache/recipe/2016/11/09/7be6b90fce05ceca88cbab6f66789eb81_f.jpg
6858167,https://recipe1.ezmember.co.kr/cache/recipe/2016/10/10/138847add2e1e8e1360e194ba3fea9111_f.jpg
6844919,https://recipe1.ezmember.co.kr/cache/recipe/2016/03/18/a0b0d8544506304ec6de70fdb9a1cfbe1_f.jpg
6942610,https://recipe1.ezmember.co.kr/cache/recipe/2020/09/22/94da216385b11b581beed1729cd51efd1_f.jpg
2652936,https://recipe1.ezmember.co.kr/cache/recipe/2015/08/14/a4437e3c2619c6acd5f8d6cada3d69e5_f.jpg
6873455,https://recipe1.ezmember.co.kr/cache/recipe/2017/07/26/6e231f07a9e1c882fef0f03f5656e6b21_f.jpg
6869298,https://recipe1.ezmember.co.kr/cache/recipe/2017/04/26/016c1a84930d9feac3753c1fae8164191_f.jpg
6988390,https://recipe1.ezmember.co.kr/cache/recipe/2022/09/28/099525666a9928e318fdf398e4b8cdb41_f.jpg
6835477,https://recipe1.ezmember.co.kr/cache/recipe/2015/10/02/808f986df3d05a0545b7fb444aff32891_f.jpg
6955548,https://recipe1.ezmember.co.kr/cache/recipe/2021/03/21/19e694ec69e1c77eda560ef492ff30601_f.jpg
6870946,https://recipe1.ezmember.co.kr/cache/recipe/2017/06/08/06c020b05b1ab969b923566e1a7083a51_f.jpg
6952192,https://recipe1.ezmember.co.kr/cache/recipe/2021/01/27/7fb778427ae0a720bb78c5967ec4b8ac1_f.jpg
6882123,https://recipe1.ezmember.co.kr/cache/recipe/2018/01/11/9f47ebd29dfc585e2a9910837a39e26f1_f.jpg
6886836,https://recipe1.ezmember.co.kr/cache/recipe/2018/04/06/40f01cc0200b66763805dd7a0de261431_f.jpg
6837920,https://recipe1.ezmember.co.kr/cache/recipe/2015/11/11/993bc8ade154a8758b7adb8902810f961_f.jpg
6879573,https://recipe1.ezmember.co.kr/cache/recipe/2017/11/14/af0615469828c66be3fea06b8da9c2a91_f.jpg
6953532,https://recipe1.ezmember.co.kr/cache/recipe/2021/02/16/0219064ca5b55e142f8c78379af2b9b01_f.jpg
6914062,https://recipe1.ezmember.co.kr/cache/recipe/2019/06/16/adfd604f857b6a4aeb297a13e9c81ab21_f.jpg
6969970,https://recipe1.ezmember.co.kr/cache/recipe/2021/12/01/121f6b3095ef5e665140e4a1191bb92b1_f.jpg
6902953,https://recipe1.ezmember.co.kr/cache/recipe/2018/12/27/efe52034e17366c48b1aee7b6149f7fa1_f.jpg
6960482,https://recipe1.ezmember.co.kr/cache/recipe/2021/06/19/c48e415a13d985660f340ffa51ce26121_f.jpg
6898919,https://recipe1.ezmember.co.kr/cache/recipe/2018/10/26/84dc68b4ab239352e0ee10a1e21ce0e51_f.jpg
6915720,https://recipe1.ezmember.co.kr/cache/recipe/2019/07/12/c9be1f67cdb0c445ae2e28e788e274791_f.jpg
6839561,https://recipe1.ezmember.co.kr/cache/recipe/2015/12/10/ff517fb24415deec85c1513ab170a3af1_f.jpg
6973692,https://recipe1.ezmember.co.kr/cache/recipe/2022/01/29/398942cb10cd1064de2318c5574db0b11_f.jpg
6833388,https://recipe1.ezmember.co.kr/cache/recipe/2015/09/02/e1cf92d761b0b15bd0d01ea700d1444f1_f.jpg
6888750,https://recipe1.ezmember.co.kr/cache/recipe/2018/05/13/85c6b2b3ad3cdf216aa5d8894c5cf3dd1_f.jpg
6895270,https://recipe1.ezmember.co.kr/cache/recipe/2018/09/04/17434f4bec0176616c49f4dad3ff1ec91_f.jpg
4442911,https://recipe1.ezmember.co.kr/cache/recipe/2015/06/18/68dba7f55a3413f866cba88f291dbdd0_f.jpg
6949530,https://recipe1.ezmember.co.kr/cache/recipe/2020/12/29/517e3dddca538570228aa310c9ec4a611_f.jpg
6974777,https://recipe1.ezmember.co.kr/cache/recipe/2022/02/18/d31d08b982868f9587324d0c1b838e421_f.jpg
6922168,https://recipe1.ezmember.co.kr/cache/recipe/2019/11/14/3700ea1ef5eee0a867bbab6049dc46cb1_f.jpg
6930390,https://recipe1.ezmember.co.kr/cache/recipe/2020/04/10/6e46902698bc51dae721c340fd08a6071_f.jpg
6912935,https://recipe1.ezmember.co.kr/cache/recipe/2019/05/29/c6eefcf49f4b8204c7f2558dcb76a4721_f.jpg
6958943,https://recipe1.ezmember.co.kr/cache/recipe/2021/05/22/dbce57732aee0693f79cd8b7d3645ca51_f.jpg
6960117,https://recipe1.ezmember.co.kr/cache/recipe/2021/06/13/afc12225b5e3f7db6c1d94c4cb1a96e01_f.jpg
6856599,https://recipe1.ezmember.co.kr/cache/recipe/2016/09/07/085a938acee2b92404c60480109813ec1_f.jpg
6904190,https://recipe1.ezmember.co.kr/cache/recipe/2019/01/12/a0408739c4a083a0b121ad878b23bb351_f.jpg
6903648,https://recipe1.ezmember.co.kr/cache/recipe/2019/01/06/3f325b81c7a63b93472a889226260fab1_f.jpg
5038833,https://recipe1.ezmember.co.kr/cache/recipe/2015/04/02/556921cfde243c050f5a19eeb4ede6ef1_f.jpg
6920199,https://recipe1.ezmember.co.kr/cache/recipe/2019/10/05/c6c03eff175d6c237e456f574fa8fb691_f.jpg
7067585,https://recipe1.ezmember.co.kr/cache/recipe/2025/12/04/d7234cb7124e5b5ad248a831b7d9ee051_f.jpg
6992608,https://recipe1.ezmember.co.kr/cache/recipe/2022/11/24/75fd162a5235e610f16ba8655cac5f221_f.jpg
4594210,https://recipe1.ezmember.co.kr/cache/recipe/2015/06/08/26c754fe072ef699ef106be30b90b2b6_f.jpg
6942896,https://recipe1.ezmember.co.kr/cache/recipe/2020/09/26/3709c78d8ae7e8ccdfd4068f1969cc1b1_f.jpg
6832103,https://recipe1.ezmember.co.kr/cache/recipe/2015/08/11/bde9391e1ec93e55fedda99d822e0d6d1_f.jpg
6943109,https://recipe1.ezmember.co.kr/cache/recipe/2020/09/29/2a35fa6419fb73b98b3dac064196a37f1_f.jpg
6915585,https://recipe1.ezmember.co.kr/cache/recipe/2019/07/09/614ab6219a518ea0e98efcae79cae9301_f.jpg
7041542,https://recipe1.ezmember.co.kr/cache/recipe/2024/12/30/29cf9822fd637c12e160c9708b478e7f1_f.jpg
6941518,https://recipe1.ezmember.co.kr/cache/recipe/2020/09/11/681b80937f10d2841d913f738babc2f91_f.jpg
6830008,https://recipe1.ezmember.co.kr/cache/recipe/2015/07/09/c0907d4d7dcf0a85cbbc8c702bce94db1_f.jpg
6908262,https://recipe1.ezmember.co.kr/cache/recipe/2019/03/12/804ee9e7c911d8b6daf926160f9d85dd1_f.jpg
6870983,https://recipe1.ezmember.co.kr/cache/recipe/2017/06/09/79286624d275471df9fe1f923f990bde1_f.jpg
6831764,https://recipe1.ezmember.co.kr/cache/recipe/2015/08/12/3ab84ba0d1717e250d37a9154e46532a1_f.jpg
6856474,https://recipe1.ezmember.co.kr/cache/recipe/2016/09/03/09f2d47938109b02ad12cfab58c9c5171_f.jpg
6894556,https://recipe1.ezmember.co.kr/cache/recipe/2018/08/22/11d0015708eab067cd1af3bb4d9664801_f.jpg
6879154,https://recipe1.ezmember.co.kr/cache/recipe/2017/11/06/8493b653c5953e350b66bc8d2c897f9c1_f.jpg
4823556,https://recipe1.ezmember.co.kr/cache/recipe/2015/06/16/de9e7b20f98782697d980c8a0b72fe45_f.jpg
7052224,https://recipe1.ezmember.co.kr/cache/recipe/2025/05/05/7cbc1db8cfb5ff272193ae9d81f6dee81_f.jpg
2679814,https://recipe1.ezmember.co.kr/cache/recipe/2015/08/18/61072e90da98c24e75cf760c216a8dde_f.jpg
6906276,https://recipe1.ezmember.co.kr/cache/recipe/2019/02/10/631abe81c64de392f4375c011976c9721_f.jpg
6734309,https://recipe1.ezmember.co.kr/cache/recipe/2015/04/28/ff6564276ecb38c59d77866bf943177e1_f.jpg
6996583,https://recipe1.ezmember.co.kr/cache/recipe/2023/02/07/23a974e082a921911e114067edbec1e71_f.jpg
6896806,https://recipe1.ezmember.co.kr/cache/recipe/2018/09/30/edc1ea5375a149a636508973da3f88131_f.jpg
6998742,https://recipe1.ezmember.co.kr/cache/recipe/2023/03/12/f8da1480e4dd279833f956cfb889420f1_f.jpg
6910705,https://recipe1.ezmember.co.kr/cache/recipe/2019/04/18/885abafe89c913e8782deeab560cbbb11_f.jpg
6886310,https://recipe1.ezmember.co.kr/cache/recipe/2018/03/29/7e7375871c989f815db3e5009fb653f31_f.jpg
6947144,https://recipe1.ezmember.co.kr/cache/recipe/2020/11/28/e59a049fc241a5d67d22324d60b287d41_f.jpg
6918242,https://recipe1.ezmember.co.kr/cache/recipe/2019/08/26/892171d8193b2242406657c5609f055e1_f.jpg
6869141,https://recipe1.ezmember.co.kr/cache/recipe/2017/04/30/4b1bf85028e706e657d09e5972886f921_f.jpg
6938348,https://recipe1.ezmember.co.kr/cache/recipe/2020/08/04/62d591e6a07dd634279c30c10352a3301_f.jpg
6957900,https://recipe1.ezmember.co.kr/cache/recipe/2021/05/06/0782905699179ec8d631ed969ee62e031_f.jpg
6862951,https://recipe1.ezmember.co.kr/cache/recipe/2016/12/21/3819f7cfdf34b8f7255e33dc562b06911_f.jpg
6845814,https://recipe1.ezmember.co.kr/cache/recipe/2016/04/01/1b48229018f44907ab2e9728d9a6acbd1_f.jpg
6857517,https://recipe1.ezmember.co.kr/cache/recipe/2016/09/27/e13d632b7d2ee782c316baba7e69476a1_f.jpg
6839355,https://recipe1.ezmember.co.kr/cache/recipe/2015/11/20/bc84a648a87544e388fff6fe80f8afd81_f.jpg
6892902,https://recipe1.ezmember.co.kr/cache/recipe/2018/07/22/8592f4ee8068c2c1ec0ec423ca2576e11_f.jpg
2374646,https://recipe1.ezmember.co.kr/cache/recipe/2015/06/08/671c8c10c7e15eede0edcb5025cc9ca6_f.jpg
6977101,https://recipe1.ezmember.co.kr/cache/recipe/2022/03/28/2921a491859330df39e77705981f6ef01_f.jpg
6923933,https://recipe1.ezmember.co.kr/cache/recipe/2019/12/23/2ccdf6d5561e98321a26dfc5d7ad30351_f.jpg
6943744,https://recipe1.ezmember.co.kr/cache/recipe/2020/10/09/36948d09044260f741ed1c6c1b2562891_f.jpg
7004087,https://recipe1.ezmember.co.kr/cache/recipe/2023/06/15/98a8a88281eda316ea135f672a91b3ec1_f.jpg
2764467,https://recipe1.ezmember.co.kr/cache/recipe/2015/04/23/6c29512b30f9cf97dda1efcb11ca58fd1_f.jpg
6854622,https://recipe1.ezmember.co.kr/cache/recipe/2016/08/15/05db542a03832b5622c07eebd42e79f91_f.jpg
6990841,https://recipe1.ezmember.co.kr/cache/recipe/2022/11/01/900e176108b6d71c47d3910339591c0a1_f.jpg
6879620,https://recipe1.ezmember.co.kr/cache/recipe/2017/11/15/8ddc34b9c7f8a429651c1f6555b1dda01_f.jpg
6834495,https://recipe1.ezmember.co.kr/cache/recipe/2015/09/17/ec0886827e2471eadebd349fda887e571_f.jpg
6864803,https://recipe1.ezmember.co.kr/cache/recipe/2017/01/30/c0ff3d58aacb1e17c8b50a04063783581_f.jpg
7017304,https://recipe1.ezmember.co.kr/cache/recipe/2024/01/08/e2affe6f34b538a8d3086e9e2b450e2b1_f.jpg
5194784,https://recipe1.ezmember.co.kr/cache/recipe/2015/06/08/3d9da40b2b8fd204e140f1d41e67058c_f.jpg
6846698,https://recipe1.ezmember.co.kr/cache/recipe/2016/04/19/6d32f8e5105d48435297697e8047abda1_f.jpg
6836757,https://recipe1.ezmember.co.kr/cache/recipe/2015/10/23/d8473f7ddba887ec818ef876c785100e1_f.jpg
6882498,https://recipe1.ezmember.co.kr/cache/recipe/2018/01/18/833bb21fe219233174cb016e9c3470f71_f.jpg
6829311,https://recipe1.ezmember.co.kr/cache/recipe/2015/06/24/c7e4963372223bc690c95e2d4befd7671_f.jpg
6949548,https://recipe1.ezmember.co.kr/cache/recipe/2020/12/29/9554df2c42dd731f9655a1247694753d1_f.jpg
6847652,https://recipe1.ezmember.co.kr/cache/recipe/2016/05/05/3e91645361fb3838ab3d7be268dc65301_f.jpg
6828880,https://recipe1.ezmember.co.kr/cache/recipe/2015/06/12/c51b0d73e0b0098b49b391be60967e2c1_f.jpg
5145142,https://recipe1.ezmember.co.kr/cache/recipe/2015/06/18/1b06f0d0dc0bb57aefb3fb7c645b8310_f.jpg
6991017,https://recipe1.ezmember.co.kr/cache/recipe/2022/11/04/327498a15d24bcda466943b5375e10d61_f.jpg
6862430,https://recipe1.ezmember.co.kr/cache/recipe/2016/12/14/df57aca83ecd257142270d067a1de0ef1_f.jpg
6909114,https://recipe1.ezmember.co.kr/cache/recipe/2019/03/25/beee07a016309c7c314f3265169091b31_f.jpg
6974325,https://recipe1.ezmember.co.kr/cache/recipe/2022/02/08/e7d89d3e0b425406d50ed20ff093fb741_f.jpg
6882069,https://recipe1.ezmember.co.kr/cache/recipe/2018/01/10/4fb7b6d400d59eeae8437ce9fef55aa21_f.jpg
6870452,https://recipe1.ezmember.co.kr/cache/recipe/2017/05/29/692f396e012863fde4c5d5f594c18eca1_f.jpg
6886160,https://recipe1.ezmember.co.kr/cache/recipe/2018/03/26/90aebce2efcfb0a63b0361daf9fbf1351_f.jpg
6957570,https://recipe1.ezmember.co.kr/cache/recipe/2021/04/29/ae09337899f894771085e4499b8b9dd31_f.jpg
6876416,https://recipe1.ezmember.co.kr/cache/recipe/2017/09/13/40a2ad36c3767c1ee9a943b92ccb71891_f.jpg
7071213,https://recipe1.ezmember.co.kr/cache/recipe/2026/02/08/f3493a77e8b49a5d0970807d81d3fdfd1_f.jpg
6904297,https://recipe1.ezmember.co.kr/cache/recipe/2019/01/14/2be2c349d962f3ec18c37208e87390e81_f.jpg
6972991,https://recipe1.ezmember.co.kr/cache/recipe/2022/01/10/0a374a8d25f67d98e23bc6099a76f41d1_f.jpg
6943250,https://recipe1.ezmember.co.kr/cache/recipe/2020/10/02/ad532fca7cb8d0e2c4bfd63ba508ad3c1_f.jpg
7006066,https://recipe1.ezmember.co.kr/cache/recipe/2023/07/13/d6fdf9bbcd05f86cd72d1558a53a8bd71_f.jpg
6895807,https://recipe1.ezmember.co.kr/cache/recipe/2018/09/14/a121b300df3519626d2e295acaff3eb21_f.jpg
6835079,https://recipe1.ezmember.co.kr/cache/recipe/2015/09/25/ac3df605ce6f31bd874226ec9f85c6321_f.jpg
6833795,https://recipe1.ezmember.co.kr/cache/recipe/2015/09/08/748f020b1bb876daa870c2f6ed2758931_f.jpg
6972895,https://recipe1.ezmember.co.kr/cache/recipe/2022/01/17/520c41af45f28ed4de14b0ee90b9f2991_f.jpg
6659958,https://recipe1.ezmember.co.kr/cache/recipe/2015/03/26/370263f4ddaf10c492eaf2b709254efe1_f.jpg
6932825,https://recipe1.ezmember.co.kr/cache/recipe/2020/05/17/37d37353c286b14448976bb6f29a46c01_f.jpg
6876811,https://recipe1.ezmember.co.kr/cache/recipe/2017/09/20/cadd75f485f19e30922e962829963a381_f.jpg
6832941,https://recipe1.ezmember.co.kr/cache/recipe/2015/08/27/d8db27f6acfdda0774296a8257ac22d71_f.jpg
6885040,https://recipe1.ezmember.co.kr/cache/recipe/2018/03/06/186e6a91934e745bfb6c3a754c4f1a551_f.jpg
6841297,https://recipe1.ezmember.co.kr/cache/recipe/2016/01/08/22e71b7688999362bd8ce644233adaff1_f.jpg
6912092,https://recipe1.ezmember.co.kr/cache/recipe/2019/05/13/0871a6b872512e83ebf290295ceb68671_f.jpg
7052677,https://recipe1.ezmember.co.kr/cache/recipe/2025/05/14/e2644039223d9778564e4c36559d2fc01_f.jpg
6853421,https://recipe1.ezmember.co.kr/cache/recipe/2016/07/25/0614fc52f22ef41c5b47226439e332561_f.jpg
6902057,https://recipe1.ezmember.co.kr/cache/recipe/2018/12/15/d43b5351d081c657226b1f41ec3de23d1_f.jpg
6901574,https://recipe1.ezmember.co.kr/cache/recipe/2018/12/07/5ab9cb656ad191f69c02d961975b87111_f.jpg
5773859,https://recipe1.ezmember.co.kr/cache/recipe/2015/04/09/915d3b60a28fcd11b6f24c04507ffcb11_f.jpg
6948351,https://recipe1.ezmember.co.kr/cache/recipe/2020/12/13/05a7d5766048b6ce4bfe2c517adb9fb61_f.jpg
6832494,https://recipe1.ezmember.co.kr/cache/recipe/2015/08/21/f0a5bba8a0cb3d1b54a206d2ee9a1e561_f.jpg
6964119,https://recipe1.ezmember.co.kr/cache/recipe/2021/08/28/15fce14841c15e277351a824b3d37bd51_f.jpg
7013508,https://recipe1.ezmember.co.kr/cache/recipe/2023/11/14/ab210d6ca0c73826c4ecf9711bc292531_f.jpg
6844861,https://recipe1.ezmember.co.kr/cache/recipe/2016/03/17/94426f3832959c7566b290984a50a41a1_f.jpg
6959620,https://recipe1.ezmember.co.kr/cache/recipe/2021/06/04/c06bcb72633e6b505851ac01df9df51f1_f.jpg
6862543,https://recipe1.ezmember.co.kr/cache/recipe/2016/12/13/2f4e0812d7fe7ccf6e311ef2f736cd441_f.jpg
6898957,https://recipe1.ezmember.co.kr/cache/recipe/2018/10/29/abb9d3d1b694bc92881637dfac7f956b1_f.jpg
6720844,https://recipe1.ezmember.co.kr/cache/recipe/2015/04/21/fd923c9a700f5cf6e5ace43aaa851dd91_f.jpg
6882475,https://recipe1.ezmember.co.kr/cache/recipe/2018/01/18/bc90d61808f34ae417aa9c0b1b7a4a381_f.jpg
6924973,https://recipe1.ezmember.co.kr/cache/recipe/2020/01/14/e1f8f9559bbdea285392befe50464c851_f.jpg
6929460,https://recipe1.ezmember.co.kr/cache/recipe/2020/03/28/7b347ee3d6f82b56b51e2fd43aded3cb1_f.jpg
6842432,https://recipe1.ezmember.co.kr/cache/recipe/2016/02/01/fe9cd36431c0b40c6f72f7ea02c838341_f.jpg
6858139,https://recipe1.ezmember.co.kr/cache/recipe/2016/10/09/facfc5bcec2279e1818e7c27ec31e0911_f.jpg
7039230,https://recipe1.ezmember.co.kr/cache/recipe/2024/11/24/9a7ddbc401f808dd23156ed8e90eb82a1_f.jpg
6908604,https://recipe1.ezmember.co.kr/cache/recipe/2019/03/18/11fced26c4a67f33e6f21f2764d40c521_f.jpg
7006635,https://recipe1.ezmember.co.kr/cache/recipe/2023/07/22/ae867a3ed1dfe1bca325940af480c7471_f.jpg
6974569,https://recipe1.ezmember.co.kr/cache/recipe/2022/02/15/846a992e30da0d5b3ffbe0fcc6d328ac1_f.jpg
6984638,https://recipe1.ezmember.co.kr/cache/recipe/2022/08/02/61080c89d1e6d5a6322e315fb51e19ef1_f.png
2380475,https://recipe1.ezmember.co.kr/cache/recipe/2015/07/31/579c08ae58b4ae44905d58eacc87bb75_f.jpg
6941986,https://recipe1.ezmember.co.kr/cache/recipe/2020/09/16/b52b8c432f86390d245148b05d41800e1_f.jpg
6862056,https://recipe1.ezmember.co.kr/cache/recipe/2016/12/02/190ecc71a9ccf402ef5f049187a96a351_f.jpg
6823913,https://recipe1.ezmember.co.kr/cache/recipe/2015/09/02/794e89b14d0ef918826ffe1001aef11a1_f.jpg
6919989,https://recipe1.ezmember.co.kr/cache/recipe/2019/10/02/3e25cbb41557a449c5eed0ab0532f7681_f.jpg
6876152,https://recipe1.ezmember.co.kr/cache/recipe/2017/09/10/e5e3da7c9e99929355cf9e2cb57b542f1_f.jpg
6948766,https://recipe1.ezmember.co.kr/cache/recipe/2020/12/18/493ed59b910ed4a61bccc68dbe3e95cd1_f.jpg
6942818,https://recipe1.ezmember.co.kr/cache/recipe/2020/09/25/7618db2f06da4edfe4dcd4734923407b1_f.jpg
6921883,https://recipe1.ezmember.co.kr/cache/recipe/2019/11/09/64a70c66cb12bc17b8be46f8d2dacc4b1_f.jpg
6726989,https://recipe1.ezmember.co.kr/cache/recipe/2015/04/30/136b39a9a81eb41c7f0abd52db06f7841_f.jpg
6951130,https://recipe1.ezmember.co.kr/cache/recipe/2021/01/16/ae3af7280c16c22516cd15d3dfb485881_f.jpg
6885763,https://recipe1.ezmember.co.kr/cache/recipe/2018/03/18/554bf083c5e102a493bf9fc3f5960fa41_f.jpg
6659369,https://recipe1.ezmember.co.kr/cache/recipe/2015/03/30/359f0388a102bc0fc6a169c1056c07c41_f.jpg
6963109,https://recipe1.ezmember.co.kr/cache/recipe/2021/08/10/91e2017ed147ebf39d0de217458ae47b1_f.jpg
6806457,https://recipe1.ezmember.co.kr/cache/recipe/2015/06/02/02735ad26ea525c8649e2638f15345e81_f.jpg
6892335,https://recipe1.ezmember.co.kr/cache/recipe/2018/07/10/bd08bc351cbb3fba47bf5a1166487f271_f.jpg
6896361,https://recipe1.ezmember.co.kr/cache/recipe/2018/09/21/29712f3f553d48c60af88e118a5cac3f1_f.jpg
6928075,https://recipe1.ezmember.co.kr/cache/recipe/2020/03/09/5dce0d7fe939a84832dfbe8a793c24201_f.jpg
5174302,https://recipe1.ezmember.co.kr/cache/recipe/2015/06/18/02631b561992837880321264c978858c_f.jpg
6869580,https://recipe1.ezmember.co.kr/cache/recipe/2017/05/10/20ca2dcd7ab62fee737b6d795a075bba1_f.jpg
7063365,https://recipe1.ezmember.co.kr/cache/recipe/2025/09/20/fa1d996bde80b42246636ccbccfcd42b1_f.jpg
6840159,https://recipe1.ezmember.co.kr/cache/recipe/2015/12/15/18b5ac66a3289ac1cd1d6125a7630ab31_f.jpg
6959408,https://recipe1.ezmember.co.kr/cache/recipe/2021/06/02/7275cda29560b5ffd20f32cf0712764a1_f.jpg
7022771,https://recipe1.ezmember.co.kr/cache/recipe/2024/03/22/3e5da0913ebf630d20659f2ac291b8871_f.jpg
5382269,https://recipe1.ezmember.co.kr/cache/recipe/2015/04/09/766a89da70d4c294edde85419c5f1e691_f.JPG
6887354,https://recipe1.ezmember.co.kr/cache/recipe/2018/04/15/33a553d79bc3e252afba2ee5c3296d9e1_f.jpg
6890313,https://recipe1.ezmember.co.kr/cache/recipe/2018/06/05/c8f7fa61c5448c21fb21946613f655b21_f.jpg
6893630,https://recipe1.ezmember.co.kr/cache/recipe/2018/08/06/d082864a60403e4eda680e85886a2e131_f.jpg
6884734,https://recipe1.ezmember.co.kr/cache/recipe/2018/02/21/b2e6e28f5a291b66700abfb43d7794a81_f.jpg
6903740,https://recipe1.ezmember.co.kr/cache/recipe/2019/01/07/1e49590cc65406a4927323b3166bdcd11_f.jpg
6951086,https://recipe1.ezmember.co.kr/cache/recipe/2021/01/15/fdfd53f6d47e892c639075eb704919461_f.jpg
6920454,https://recipe1.ezmember.co.kr/cache/recipe/2019/07/15/d10315c38202df4d5e16427115c0d2b91_f.jpg
6903302,https://recipe1.ezmember.co.kr/cache/recipe/2019/01/01/c16cd5444821fa1200b5f97b2fcebe261_f.jpg
6835638,https://recipe1.ezmember.co.kr/cache/recipe/2015/10/05/18c68cd54adb2cb6cfb75e5d008826461_f.jpg
6901255,https://recipe1.ezmember.co.kr/cache/recipe/2018/12/04/377dfc3fd9e29510b86cecc3c455a2261_f.jpg
6879228,https://recipe1.ezmember.co.kr/cache/recipe/2017/11/07/4f5c19785ce27780d6c7688ca20e915c1_f.jpg
4206356,https://recipe1.ezmember.co.kr/cache/recipe/2015/06/08/009ce276ecb878e5583624e65830a4c9_f.jpg
6878497,https://recipe1.ezmember.co.kr/cache/recipe/2017/10/24/ca0f9a58811a34cd486f372070985daa1_f.jpg
6933066,https://recipe1.ezmember.co.kr/cache/recipe/2020/05/21/4fe747cfa51ae891183bd8140b060bc31_f.jpg
6295366,https://recipe1.ezmember.co.kr/cache/recipe/2015/06/02/f0c7b37dcb45301e0396696d3f4b29d71_f.jpg
6918335,https://recipe1.ezmember.co.kr/cache/recipe/2019/08/28/4da4b0d5eba2656aa340b775d03963481_f.jpg
6834552,https://recipe1.ezmember.co.kr/cache/recipe/2015/09/17/4e6d02d34031e49aa3a1fcd720d466d81_f.jpg
7053688,https://recipe1.ezmember.co.kr/cache/recipe/2025/05/26/ac767198704fea1b6de666c304ac4bbc1_f.jpg
6997263,https://recipe1.ezmember.co.kr/cache/recipe/2023/02/18/3fc4a2a9bfa49bc4908cf505b979df191_f.jpg
6855007,https://recipe1.ezmember.co.kr/cache/recipe/2016/08/21/dca029c6923c782e57a4d56d292ef0561_f.jpg
6893646,https://recipe1.ezmember.co.kr/cache/recipe/2018/08/06/e2194cc00b8f12b6cbb571239fc198ec1_f.jpg
6854084,https://recipe1.ezmember.co.kr/cache/recipe/2016/08/05/ed39d999decffd16318ff6dde6ac5d481_f.jpg
6851105,https://recipe1.ezmember.co.kr/cache/recipe/2016/06/16/d60b04b5f84765d08347aeeb791f37c91_f.jpg
6925916,https://recipe1.ezmember.co.kr/cache/recipe/2020/01/26/6151e8925ec46e4e4a73b9592a7043871_f.jpg
6985436,https://recipe1.ezmember.co.kr/cache/recipe/2022/08/12/77764945cae3e2602bd4b097600ddbe31_f.jpg
6917493,https://recipe1.ezmember.co.kr/cache/recipe/2019/08/15/7f3dc1a1a93550705ce310e8c35a4a7e1_f.jpg
6913927,https://recipe1.ezmember.co.kr/cache/recipe/2019/06/14/ff479bb5d429e6fef0160eed3331e08d1_f.jpg
5637752,https://recipe1.ezmember.co.kr/cache/recipe/2015/06/06/c7f05897b9a844a6ee5a99365b485f211_f.jpg
6860840,https://recipe1.ezmember.co.kr/cache/recipe/2016/11/16/fb5fd0a44753d3a58d0bd122219a40731_f.jpg
6876549,https://recipe1.ezmember.co.kr/cache/recipe/2017/09/15/ee8354dc51581d885555cea5a42d29831_f.jpg
6956445,https://recipe1.ezmember.co.kr/cache/recipe/2021/04/08/b03a6f24634d75b8ea584423a791d34a1_f.jpg
6861738,https://recipe1.ezmember.co.kr/cache/recipe/2016/11/27/cc526ae9e5a8e3eff0ad0119f254fa461_f.jpg
6811032,https://recipe1.ezmember.co.kr/cache/recipe/2015/06/03/6bd2874125a099472f58bfbf7ef826371_f.jpg
6953667,https://recipe1.ezmember.co.kr/cache/recipe/2021/02/18/37ce8c661bb7f0a71149c38ee98de7f21_f.jpg
6876063,https://recipe1.ezmember.co.kr/cache/recipe/2017/09/08/b08563e2f9dc0659d092695c5fc45c6c1_f.png
7010136,https://recipe1.ezmember.co.kr/cache/recipe/2023/09/19/89bf629bc4b9955429886fe00b53a88a1_f.jpg
6841988,https://recipe1.ezmember.co.kr/cache/recipe/2016/01/23/126fff017c10ad82aa1e29ad1d6efc9b1_f.jpg
6887138,https://recipe1.ezmember.co.kr/cache/recipe/2018/04/12/4a3f11e9b1829d9fd9995d3d416947df1_f.jpg
6868418,https://recipe1.ezmember.co.kr/cache/recipe/2017/04/14/12db14c74a436626434c577ba19834471_f.jpg
6912400,https://recipe1.ezmember.co.kr/cache/recipe/2019/05/19/d06f185c082c24bc813649c8391d3c8a1_f.jpg
6941018,https://recipe1.ezmember.co.kr/cache/recipe/2020/09/06/4a7fe69793e2d5c9ed274c98e41cdcab1_f.jpg
2508006,https://recipe1.ezmember.co.kr/cache/recipe/2015/07/24/8bc45f65968686ff6a75a24b584e5c13_f.jpg
6888439,https://recipe1.ezmember.co.kr/cache/recipe/2018/05/08/1f8a660a8d8381031053402cf021358c1_f.jpg
6977532,https://recipe1.ezmember.co.kr/cache/recipe/2022/04/08/c2b4ba82ae24ce0f58e276b9a90804be1_f.jpg
6840314,https://recipe1.ezmember.co.kr/cache/recipe/2015/12/20/7a6afe905347fd3dcb7a9b4f4129afea1_f.jpg
6889292,https://recipe1.ezmember.co.kr/cache/recipe/2018/05/21/dc4300f812ccb786fdc831fd917984981_f.jpg
6878722,https://recipe1.ezmember.co.kr/cache/recipe/2017/10/28/5d9ae511d5e576cca9ce69f395f385cd1_f.jpg
6892814,https://recipe1.ezmember.co.kr/cache/recipe/2018/07/19/067cefa415b9eb2888bf6e52ffa1caa41_f.jpg
6900629,https://recipe1.ezmember.co.kr/cache/recipe/2018/11/22/9c5539a687ff980f67355a030f692f541_f.jpg
6878392,https://recipe1.ezmember.co.kr/cache/recipe/2017/10/23/722b2897be5818e66aa4904b4a6f1d701_f.jpg
6859941,https://recipe1.ezmember.co.kr/cache/recipe/2016/11/05/1b4f205f2623ade545e8347a0a9e465a1_f.jpg
6993667,https://recipe1.ezmember.co.kr/cache/recipe/2022/12/12/4d24a88bdb33186371e985fbdce86d761_f.jpg
6934412,https://recipe1.ezmember.co.kr/cache/recipe/2020/06/16/032f572ae63794021d8a60ec96e944161_f.jpg
6943431,https://recipe1.ezmember.co.kr/cache/recipe/2020/10/05/b26cd112126046e6cd6d1e8e06d479401_f.jpg
6854919,https://recipe1.ezmember.co.kr/cache/recipe/2016/08/19/26a115f41e7768f062504add545212071_f.jpg
6890979,https://recipe1.ezmember.co.kr/cache/recipe/2018/06/16/acffd270014316ca1573e871f02015371_f.jpg
1819918,https://recipe1.ezmember.co.kr/cache/recipe/2015/06/08/4c49163791c8051451386d921d72baa8_f.jpg
1999918,https://recipe1.ezmember.co.kr/cache/recipe/2015/08/19/c6f208e41f3a317b91f0e428c6977ce9_f.jpg
6956436,https://recipe1.ezmember.co.kr/cache/recipe/2021/04/07/c7e16e9fa7cf7e367be60fa785d189db1_f.jpg
6839839,https://recipe1.ezmember.co.kr/cache/recipe/2015/12/18/6089938069a1ddb3182c03ace4f7ade31_f.jpg
6940085,https://recipe1.ezmember.co.kr/cache/recipe/2020/08/25/6ed14e9cf3e8dd026a0fbff52ddf88671_f.jpg
6924394,https://recipe1.ezmember.co.kr/cache/recipe/2020/01/02/8ea005637257a890650850a80bf7f9091_f.jpg
6886392,https://recipe1.ezmember.co.kr/cache/recipe/2018/02/08/02b6157f72965faef55f764deb94fbfb1_f.jpg
6979995,https://recipe1.ezmember.co.kr/cache/recipe/2022/05/25/1a0578ca45e7ba84fb7d3749bd38b0b61_f.jpg
6893128,https://recipe1.ezmember.co.kr/cache/recipe/2018/07/26/33340be4838ee38f23a35bf45ff610411_f.png
6892255,https://recipe1.ezmember.co.kr/cache/recipe/2018/07/09/34ea4297a5e76ced8a5e510402f0779b1_f.jpg
6933715,https://recipe1.ezmember.co.kr/cache/recipe/2020/06/03/1573f5410b4d2ac027203551971ef4771_f.jpg
6969818,https://recipe1.ezmember.co.kr/cache/recipe/2021/11/27/073458e756f23b62011ee1cccec6570c1_f.jpg
7030618,https://recipe1.ezmember.co.kr/cache/recipe/2024/08/02/5ff9a0bf4453701d5e9dab8439f0c4631_f.jpg
6908779,https://recipe1.ezmember.co.kr/cache/recipe/2019/03/20/7fade9ff2e0a03e7538f0a0a174322071_f.jpg
6895693,https://recipe1.ezmember.co.kr/cache/recipe/2018/09/12/d73051e9615e502fd53b7c33c02b51ca1_f.JPG
6899435,https://recipe1.ezmember.co.kr/cache/recipe/2018/11/05/8652506a6e2f8e1a01d623dd2e1e4a051_f.jpg
6898294,https://recipe1.ezmember.co.kr/cache/recipe/2018/10/05/f029e203ba8d6d90f0bffefc0df4c3c91_f.jpg
6835970,https://recipe1.ezmember.co.kr/cache/recipe/2015/10/12/5ea3e8972514153cd32dda710e9fb2fd1_f.jpg
6932624,https://recipe1.ezmember.co.kr/cache/recipe/2020/05/13/0ef61e5a84f9683ab8bd9fe86895292a1_f.jpg
6885649,https://recipe1.ezmember.co.kr/cache/recipe/2018/03/15/0488a3107b2b7875541186a649e2d8461_f.jpg
6920090,https://recipe1.ezmember.co.kr/cache/recipe/2019/10/04/f66d34fe5a3a77995088a085f64a04261_f.jpg
6984751,https://recipe1.ezmember.co.kr/cache/recipe/2022/08/03/8780324a1308e9eef879dee0181d442a1_f.jpg
7024760,https://recipe1.ezmember.co.kr/cache/recipe/2024/04/13/45fcd01d2f6b2c98436d95c6e3076c551_f.jpg
6948470,https://recipe1.ezmember.co.kr/cache/recipe/2020/12/15/620ae025802d2978584c1fc4d81a5dce1_f.jpg
7000995,https://recipe1.ezmember.co.kr/cache/recipe/2023/04/20/a0a863eea2c556f5859ec6010726f7651_f.jpg
6832019,https://recipe1.ezmember.co.kr/cache/recipe/2015/08/15/51756e1d7bfc7ad57bf2ad1405c1a3471_f.jpg
6890216,https://recipe1.ezmember.co.kr/cache/recipe/2018/06/04/687c121b2ec115c6b00b31bb2be056e01_f.jpg
4581839,https://recipe1.ezmember.co.kr/cache/recipe/2015/04/18/2b592efcd2cdc5631b478b2d027b2ae11_f.jpg
6838832,https://recipe1.ezmember.co.kr/cache/recipe/2015/11/28/002aaa8330648a8e90b76225f7844a301_f.jpg
6987365,https://recipe1.ezmember.co.kr/cache/recipe/2022/09/13/2a9d03704fa9280882a509408398b5da1_f.gif
6949214,https://recipe1.ezmember.co.kr/cache/recipe/2020/12/24/54721d628330a1ba2baf67b31c1609151_f.jpg
6659197,https://recipe1.ezmember.co.kr/cache/recipe/2015/03/31/44108e8bdef34052b6a3d9103d65442b1_f.jpg
6931657,https://recipe1.ezmember.co.kr/cache/recipe/2020/04/27/3196e22a1aa0442a3ba4df18548541a91_f.jpg
6964024,https://recipe1.ezmember.co.kr/cache/recipe/2021/08/26/1a733ccac0cfcc60cfcfa8d3fda42d751_f.jpg
6956767,https://recipe1.ezmember.co.kr/cache/recipe/2021/04/13/c073029b4e04ed1b588d1e786365407c1_f.jpg
6911147,https://recipe1.ezmember.co.kr/cache/recipe/2019/04/25/e86fff58aba5b5cc18825cc67b80a1971_f.jpg
6920978,https://recipe1.ezmember.co.kr/cache/recipe/2019/10/21/dd9e99a61f8576e8d29dbe91a53a35201_f.jpg
6855075,https://recipe1.ezmember.co.kr/cache/recipe/2016/08/22/2a6c7c7ece8039e9cff129e99e81c2ae1_f.jpg
6937126,https://recipe1.ezmember.co.kr/cache/recipe/2020/07/20/527ecd7543d8742ea553354926de97f01_f.jpg
6874779,https://recipe1.ezmember.co.kr/cache/recipe/2017/08/15/004a656eafcdf43764f8fdbd23fd64e11_f.jpg
6910277,https://recipe1.ezmember.co.kr/cache/recipe/2019/04/11/8e640cc345715e12c293b680b0bd67001_f.jpg
6879226,https://recipe1.ezmember.co.kr/cache/recipe/2017/11/07/a8b1e7a5065ae6b354f84ca009e0a9101_f.jpg
6900910,https://recipe1.ezmember.co.kr/cache/recipe/2018/11/27/8b60a766e3b302e05262d186a5df48661_f.JPG
6962059,https://recipe1.ezmember.co.kr/cache/recipe/2021/07/21/8c7474867155c68a493cec0c7ef88c881_f.jpg
6880834,https://recipe1.ezmember.co.kr/cache/recipe/2017/12/12/5e8a1cab7590b6bff8a9aa65c620c3e01_f.jpg
6902312,https://recipe1.ezmember.co.kr/cache/recipe/2018/12/18/0e41208851125f23322676adbdfbd7181_f.jpg
4289196,https://recipe1.ezmember.co.kr/cache/recipe/2015/06/24/5ca4d5ee6aae66aa187c5b2b7234d509_f.jpg
6918909,https://recipe1.ezmember.co.kr/cache/recipe/2019/09/09/19d71a53744940f89f584565a35e3a131_f.jpg
6872223,https://recipe1.ezmember.co.kr/cache/recipe/2017/07/04/afe867d86dfd60e381eb6b5e3bd305a91_f.jpg
6856500,https://recipe1.ezmember.co.kr/cache/recipe/2016/09/05/d4df8a327735c87fe830c35956d1594a1_f.jpg
6880773,https://recipe1.ezmember.co.kr/cache/recipe/2017/12/10/4f3ab26d883d4eae46d7e96ae560fd1b1_f.jpg
6890490,https://recipe1.ezmember.co.kr/cache/recipe/2018/06/08/054e49186e042e8cb2a5c42a073d5a161_f.jpg
6840690,https://recipe1.ezmember.co.kr/cache/recipe/2015/12/24/363446e1dddaccca3a30013b925660eb1_f.jpg
6859796,https://recipe1.ezmember.co.kr/cache/recipe/2016/11/03/a093ab6a8744f4101849a03476f072311_f.jpg
6857842,https://recipe1.ezmember.co.kr/cache/recipe/2016/10/04/a8327a1549b82b79737c7c6a5c88a2c61_f.jpg
6872266,https://recipe1.ezmember.co.kr/cache/recipe/2017/07/05/bc81a00b35cb1156628d9dc31121c1261_f.jpg
6877015,https://recipe1.ezmember.co.kr/cache/recipe/2017/09/25/ec4780752eeb141165c5a1606ae91f1c1_f.jpg
6954430,https://recipe1.ezmember.co.kr/cache/recipe/2021/03/02/da6ac4cfb53fc2a81f6fe0ec5b28b7a11_f.jpg
6872335,https://recipe1.ezmember.co.kr/cache/recipe/2017/07/06/2e2a127c1213ad0cc8979e7fa9b32ce41_f.jpg
6865008,https://recipe1.ezmember.co.kr/cache/recipe/2017/02/09/44b7580420c28b72b52f02c665f91d771_f.jpg
6864736,https://recipe1.ezmember.co.kr/cache/recipe/2017/02/03/f3f9dbd36d73506b1ac1825e1abd74a71_f.jpg
6884369,https://recipe1.ezmember.co.kr/cache/recipe/2018/02/22/f6eb890cf3957135f585c65f6fd699411_f.jpg
6921313,https://recipe1.ezmember.co.kr/cache/recipe/2019/10/28/3962a4e4fe88feac421c79b1205a56211_f.jpg
6896050,https://recipe1.ezmember.co.kr/cache/recipe/2018/09/17/47078d38a102500712466004e0496fb01_f.jpg
6925301,https://recipe1.ezmember.co.kr/cache/recipe/2020/01/20/044ed45ba1fb9dc326768a2a82b394381_f.jpg
6948176,https://recipe1.ezmember.co.kr/cache/recipe/2020/12/12/a31b3a09da0e64c73448fbbaa0f61a1f1_f.jpg
6912601,https://recipe1.ezmember.co.kr/cache/recipe/2019/05/22/4839c6fd8b7ec814adb79cabe57409cb1_f.jpg
4029247,https://recipe1.ezmember.co.kr/cache/recipe/2015/04/22/45f7b2c6fbfe2c42b5d4cd7058bb7d5d1_f.jpg
6890772,https://recipe1.ezmember.co.kr/cache/recipe/2018/06/12/6bedcc4c383778a2abc8ae8fdea5b0061_f.jpg
6885907,https://recipe1.ezmember.co.kr/cache/recipe/2018/03/22/2f7ce1d6aaa111715e8428a873653c141_f.jpg
6962263,https://recipe1.ezmember.co.kr/cache/recipe/2021/07/25/dca496d6fb402ff90b5b352a6f0030ba1_f.jpg
6956292,https://recipe1.ezmember.co.kr/cache/recipe/2021/04/02/b2222834f56933edf5472d118b1dcbc51_f.jpg
6858210,https://recipe1.ezmember.co.kr/cache/recipe/2016/10/11/e961f5b085fde923ea0c5453ca9e331f1_f.jpg
6933212,https://recipe1.ezmember.co.kr/cache/recipe/2021/08/27/3508ec94a6d3eccfd0e96c47ce084d681_f.jpg
6839925,https://recipe1.ezmember.co.kr/cache/recipe/2015/12/15/9db266eff31c37866d3bb0dc9ea5420b1_f.jpg
6907960,https://recipe1.ezmember.co.kr/cache/recipe/2019/03/08/f33e21d375ec660c02740818f9fd10b71_f.jpg
6862569,https://recipe1.ezmember.co.kr/cache/recipe/2016/12/13/e1149c41d3ad36ed160ebbe3fb0dce351_f.jpg
5998683,https://recipe1.ezmember.co.kr/cache/recipe/2015/04/08/817330ffc102ae5dd6040526552693fc1_f.jpg
6860460,https://recipe1.ezmember.co.kr/cache/recipe/2016/09/19/2b0c572471463bba0e213fc8ba822f6c1_f.jpg
6978085,https://recipe1.ezmember.co.kr/cache/recipe/2022/04/19/0870ec8ba5418bf89a20e1daba2efdcc1_f.jpg
6894254,https://recipe1.ezmember.co.kr/cache/recipe/2018/08/16/28f63ca53977a26147945bce9529e8121_f.jpg
6831712,https://recipe1.ezmember.co.kr/cache/recipe/2015/08/12/3ff1d6daf892eccf83a0460033c21de81_f.jpg
6882353,https://recipe1.ezmember.co.kr/cache/recipe/2018/01/15/1cf012af33cb3aa2f0c603b6139c5eb61_f.jpg
6850211,https://recipe1.ezmember.co.kr/cache/recipe/2016/05/30/70ccabf0220d96d0df6bbdb82daddb971_f.jpg
6962174,https://recipe1.ezmember.co.kr/cache/recipe/2021/07/23/40c764e90f4100b583445471b8df8fc01_f.jpg
6885427,https://recipe1.ezmember.co.kr/cache/recipe/2018/03/14/85535331c8c12f683928b396db78347d1_f.jpg
4003685,https://recipe1.ezmember.co.kr/cache/recipe/2015/06/08/6b8338e57bc553bf60a0920c21ea4030_f.jpg
6925918,https://recipe1.ezmember.co.kr/cache/recipe/2020/02/03/6dec8cc3dd70c0cb66949569b52089d01_f.jpg
6873774,https://recipe1.ezmember.co.kr/cache/recipe/2017/07/28/6fd3b73eb537fb308095f34df3c7461f1_f.jpg
6894281,https://recipe1.ezmember.co.kr/cache/recipe/2018/08/16/c18e77813258a0ce29fe0f76b3f9174a1_f.jpg
6840832,https://recipe1.ezmember.co.kr/cache/recipe/2015/12/28/0879a779e491f35a1a4cc123eca1910c1_f.jpg
6948438,https://recipe1.ezmember.co.kr/cache/recipe/2020/12/14/98bba7d41a7c28f52a442b7c732ea9f91_f.jpg
6992529,https://recipe1.ezmember.co.kr/cache/recipe/2022/11/23/65f97dc1a6edecf5d04a0dac0f53a5171_f.jpg
6882785,https://recipe1.ezmember.co.kr/cache/recipe/2018/01/24/7c5d8c78deab905abecc98bff6fdf5f61_f.jpg
7059643,https://recipe1.ezmember.co.kr/cache/recipe/2025/08/05/30b6d9647642f448397a97d524d013c71_f.jpg
6637004,https://recipe1.ezmember.co.kr/cache/recipe/2015/04/09/aa9a8f8e5a42503a967b861698d752e01_f.jpg
1809423,https://recipe1.ezmember.co.kr/cache/recipe/2015/06/08/30cf6dd29ce8064459924bdb97998433_f.jpg
6875617,https://recipe1.ezmember.co.kr/cache/recipe/2017/08/30/2ac5cab916566dbe2a5a673a372423111_f.jpg
6959925,https://recipe1.ezmember.co.kr/cache/recipe/2021/06/09/4ef8b2e520334466e21ab34554a4b62b1_f.jpg
6916370,https://recipe1.ezmember.co.kr/cache/recipe/2019/07/23/28fd62b5f7546cbcca6c39e26df524581_f.jpg
4955456,https://recipe1.ezmember.co.kr/cache/recipe/2015/08/06/b37ad29d0cf7d9b144c993d8af04bebc1_f.jpg
6865689,https://recipe1.ezmember.co.kr/cache/recipe/2017/02/22/8a970d19f90b3113a9c0207fd091a3741_f.jpg
6844669,https://recipe1.ezmember.co.kr/cache/recipe/2016/03/14/09b3f3400c5d651e777ad3df4f2c50231_f.jpg
6853303,https://recipe1.ezmember.co.kr/cache/recipe/2016/07/23/70c300addc1696d9dce663744fe8b97d1_f.jpg
6872586,https://recipe1.ezmember.co.kr/cache/recipe/2017/07/11/d70b9611057aac802f7b4ddaade1fa121_f.jpg
4276670,https://recipe1.ezmember.co.kr/cache/recipe/2015/06/22/4c440789a573aa5c1c2c1336a10c5fac_f.jpg
6981856,https://recipe1.ezmember.co.kr/cache/recipe/2022/06/21/71576f604994a52d400e19450c918bf71_f.jpg
6833188,https://recipe1.ezmember.co.kr/cache/recipe/2015/08/31/318e5ece3c4ffff3cb848005db102f3c1_f.jpg
6954605,https://recipe1.ezmember.co.kr/cache/recipe/2021/03/05/84dc7a9da6a325276ab152f2bfbf841d1_f.jpg
6939735,https://recipe1.ezmember.co.kr/cache/recipe/2020/07/20/31c441a364ff9f06b09e98be2ddb58411_f.jpg
5868385,https://recipe1.ezmember.co.kr/cache/recipe/2015/04/08/a446250ab9b0b12b92227128adcaca631_f.jpg
6965415,https://recipe1.ezmember.co.kr/cache/recipe/2021/09/18/dc605761c8c0f1cf5ea2efe81baf32d61_f.jpg
6917658,https://recipe1.ezmember.co.kr/cache/recipe/2019/08/17/8e8ee6861e8c0438db326256813cc22d1_f.jpg
6905399,https://recipe1.ezmember.co.kr/cache/recipe/2019/01/28/c1692de5b988ec1b9394da555a72ba1a1_f.jpg
6623039,https://recipe1.ezmember.co.kr/cache/recipe/2015/04/09/a8e5fce5719f0305b01dbbf7e0378b101_f.jpg
6833706,https://recipe1.ezmember.co.kr/cache/recipe/2015/09/03/43d2cde09c464a018fa8bbe628b141b11_f.jpg
6944899,https://recipe1.ezmember.co.kr/cache/recipe/2020/10/23/dfb44f4d62bd6f5b0755103c27dd95ba1_f.jpg
6838444,https://recipe1.ezmember.co.kr/cache/recipe/2015/11/27/e945cde56bf7be4d652e11495d6d29931_f.jpg
6864159,https://recipe1.ezmember.co.kr/cache/recipe/2017/01/21/b0d9f7ebd3da3002bc0c5822123f80ab1_f.jpg
6833065,https://recipe1.ezmember.co.kr/cache/recipe/2015/08/31/034d36ac84a36a5a9ad6883aaf3aea041_f.jpg
6952895,https://recipe1.ezmember.co.kr/cache/recipe/2021/02/05/3550bf48ff2ece45bb193ebbc28327e51_f.jpg
6978540,https://recipe1.ezmember.co.kr/cache/recipe/2022/04/29/6068a5d829c7fee8c574bdab146f99d81_f.jpg
6902858,https://recipe1.ezmember.co.kr/cache/recipe/2018/12/26/4ab160f8f01212439f381a84aad0d76e1_f.jpg
6863079,https://recipe1.ezmember.co.kr/cache/recipe/2016/09/14/3da194efef4bc73a9bd935d9a0dfd8e51_f.jpg
6820776,https://recipe1.ezmember.co.kr/cache/recipe/2015/06/07/69356e5ffb339019b311fbf97c35be391_f.jpg
6927118,https://recipe1.ezmember.co.kr/cache/recipe/2020/02/24/fe8e147723573560aaaed144059daed11_f.jpg
6925806,https://recipe1.ezmember.co.kr/cache/recipe/2020/02/01/56eb7dc659836bb6b2ada73d0500a20b1_f.jpg
6830163,https://recipe1.ezmember.co.kr/cache/recipe/2015/07/14/a5026f993761343fa7d3e6eb884c170f1_f.jpg
6941190,https://recipe1.ezmember.co.kr/cache/recipe/2020/09/07/2ba93eee8b503ea6ffb638dc52827aa81_f.jpg
6840982,https://recipe1.ezmember.co.kr/cache/recipe/2016/01/01/90f86add98b621e916fbcfb61de706381_f.jpg
6938444,https://recipe1.ezmember.co.kr/cache/recipe/2020/08/05/53cbed4e963d5543f5246e13006e4b301_f.jpg
6859871,https://recipe1.ezmember.co.kr/cache/recipe/2016/11/04/926eea59ad89784e8278631b4a390c961_f.jpg
6872893,https://recipe1.ezmember.co.kr/cache/recipe/2017/07/17/33a47fc830be0bc75481f21168bc9b731_f.jpg
6857501,https://recipe1.ezmember.co.kr/cache/recipe/2016/09/26/726404e5fa407d5041242c00223807591_f.jpg
6841702,https://recipe1.ezmember.co.kr/cache/recipe/2016/01/17/25d898970c70eaac167f90991ccbc0341_f.jpg
7005994,https://recipe1.ezmember.co.kr/cache/recipe/2023/07/13/f13f0edd79024ad7da34d866055e3f2c1_f.jpg
7003419,https://recipe1.ezmember.co.kr/cache/recipe/2023/06/04/eeb9d66b1e8f9ddf197b388d85d114b51_f.jpg
6886109,https://recipe1.ezmember.co.kr/cache/recipe/2018/03/26/2534479bee6df21a0504761742af7a6d1_f.jpg
6861326,https://recipe1.ezmember.co.kr/cache/recipe/2016/11/21/b077050dbeb9cb91dff5ffcfb063d3eb1_f.jpg
6948136,https://recipe1.ezmember.co.kr/cache/recipe/2020/12/11/92ae70f94ff788272453a693d83fd73b1_f.jpg
6925547,https://recipe1.ezmember.co.kr/cache/recipe/2020/01/26/a5795349c3b06a6f6034b41c4c54c7f61_f.jpg
6891802,https://recipe1.ezmember.co.kr/cache/recipe/2018/07/01/e0e1a9e54b3bea255889a7586b849f0b1_f.jpg
6901314,https://recipe1.ezmember.co.kr/cache/recipe/2018/12/04/504cdcc898829d3dcb484136670ac6901_f.jpg
6962214,https://recipe1.ezmember.co.kr/cache/recipe/2021/07/24/4e4bd5ecac922c4017f1aa499b99ac271_f.jpg
7066514,https://recipe1.ezmember.co.kr/cache/recipe/2025/11/15/eed1f2f010612a72b1f0a0031ca90cef1_f.jpg
6858645,https://recipe1.ezmember.co.kr/cache/recipe/2016/10/19/17fe918c52b03e4302264137b566669e1_f.jpg
6855580,https://recipe1.ezmember.co.kr/cache/recipe/2016/08/30/3fd7d44dfe1de1f328303d8f847a16381_f.jpg
6910394,https://recipe1.ezmember.co.kr/cache/recipe/2019/04/13/79b93209a39ad0d058d6a75df52e5b2f1_f.jpg
6848376,https://recipe1.ezmember.co.kr/cache/recipe/2016/05/18/3787e089bdcf38948e32abba3b8124221_f.jpg
6620020,https://recipe1.ezmember.co.kr/cache/recipe/2015/05/22/b1a6f349040db837d6c9365c0fead14e1_f.jpg
6833703,https://recipe1.ezmember.co.kr/cache/recipe/2015/09/07/00162202f15158126766a83c761d1c861_f.jpg
6914945,https://recipe1.ezmember.co.kr/cache/recipe/2019/06/30/f2b66d1bd4bbda105b935538a2dd1af11_f.jpg
6897380,https://recipe1.ezmember.co.kr/cache/recipe/2018/10/08/470b7b80cdde3997763f80d6684ef0541_f.jpg
6953434,https://recipe1.ezmember.co.kr/cache/recipe/2021/02/14/cc79fece1c5ea1acbde1b1a1a853bfee1_f.jpg
6831166,https://recipe1.ezmember.co.kr/cache/recipe/2015/08/05/da46d1f02b4c701eb1c35cfbd076100e1_f.jpg
6981874,https://recipe1.ezmember.co.kr/cache/recipe/2022/06/21/c8324da22565fa0ac3738884de56ffb21_f.jpg
6835823,https://recipe1.ezmember.co.kr/cache/recipe/2015/10/08/2779abb508386fca61b0d74bd237cb261_f.jpg
6914228,https://recipe1.ezmember.co.kr/cache/recipe/2019/06/18/80479aa6ba7988a8e9ae7a9862aa96891_f.jpg
6897365,https://recipe1.ezmember.co.kr/cache/recipe/2018/10/08/a0d717f6f98dca2448d0d60cb357bd951_f.jpg
5884437,https://recipe1.ezmember.co.kr/cache/recipe/2015/06/08/13254edd6e2f64023fb4969060fdd134_f.jpg
2901170,https://recipe1.ezmember.co.kr/cache/recipe/2015/04/09/79da9b12f45df6e3a628759d665558961_f.jpg
6946578,https://recipe1.ezmember.co.kr/cache/recipe/2020/11/19/cb4aa65f084e5bf850d72a4cf2cbbd771_f.jpg
6876825,https://recipe1.ezmember.co.kr/cache/recipe/2017/09/21/177edcf0a03a79113abffe906ca59baf1_f.jpg
6884407,https://recipe1.ezmember.co.kr/cache/recipe/2018/02/23/f9949870857f30e9d08de026e9560b531_f.jpg
6968140,https://recipe1.ezmember.co.kr/cache/recipe/2021/11/04/88e3280b41d4efcc3f69117d8841fe691_f.jpg
7046087,https://recipe1.ezmember.co.kr/cache/recipe/2025/02/27/91528b1b812151dee798b51d604760c51_f.jpg
6866411,https://recipe1.ezmember.co.kr/cache/recipe/2017/03/07/e05e9d7a7ecd1f4bacdeefd5a3e09d421_f.jpg
6860955,https://recipe1.ezmember.co.kr/cache/recipe/2016/11/17/64710b7aeda906326230233063ae668a1_f.jpg
6989126,https://recipe1.ezmember.co.kr/cache/recipe/2022/10/11/8dc9375c73abcd9a27323a116f9136e71_f.jpg
6835422,https://recipe1.ezmember.co.kr/cache/recipe/2015/09/30/9c7f52d2dc28ae94764ef1d7e0da5fe41_f.jpg
6921240,https://recipe1.ezmember.co.kr/cache/recipe/2019/10/26/088d6030d4f9f6c70d872b503401d8e51_f.jpg
6923368,https://recipe1.ezmember.co.kr/cache/recipe/2019/12/11/367c70d1e1a4b13b4a7e3448385b4cb41_f.jpg
6844574,https://recipe1.ezmember.co.kr/cache/recipe/2016/03/12/77a571fa1c58dc0f05e291a0ed89b9b91_f.jpg
6853871,https://recipe1.ezmember.co.kr/cache/recipe/2016/08/01/50cdde35b8cc90c3e7787ed7b3a4d95e1_f.jpg
6856915,https://recipe1.ezmember.co.kr/cache/recipe/2016/09/13/4e0d60da5ea4a063032c8dd703f8270e1_f.jpg
6927921,https://recipe1.ezmember.co.kr/cache/recipe/2020/03/07/b5c84460b1ae91d188841b5f4db6cb4c1_f.jpg
6847493,https://recipe1.ezmember.co.kr/cache/recipe/2016/05/02/b60561686e9b47dda029ff99e2fc95601_f.jpg
7022650,https://recipe1.ezmember.co.kr/cache/recipe/2024/03/20/4886f04e4811bd909c3e1e7c464737a41_f.jpg
6948497,https://recipe1.ezmember.co.kr/cache/recipe/2020/12/15/722029f0e631cd5b9653421d3678407e1_f.jpg
6905169,https://recipe1.ezmember.co.kr/cache/recipe/2019/01/24/b2c10d2435c96e8020f7d6720294c81a1_f.jpg
6989326,https://recipe1.ezmember.co.kr/cache/recipe/2022/10/12/7bec4099ebec38cedd65ef809ccd30231_f.jpg
6921737,https://recipe1.ezmember.co.kr/cache/recipe/2019/11/06/d3969b3046122b7a7560cca32e3fc4d71_f.jpg
6915287,https://recipe1.ezmember.co.kr/cache/recipe/2019/07/04/0376b77139e0d1972193e5e3c56894a21_f.jpg
6962025,https://recipe1.ezmember.co.kr/cache/recipe/2021/07/20/aa1c68ba20c949d5e52bac4a5b3d00e01_f.jpg
6894222,https://recipe1.ezmember.co.kr/cache/recipe/2018/08/07/97a680d58e364fe1ba44585da367c1471_f.jpg
6926887,https://recipe1.ezmember.co.kr/cache/recipe/2020/02/20/d5df83fe261805a6a0022b2822b1cc0d1_f.jpg
4105956,https://recipe1.ezmember.co.kr/cache/recipe/2015/06/08/a438069d2234e14f9f482c7fdc80a775_f.jpg
6918615,https://recipe1.ezmember.co.kr/cache/recipe/2019/09/03/fa91dbf46f994169156c971ad20709da1_f.jpg
6929769,https://recipe1.ezmember.co.kr/cache/recipe/2020/04/10/9bce1cff2790fc1fd9b0a622c3bd39941_f.jpg
6864843,https://recipe1.ezmember.co.kr/cache/recipe/2017/02/06/2720fb0514233050379d4dcd49e5a5a61_f.jpg
6918817,https://recipe1.ezmember.co.kr/cache/recipe/2019/09/07/dfe43d28ee87858cb249839d4b9b2b851_f.jpg
6940418,https://recipe1.ezmember.co.kr/cache/recipe/2020/08/30/14d5c71281d01865b85d348398e60c121_f.jpg
6938352,https://recipe1.ezmember.co.kr/cache/recipe/2020/08/04/4d955a4f261b5ad1b55f3b838b8d027c1_f.jpg
6414590,https://recipe1.ezmember.co.kr/cache/recipe/2015/04/04/0bcd2184bf6c6c9c073693cb81163d021_f.jpg
6948034,https://recipe1.ezmember.co.kr/cache/recipe/2020/12/10/5aa57aff84fd345f6e0ff893229a3cc21_f.jpg
4979216,https://recipe1.ezmember.co.kr/cache/recipe/2015/06/02/8ef712af04bb1c28515dc30f7401d6171_f.jpg
6919849,https://recipe1.ezmember.co.kr/cache/recipe/2019/09/29/ef761808c73449a5f33a5b21a4903ba81_f.jpg
6938661,https://recipe1.ezmember.co.kr/cache/recipe/2020/08/08/ed56ae37754e32d5c6c5dee950346e181_f.jpg
6926252,https://recipe1.ezmember.co.kr/cache/recipe/2020/02/08/3cd1e2a53731454c743d3ab6732caef01_f.jpg
6886914,https://recipe1.ezmember.co.kr/cache/recipe/2018/04/09/4a2c5d25eab8acccdf53fcbb39f4e2c71_f.jpg
6742306,https://recipe1.ezmember.co.kr/cache/recipe/2015/05/04/50b8b4c121269d1e29797c098d959fc8_f.jpg
6883657,https://recipe1.ezmember.co.kr/cache/recipe/2018/01/29/86592416412c4a316fcba101323a9cdb1_f.png
6969372,https://recipe1.ezmember.co.kr/cache/recipe/2021/11/20/728aa1307d86d7b37c8999c71e08721c1_f.jpg
6911777,https://recipe1.ezmember.co.kr/cache/recipe/2019/05/08/326b70debe69eeccea4eaf6c000fdcf01_f.jpg
6918982,https://recipe1.ezmember.co.kr/cache/recipe/2019/09/10/fd7768e10ba18fec374b058fd90474071_f.jpg
6927762,https://recipe1.ezmember.co.kr/cache/recipe/2020/03/05/65f74898dd401320628e079c6e7cc9101_f.jpg
6876525,https://recipe1.ezmember.co.kr/cache/recipe/2017/09/15/145e83d873569728e6e23ca2c291918c1_f.jpg
6906418,https://recipe1.ezmember.co.kr/cache/recipe/2019/02/12/f08bffe8bb6470a8a1123182a8e63b351_f.jpg
7010895,https://recipe1.ezmember.co.kr/cache/recipe/2023/10/03/144e8d3d3d5278d1b4872181970f5f331_f.jpg
6924185,https://recipe1.ezmember.co.kr/cache/recipe/2019/12/29/637d401446a4bdbc338f9b50c903ef251_f.jpg
6956363,https://recipe1.ezmember.co.kr/cache/recipe/2021/04/06/7212cc5859d57f47efbdb6cf2a860c941_f.jpg
6881983,https://recipe1.ezmember.co.kr/cache/recipe/2018/01/09/d3773b4db1bc11e4746e570e765ec3671_f.jpg
6936497,https://recipe1.ezmember.co.kr/cache/recipe/2020/07/13/284f8310f0459b05df189935086ddec31_f.jpg
6974272,https://recipe1.ezmember.co.kr/cache/recipe/2022/02/10/7b203ad999af4460b5d823b6ef1175151_f.jpg
6897269,https://recipe1.ezmember.co.kr/cache/recipe/2018/09/26/102f5a0c85d067aea693e8ab986571321_f.jpg
6833098,https://recipe1.ezmember.co.kr/cache/recipe/2015/08/29/974a3e2ce28208c1adb113df598cb71a1_f.jpg
6966852,https://recipe1.ezmember.co.kr/cache/recipe/2021/10/12/139750e3c6eb511f06b4340e34fcdfc61_f.jpg
6874929,https://recipe1.ezmember.co.kr/cache/recipe/2017/08/18/f0b00fbf715d565efb9669d99354a7f91_f.jpg
6880656,https://recipe1.ezmember.co.kr/cache/recipe/2017/12/08/b4c5227d5ec82dccfef15997f88bc1f41_f.jpg
7006351,https://recipe1.ezmember.co.kr/cache/recipe/2023/07/17/92c911f49821da670b0a741efefd065a1_f.jpg
6837529,https://recipe1.ezmember.co.kr/cache/recipe/2015/11/04/359e884f7a9e90a2e8ab7b3c86fe9e9f1_f.jpg
6940925,https://recipe1.ezmember.co.kr/cache/recipe/2020/09/04/a17eadb36a168ccaa09bcf70008436851_f.jpg
7028182,https://recipe1.ezmember.co.kr/cache/recipe/2024/06/13/c3c31eaa65f08bf5ee0e04a531b537271_f.jpg
6908657,https://recipe1.ezmember.co.kr/cache/recipe/2019/03/18/26f6dea9a78fa520eddc8e0500ef07a41_f.jpg
2317685,https://recipe1.ezmember.co.kr/cache/recipe/2015/06/08/b1c00b657d08a25b33831331915cd4d9_f.jpg
6850925,https://recipe1.ezmember.co.kr/cache/recipe/2016/06/13/9bbfe92d1d965cbab2bf9d955afe83311_f.jpg
6874058,https://recipe1.ezmember.co.kr/cache/recipe/2017/08/04/0c3ed003e7a3654ed5e5a9c24682b7a91_f.jpg
6761263,https://recipe1.ezmember.co.kr/cache/recipe/2015/05/11/5c78e0c17846a775b8781b0f3793caf11_f.jpg
6944543,https://recipe1.ezmember.co.kr/cache/recipe/2020/10/19/3b74c3c57ad429450e967107782472141_f.jpg
6851513,https://recipe1.ezmember.co.kr/cache/recipe/2016/06/23/0c3d60b2b84baccf85285af7657ea3b01_f.jpg
6894738,https://recipe1.ezmember.co.kr/cache/recipe/2018/08/23/87002bab5ee2c1df6b09bc92de4b2e7e1_f.jpg
4667061,https://recipe1.ezmember.co.kr/cache/recipe/2015/06/19/e9113809ee3ff242543ac31eae597f9c_f.jpg
6835403,https://recipe1.ezmember.co.kr/cache/recipe/2015/10/01/d969f0f46a06f7c4868fc465ae6bbd721_f.jpg
6888510,https://recipe1.ezmember.co.kr/cache/recipe/2018/05/08/3ae8037ac6f8299ad03fc7fbed62e1d01_f.jpg
6901283,https://recipe1.ezmember.co.kr/cache/recipe/2018/12/04/c691ac06e4c7b830ee0cb572d48ed7741_f.jpg
6860065,https://recipe1.ezmember.co.kr/cache/recipe/2016/11/07/347eddaf5241f509e7fd867cbeff97a41_f.jpg
6888739,https://recipe1.ezmember.co.kr/cache/recipe/2018/05/12/a89270613abdb52377b2f1c7d7c78a511_f.jpg
6973789,https://recipe1.ezmember.co.kr/cache/recipe/2022/01/31/1a5619aa9fe1edd26ba8e145f3b6ace51_f.jpg
6828565,https://recipe1.ezmember.co.kr/cache/recipe/2015/06/12/6a4f058e9f5532cd6db43a338c35c37d_f.jpg
6912832,https://recipe1.ezmember.co.kr/cache/recipe/2019/05/27/f0a19f8294cd30661f113d428597efd41_f.jpg
6941629,https://recipe1.ezmember.co.kr/cache/recipe/2020/09/12/97c9adc1767b4916723e2e30f5bfc4941_f.jpg
6832079,https://recipe1.ezmember.co.kr/cache/recipe/2015/08/17/e89b283ca4b3f434829683a513548c691_f.jpg
6904189,https://recipe1.ezmember.co.kr/cache/recipe/2019/01/12/854172a1e9e5e4a6268478737aa500eb1_f.jpg
6881813,https://recipe1.ezmember.co.kr/cache/recipe/2018/01/05/6fbe2f9f4e28ce9195d912eb930bea021_f.jpg
6830047,https://recipe1.ezmember.co.kr/cache/recipe/2015/07/09/bc99a87756ad7c95d263fcec291df26e1_f.jpg
6829699,https://recipe1.ezmember.co.kr/cache/recipe/2015/07/02/f3dfb442430de075bf6abeabf21d59091_f.jpg
6964396,https://recipe1.ezmember.co.kr/cache/recipe/2021/09/02/179c8daf4c882d85cd6fbf4787bfeb421_f.jpg
6837308,https://recipe1.ezmember.co.kr/cache/recipe/2015/11/22/85a20061d19a6ce53e67bbf3a467f4b21_f.jpg
6744531,https://recipe1.ezmember.co.kr/cache/recipe/2015/05/04/29035134e57099000e278c478d152e5f1_f.jpg
6926496,https://recipe1.ezmember.co.kr/cache/recipe/2020/02/12/f0e9b1cfd8ca7cbe11159086bdd58dab1_f.jpg
6847966,https://recipe1.ezmember.co.kr/cache/recipe/2016/05/10/134cb563bf5852128971aca141cc3d9c1_f.jpg
6885916,https://recipe1.ezmember.co.kr/cache/recipe/2018/03/22/36310838b4848eebbee5778ccbec21df1_f.jpg
6846999,https://recipe1.ezmember.co.kr/cache/recipe/2016/04/24/512cfe0727592f3a30e07f769069b4771_f.jpg
6915945,https://recipe1.ezmember.co.kr/cache/recipe/2019/07/16/cc0c59e9a8e438620db20a3c0adb804e1_f.jpg
1921616,https://recipe1.ezmember.co.kr/cache/recipe/2015/06/08/af486333853be3b944f1208091e76636_f.jpg
6829463,https://recipe1.ezmember.co.kr/cache/recipe/2015/06/29/83c2ee49b7b9e7ad8f48ddd9408da9bd1_f.jpg
6832633,https://recipe1.ezmember.co.kr/cache/recipe/2015/08/23/2b06b465e4e90b4ce66533df78fc3fca1_f.jpg
6846074,https://recipe1.ezmember.co.kr/cache/recipe/2016/04/07/89873b37ee2459de8b0ac9e7afcc72631_f.jpg
6988951,https://recipe1.ezmember.co.kr/cache/recipe/2022/10/08/28cfaeda57c5b658a8e8b82a86dc3fe01_f.jpg
6939782,https://recipe1.ezmember.co.kr/cache/recipe/2020/08/22/48d0ad49b598d1d767b61c15bdf558d11_f.jpg
6894045,https://recipe1.ezmember.co.kr/cache/recipe/2018/08/12/9b1a16be119acc176d128ab3f12b26591_f.jpg
6911982,https://recipe1.ezmember.co.kr/cache/recipe/2019/05/11/9afa154481913398c62a2a90d53a191a1_f.jpg
6941754,https://recipe1.ezmember.co.kr/cache/recipe/2020/09/14/c04e290c930bbb6546d1e3503a57e9031_f.jpg
6900488,https://recipe1.ezmember.co.kr/cache/recipe/2018/11/20/39326e1b1257ceef543fc3d84570478b1_f.jpg
6985363,https://recipe1.ezmember.co.kr/cache/recipe/2022/08/11/71ed77c5fcdc1cce9aa2348a4175d34c1_f.jpg
6932295,https://recipe1.ezmember.co.kr/cache/recipe/2020/05/07/c3a9a299af94b88fe0e777db69e48c5d1_f.jpg
6918487,https://recipe1.ezmember.co.kr/cache/recipe/2019/08/31/9dd36950c4f7b56c3754d4f4a232d28d1_f.jpg
6890059,https://recipe1.ezmember.co.kr/cache/recipe/2018/06/01/3aa74a35b83e3a7f5a86583812438d131_f.jpg
7023209,https://recipe1.ezmember.co.kr/cache/recipe/2024/03/29/9c526180fe6c98a070c365393320a1901_f.jpg
6906014,https://recipe1.ezmember.co.kr/cache/recipe/2019/02/06/915974cd9775ac7c2b0445a394fdf6291_f.jpg
6907250,https://recipe1.ezmember.co.kr/cache/recipe/2019/02/25/baeb46cdc185be0ad54098ee248d3d871_f.jpg
6864822,https://recipe1.ezmember.co.kr/cache/recipe/2017/02/05/c9e2ceef578c2f1ee0e356222f65b4db1_f.jpg
6899848,https://recipe1.ezmember.co.kr/cache/recipe/2018/10/29/963797ab1786f1da16aa0b4de6b529ff1_f.jpg
6887997,https://recipe1.ezmember.co.kr/cache/recipe/2018/04/28/8b6457f932069acf343cf8a787cd78bc1_f.jpg
6899153,https://recipe1.ezmember.co.kr/cache/recipe/2018/10/31/50771988e76af2296c918b547b76f2f71_f.jpg
6927267,https://recipe1.ezmember.co.kr/cache/recipe/2020/02/26/64e2b41b64e91f301f15f109e766fcc21_f.jpg
6892973,https://recipe1.ezmember.co.kr/cache/recipe/2018/07/23/232793635f081cfc3dfff0652968ae9b1_f.jpg
6968633,https://recipe1.ezmember.co.kr/cache/recipe/2021/11/10/7ab1494cfabbb40a28fa7fdf14bec7b91_f.jpg
6935957,https://recipe1.ezmember.co.kr/cache/recipe/2020/07/05/43420f02da9537d6b0098d585be70cbb1_f.jpg
6869331,https://recipe1.ezmember.co.kr/cache/recipe/2017/05/05/be4bc73f7d9c94a85f9f863785d655ed1_f.jpg
6873838,https://recipe1.ezmember.co.kr/cache/recipe/2017/07/31/cf994a3e5cfa979f63185ca8759c1a051_f.jpg
6835615,https://recipe1.ezmember.co.kr/cache/recipe/2015/10/05/23eb926de74d225106ef84140a6629741_f.jpg
5459467,https://recipe1.ezmember.co.kr/cache/recipe/2015/06/02/917aab135a150ad607a7c78cba2130d61_f.jpg
6967064,https://recipe1.ezmember.co.kr/cache/recipe/2021/10/17/b055532cc0df3107b4209b144e7123a31_f.jpg
6404903,https://recipe1.ezmember.co.kr/cache/recipe/2015/05/28/df065525146a6ca7dbfd4616f6dda5451_f.jpg
6836307,https://recipe1.ezmember.co.kr/cache/recipe/2015/10/15/bd27fa0cfdd096473afd24a5d65bb9641_f.jpg
6903123,https://recipe1.ezmember.co.kr/cache/recipe/2018/12/29/c36d9258cb76e552f8f3b3f76433c3cc1_f.jpg
6871571,https://recipe1.ezmember.co.kr/cache/recipe/2017/06/21/bfe71213f1520b9eeef691cc3d2971e61_f.jpg
6913145,https://recipe1.ezmember.co.kr/cache/recipe/2019/06/03/cf1649e32dc44fddf703ac5eacb0440d1_f.jpg
6853733,https://recipe1.ezmember.co.kr/cache/recipe/2016/07/28/58bc0168b69cb42dcd9e564b43432c881_f.jpg
4064101,https://recipe1.ezmember.co.kr/cache/recipe/2015/06/08/cb9d4e8f9409fc0e9be9af0a2f0ff004_f.jpg
6969180,https://recipe1.ezmember.co.kr/cache/recipe/2021/11/17/519d4039eb551021fff385ad93b056921_f.jpg
6926564,https://recipe1.ezmember.co.kr/cache/recipe/2020/02/13/8f651a2cfcf281868a515230768400cf1_f.jpg
6921349,https://recipe1.ezmember.co.kr/cache/recipe/2019/10/29/744e41814694043058bebe22adb3ec5e1_f.jpg
6876917,https://recipe1.ezmember.co.kr/cache/recipe/2017/09/22/0ecd449d6c7be0220b271e356303a18c1_f.jpg
6920366,https://recipe1.ezmember.co.kr/cache/recipe/2019/10/09/7f8ee9f759dd1684cc2647fbea46cfc81_f.jpg
6959726,https://recipe1.ezmember.co.kr/cache/recipe/2021/06/03/d3af187341fb4c7277c5a8af339879681_f.jpg
6829813,https://recipe1.ezmember.co.kr/cache/recipe/2015/09/04/b456f14eb3ead6bd534a1f85840d63df1_f.jpg
6910369,https://recipe1.ezmember.co.kr/cache/recipe/2019/04/12/949da7ea381cc3c073c79872697e72151_f.jpg
6934105,https://recipe1.ezmember.co.kr/cache/recipe/2020/05/13/b765b94192c32c83cf151397816e13fc1_f.jpg
6996513,https://recipe1.ezmember.co.kr/cache/recipe/2023/02/06/9c47049db10305d09bf92f22e6e3e5601_f.jpg
6885257,https://recipe1.ezmember.co.kr/cache/recipe/2018/03/11/8aa1d7aa3f6d70d60ece2c12e74688981_f.jpg
6917466,https://recipe1.ezmember.co.kr/cache/recipe/2019/08/14/6d8145ceed3f1dd9945b342a7f98e86e1_f.jpg
6910366,https://recipe1.ezmember.co.kr/cache/recipe/2019/04/06/7c6bd5e80c5dbceca4e6628fa6e0e21c1_f.jpg
5793135,https://recipe1.ezmember.co.kr/cache/recipe/2015/08/10/041aa182e1045bcda77ad66a5097ee5b1_f.jpg
6996527,https://recipe1.ezmember.co.kr/cache/recipe/2023/02/06/e259fdb374e61765257019dc17c09e8f1_f.jpg
6905701,https://recipe1.ezmember.co.kr/cache/recipe/2019/02/01/86022318f8d4ddfe2416d19ce4edd3881_f.jpg
6924289,https://recipe1.ezmember.co.kr/cache/recipe/2019/12/31/95c1b32871b09a20e87fec20f7ff57b11_f.jpg
6885362,https://recipe1.ezmember.co.kr/cache/recipe/2018/03/13/0e0edadbb861112b6f2d03078420155a1_f.jpg
6876575,https://recipe1.ezmember.co.kr/cache/recipe/2017/09/16/20c2f377476cbea85a890b82a6a3d2f51_f.jpg
6897565,https://recipe1.ezmember.co.kr/cache/recipe/2018/10/11/39f662ba63f0e50d0aa900b7e9860c261_f.jpg
6917173,https://recipe1.ezmember.co.kr/cache/recipe/2019/08/08/7b3f8f1b112a7f8cff60c7bb100315ba1_f.jpg
6866832,https://recipe1.ezmember.co.kr/cache/recipe/2017/03/14/dd3164dd451b263c0c902011a918a3531_f.jpg
6932026,https://recipe1.ezmember.co.kr/cache/recipe/2020/05/04/28c88b3b81d729fcab76e7ae7da5ac861_f.jpg
6956990,https://recipe1.ezmember.co.kr/cache/recipe/2021/04/17/95e74fbe2b36d7f67cfb75b85900961f1_f.jpg
6829906,https://recipe1.ezmember.co.kr/cache/recipe/2015/07/07/3958b237504d644f96e4ce62e216d7a61_f.jpg
6911354,https://recipe1.ezmember.co.kr/cache/recipe/2019/04/30/a8372f05c07a9dfeeb1530586e8c42141_f.jpg
6891886,https://recipe1.ezmember.co.kr/cache/recipe/2018/07/03/ac851937581c1b872b9958b58deb323f1_f.png
4518052,https://recipe1.ezmember.co.kr/cache/recipe/2015/06/24/7344194f0685ecd265104f83695f2317_f.jpg
6912113,https://recipe1.ezmember.co.kr/cache/recipe/2019/05/14/514e6e9469faa62c8804367477a9a6881_f.jpg
6892943,https://recipe1.ezmember.co.kr/cache/recipe/2018/07/23/e5115d2781b7504558233d8b8f01b6b91_f.jpg
6914350,https://recipe1.ezmember.co.kr/cache/recipe/2019/06/20/ac7daaec7808e1a772ffae7ff67d933c1_f.jpg
6968767,https://recipe1.ezmember.co.kr/cache/recipe/2021/11/12/e2fe2956dd35503f926584a4c35956e11_f.jpg
6930644,https://recipe1.ezmember.co.kr/cache/recipe/2020/04/14/5cea52f0b80196478ec743251e40b9dc1_f.jpg
6921994,https://recipe1.ezmember.co.kr/cache/recipe/2019/11/12/250ff470a13a4e1d34e57843f86536531_f.jpg
6933780,https://recipe1.ezmember.co.kr/cache/recipe/2020/06/04/76870282df3dc882a55b5869f6f18f5a1_f.jpg
7015751,https://recipe1.ezmember.co.kr/cache/recipe/2023/12/14/f34b9abbd69204c46623457b49e495ba1_f.jpg
6910856,https://recipe1.ezmember.co.kr/cache/recipe/2019/04/21/9cfa19b93a0a5908341c74e3ccbcbbd01_f.jpg
6867906,https://recipe1.ezmember.co.kr/cache/recipe/2017/04/04/a0d9fd3dbe7c6fc526b2830dad5a09101_f.jpg
6854131,https://recipe1.ezmember.co.kr/cache/recipe/2016/08/05/f18f0ae5ceabe7429adc6e62fce9856c1_f.jpg
6904619,https://recipe1.ezmember.co.kr/cache/recipe/2019/01/17/117b05ae5e777da4c59e60d88da715ad1_f.jpg
7078567,https://recipe1.ezmember.co.kr/cache/recipe/2026/06/29/6b8e3873b2cc2b350117167a995497861_f.jpg
6838315,https://recipe1.ezmember.co.kr/cache/recipe/2015/11/18/12b127858b95a9e5517f25541e8bc1b41_f.jpg
6854714,https://recipe1.ezmember.co.kr/cache/recipe/2016/08/16/54694dff579925da9f1acc87bda357761_f.jpg
6839041,https://recipe1.ezmember.co.kr/cache/recipe/2015/12/02/a3b5cc4c28cdc54351e65ea6937bfe281_f.jpg
6984790,https://recipe1.ezmember.co.kr/cache/recipe/2022/08/04/d81c6a1f0935c1e6de90490b92bc5d5d1_f.jpg
6955031,https://recipe1.ezmember.co.kr/cache/recipe/2021/03/11/1420222dc2de5fdbd5e3cf3bd18bdf7e1_f.jpg
1146710,https://recipe1.ezmember.co.kr/cache/recipe/2015/06/09/35d60b05edb54118229cc0db07a97c99_f.jpg
6907256,https://recipe1.ezmember.co.kr/cache/recipe/2019/02/25/a156ff9dfb6b97faec18d101e4aa4ba81_f.jpg
6914871,https://recipe1.ezmember.co.kr/cache/recipe/2019/06/28/ce2f4f35c3d64c435f4e339061624cff1_f.jpg
6713372,https://recipe1.ezmember.co.kr/cache/recipe/2015/05/07/3b719b8b8e362d007d8bedbb8bf688501_f.jpg
7024813,https://recipe1.ezmember.co.kr/cache/recipe/2024/04/19/6f3302b599b7517374ab2a886ae57f3f1_f.jpg
6888423,https://recipe1.ezmember.co.kr/cache/recipe/2018/05/02/83debbf9e88fa15543cc5a63c896fff31_f.jpg
7002098,https://recipe1.ezmember.co.kr/cache/recipe/2023/05/12/b29f4932586b860a7774ca341def11db1_f.jpg
6682983,https://recipe1.ezmember.co.kr/cache/recipe/2015/04/17/1cad26a224fdbd327c929bc2dcff2c731_f.jpg
6893013,https://recipe1.ezmember.co.kr/cache/recipe/2018/07/24/bcc064f06f550003a6ba31d34d46c83e1_f.JPG
